COCONUT_ID,SMILES,Molecular_Weight,NP_Likeness,QED_Score,Synthetic_Accessibility
CNP0548434.1,CC[C@H]1CN2CCC3(C(O)=NC4=CC=CC=C43)[C@@H]2C[C@@H]1/C(=C\OC)C(=O)O,370.4490000000002,1.8742134694500443,0.6278973983401078,4.933669281676078
CNP0216368.1,C=C1CC[C@H]2C(C)(C)C(=O)CC[C@]2(C)[C@H]1/C=C/C1=CCOC1=O,314.42500000000007,3.754385082522053,0.5712890074466254,4.392422837889474
CNP0510401.1,CCCCC/C=C\C/C=C\C/C=C\CCCCCCC(=O)OC[C@H](COC(=O)CCCCCCCCCCCCCCCCCCCCCCC)OC(=O)CCCCCCCCCCCCCC,955.5879999999986,0.4420058577948754,0.026154157825226,3.654218522017624
CNP0318624.0,CCC1=C(C)C2=CC=C(OCC(=O)NC(CC3=CNC4=CC=C(O)C=C34)C(=O)O)C(C)=C2OC1=O,478.5010000000002,-0.1954434504538285,0.2845636900150556,3.0790988149140786
CNP0209118.1,COC1=CC(OC)=C2C(=O)[C@@]3(OC2=C1Cl)C(=O)C1=C(C[C@H]3C)NC2=C(C(=O)N(C)C(=O)N2C)C1C1=CC(OC)=C2OCOC2=C1,638.0290000000002,0.4183613092263443,0.4215115738970626,4.883821201727202
CNP0277753.2,CC(=O)C1=CC=C2O[C@@](C)(CO)C=CC2=C1,218.25199999999998,2.0909757539485376,0.7726032301857924,3.1247102875264314
CNP0472831.1,O=C1C=C2OC3=CC(O)=CC(O)=C3C[C@H]2C=C1O,246.218,1.9212173425873889,0.6462252189952437,3.9518317276805046
CNP0225867.7,C[C@@H]1O[C@@H](OC2=CC(O)=C3C(=O)C(O[C@@H]4O[C@H](C)[C@@H](O)[C@@H](O)[C@@H]4O)=C(C4=CC=C(O)C(O)=C4)OC3=C2)[C@H](O)[C@@H](O)[C@H]1O,594.5220000000004,1.6445959018072906,0.1605475050147704,4.748380461405196
CNP0363248.4,CN1C(=O)[C@]2(CCN[C@@H]2C2=CC=CC=C2)C2=CC=CC=C21,278.3550000000001,0.5065646244686667,0.8694611402710171,3.5057072685043518
CNP0191686.1,CC(=O)O[C@@H]1[C@H]2[C@@H](OC(C)=O)[C@@](C)(OC(C)=O)C[C@@]2(OC(C)=O)C(=O)/C(C)=C/[C@@H]2[C@H](CC[C@@]13CO3)C2(C)C,534.6020000000003,2.3453608520596627,0.3009168875721128,5.977904967949222
CNP0386191.2,COC(=O)C1=C(N)OC2=C(C(=O)N(CC3=CC=CO3)C(C)=C2)[C@H]1C1=CC=CC=C1OC,422.4370000000002,-1.116278012822233,0.6302636798802786,3.0216131405695013
CNP0268757.1,C=C(CC[C@@H](C)[C@H]1CC[C@H]2[C@@H]3CC=C4C[C@@H](O)CC[C@]4(C)[C@H]3CC[C@]12C)C(C)(C)C,412.7020000000003,2.6273576361686874,0.4644648122436066,4.47765878314386
CNP0299467.1,CC1=CC(=O)[C@@H]2C3=CC4=CC=C([C@H]5C[C@@H](O)[C@H](O[C@H]6C[C@@H](O[C@H]7CC[C@H](O)[C@H](C)O7)[C@H](O)[C@@H](C)O6)[C@@H](C)O5)C(O)=C4C(O)=C3C(=O)C[C@]2(O)C1,698.7620000000002,1.9795753442717137,0.2665043581677696,5.84345124933949
CNP0482650.1,CCCCC/C=C\C/C=C\CCCCCCCC(=O)OC[C@H](COP(=O)(O)OCC(O)COP(=O)(O)OC[C@@H](COC(=O)CCCCCCCCCCCCCCC)OC(=O)CCCCCCCCCCCCCCC)OC(=O)CCCCCCCCCCCCCCCCCCC,1433.9999999999995,0.4601711403615563,0.0168678120944807,5.511377630918496
CNP0413507.1,C=C(C)COC1=CC=CC(C2C3=C(C[C@@H](C)[C@]4(OC5=C(Cl)C(OC)=CC(OC)=C5C4=O)C3=O)NC3=C2C(=O)N(C)C(=O)N3C)=C1,634.0850000000002,0.0508502537918556,0.3146644387442484,4.828274121899083
CNP0203778.1,C[C@@]12C[C@@]3(O)O[C@@H](O1)[C@]1(COC(=O)C4=CC(O)=C(O)C(O)=C4)[C@H]3CC12O[C@@H]1O[C@H](CO)[C@@H](O)[C@H](O)[C@H]1O,528.4630000000002,2.423804679207997,0.1443618934420854,6.453724547102942
CNP0407165.1,COC1=CC=C(CNCC[C@H](C2=CC=CO2)C2=CC=CC=C2OC)C=C1OC,381.47200000000015,-0.7063574689723392,0.5195877914318975,2.618035401906809
CNP0175298.2,C=C1C(=O)O[C@H]2/C=C(/C)C3=CC(=O)[C@](C)(O3)[C@H](O)[C@@H](OC(=O)CC(C)C)[C@@H]12,376.40500000000014,2.814445127383581,0.5899321710209556,5.850937116746573
CNP0342090.0,C=C(C)CC1=C(OCC=CC2=CC=CC=C2)C=CC2=C1C1=CC=NC3=C1N2C(=O)C1=C(OC)C(OC)=CC=C13,516.5970000000003,0.1785903593426103,0.1640974534648041,3.057237979302066
CNP0098075.1,CC(C)=CCC1=CC([C@@H]2CC(=O)C3=CC=C(O)C(CC=C(C)C)=C3O2)=CC2=C1O[C@H](C(C)(C)O)[C@H]2O,492.61200000000025,2.384193354752022,0.4490620914274772,4.416859797612851
CNP0393274.0,C=C(C)CC1=C(OC)C=CC2=C1C1=CC=NC3=C1N2C(=O)C1=CC=CC=C13,354.4090000000001,-0.1110428442149,0.3477830795340315,2.6890344533465136
CNP0266090.1,CC1(C)CC[C@]2(C)CC=C3[C@@H](CC[C@@H]4[C@@]5(C)CCC(=O)C(C)(C)[C@@H]5CC[C@@]34C)[C@@H]2C1,410.68600000000026,3.3641379080305738,0.3697895635924916,4.668749099154804
CNP0047711.0,CC(=NOCON=C(C)C1=CC=CC=C1)C1=CC=CC=C1,282.343,-0.3590928763056142,0.3496436230484689,2.266995701138349
CNP0219032.0,CCCCCCC=CCCCCCCCCCC(=O)OC1C(OC(=O)C(C)=CC=CC(C)=CC=CC(C)=CC=CC=C(C)C=CC=C(C)C=CC=C(C)C(=O)O)OC(CO)C(O)C1O,887.2080000000003,1.4213389497330515,0.0179705824061625,5.415384523500599
CNP0562946.2,CCCCCCCCCCCCCCCC(=O)OC[C@H](COC(=O)CCC)OC(=O)CCCCCCCCC,554.8530000000004,0.3877011117771418,0.0520341250836913,2.7567048369960805
CNP0404107.1,COC(=O)C1=C(CC(C)C)SC(NC(=O)[C@@H](NC2=CC=C3C(=CC2=O)[C@@H](NC(C)=O)CCC2=CC(OC)=C(OC)C(OC)=C23)C(C)C)=N1,680.8240000000002,-0.136554011137502,0.2125745801781909,3.970274885224828
CNP0177142.2,C/C=C(\Cl)C1=CC(=O)[C@@]23C[C@@H]2C(C)(C)O[C@@]3(O)C1=O,282.723,2.1030482899175897,0.7951754087735383,5.406420925513362
CNP0280768.0,CN(C)CCCNC(=O)CCNC1=NC=NC2=C1N=CN2,291.359,-1.3025808647022623,0.6019149739955397,2.575779005047554
CNP0342650.2,CC[C@@H]1C[C@@]23OC(=O)C(=C2O)OC(=O)[C@]2(C)[C@H](CCCC[C@]3(C)C=C1C(=O)O)C(C)=C[C@@H]1[C@@H](OC3OC(C)C(OC(=O)C4=C(C)C=CC=C4OC)C(OC4CC(O)C(OC)C(C)O4)C3O)[C@@H](O)CC[C@H]12,983.1140000000003,1.7829432725552607,0.1100070778614624,5.957282077484488
CNP0590959.0,CC(C)OC1=CC=CC=C1O,152.19299999999998,0.0108662709575363,0.7033715320318145,1.648724951681846
CNP0157549.1,CC#CC#CC#C/C=C/[C@H](O)CCCCO,216.27999999999992,3.003309886342949,0.5333918209772351,4.05068231549846
CNP0331048.2,CC(C)(O)[C@H](CO)C[C@@H](O)[C@](C)(O)C1CC[C@@]2(O)C3=CC(=O)[C@@H]4C[C@@H](O)[C@@H](O)C[C@]4(C)C3CC[C@]12C,510.66800000000035,3.572834687191841,0.2795133310981825,5.396774381318718
CNP0240882.1,COC(=O)C1=C[C@@]2(C)CC[C@@H]3[C@@H](C)C[C@H](OC(C)=O)[C@@]32[C@@H]1C,306.40200000000004,2.8260953660606685,0.7356149633726694,5.113954092376181
CNP0094207.1,CC[C@H](/C=C1\OC(=O)C2=C[C@@H]3CC[C@@]21[C@H]1C2=C(CC[C@@H]31)/C(=C/CCC1CCNCC1)OC2=O)CC1=CC=CC=C1,539.7160000000005,2.869795359091232,0.3969217060281402,6.160389904007292
CNP0504487.0,CCOC(=O)C1=CC2=CC=C(O)C=C2OC1=O,234.20699999999997,0.1406399886179999,0.6314236050936192,2.016613554017315
CNP0303309.1,C/C=C(\C)[C@H](O)[C@H](C)/C=C(C)/C=C/C/C(C)=C/CC1=C(C)C(=O)C(CC)=C(OC)O1,414.58600000000024,2.496023689623064,0.3844848336022083,4.448569231580801
CNP0214087.1,C[C@@H]1CC[C@@H](C(C)(C)O)[C@H]2C=C(C(=O)O)CC[C@H]21,252.35399999999996,2.138154742557066,0.7941962671008992,4.143936393534094
CNP0435254.1,CC(=O)O[C@H]1C/C(C)=C/[C@H](O)C[C@@H](C)/C=C/[C@@]2(C)CC[C@@H](C(C)(C)OC(C)=O)[C@H]12,406.5630000000003,2.9578023224951795,0.5482842276640901,5.210940902989796
CNP0253167.0,CC1(C)CCCC2(C)C1CCC1(C)OC3=CC(=O)OC(O)C3=CC12,332.44,3.340727239427046,0.6872520782157445,4.82694222759814
CNP0311905.2,COC1=CC=C2C(C)=C(CCC(=O)N[C@H]3CCOC(C)(C)C3)C(=O)OC2=C1C,387.47600000000017,-0.2738372182302249,0.795598098276356,3.0537891370605426
CNP0438147.1,CC(=O)O[C@@H]1C[C@]2(C)C3CC[C@@]4(C)C(CC[C@@H]4[C@H](C)[C@@H]4O[C@H]4[C@@H](C)C(C)C)C3=CCC2[C@H](OS(=O)(=O)[O-])[C@H]1O.[Na+],590.7550000000003,2.7100559079234783,0.1184805553088883,5.65749009201283
CNP0079226.2,CC[C@H](C)C(=O)[C@@]12C(=O)C(CC=C(C)C)=C3O[C@H](C(C)(C)O)C[C@]3(C[C@H](CC=C(C)C)[C@@]1(C)CCC=C(C)C)C2=O,566.8230000000004,2.8103634506043385,0.2022547295498007,6.510004691779156
CNP0583070.2,CC[C@@H](C)[C@]12OC3=CC(C4=C(O)C(=O)C(C5=CC=C(O)C=C5)=C(O)C4=O)=CC=C3O[N@@+]1([O-])C(O)=C([C@@H](C)CC)N(O)C2=O,594.5730000000001,1.3490384699677749,0.1362994994289369,4.911947002319248
CNP0188607.1,C[C@@]12CCC[C@@](C)(C(=O)O)[C@H]1CC[C@@]13C[C@@H](CC[C@H]12)[C@](C)(O)C3,320.473,3.131417773136574,0.7597114642501475,5.551728739010361
CNP0242685.1,C=C(C)C(O)CC[C@](C)(O[C@@H]1O[C@H](C)[C@H](O)[C@H](O)[C@H]1O)[C@H]1CCC(=C)[C@@H](O)C1,400.5120000000002,2.6806647148019764,0.4048739529711148,5.085658896014015
CNP0246462.5,CC[C@H]1CN2CCC3=C(NC4=CC=CC=C34)[C@H]2C[C@@H]1/C(=C\OC)C(=O)OC,368.47700000000015,1.4362086198404147,0.5064131480627793,3.858637398382034
CNP0354386.0,C=C1CCC2C(C)C(=O)OC2C2C(=C)C(OC(=O)C(C)=CC)CC12,330.4240000000001,3.338419037991892,0.4410289072626203,4.735279794305617
CNP0233780.2,CC1=CC[C@@H]2C(C)(C)CCC[C@@]2(C)[C@@H]1CC[C@](C)(O)[C@H](O)CO,324.505,3.092678620926565,0.6762675036563587,4.445799133530254
CNP0304467.1,C[C@]12CN3C[C@](C)(CN(C1)C3(CO)C1CCCCC1)C2=O,292.423,0.6101554545743286,0.8371525588364058,4.605246155770959
CNP0452014.0,CCCCCC(=O)CC(=O)C=CC1=CC(OC)=C(O)C(N2C=C3N=CC=C3C2=C2CCCCC2)=C1,474.60100000000034,1.6163487606798117,0.3009473271227277,3.5552457550970207
CNP0100720.0,CCOCC=CC1=CC=C(O)C(OC)=C1,208.25699999999998,0.9594294959877598,0.7552532291255244,2.156566085836884
CNP0143655.0,CC#CC#CC#CC1=CC(Cl)=CC=C1O,214.65099999999998,1.1737313091536068,0.6580493572858277,3.1648496023204
CNP0602963.2,CCCCCCCCCCCCCCCCCCCC(=O)O[C@@H](COC(=O)CCCCCCCCCCCCCCCCC)COC(=O)CCCCCCCCCCCCCCCCC(C)C,947.6089999999988,0.2590936703723138,0.0343339183672051,3.360828869034939
CNP0508317.1,CCCCCCCCCCCCCCCCCCCCCC(=O)OC[C@H](COC(=O)CCCCCCCCCCCCCCC(C)C)OC(=O)CCCCCCCCCCC(C)C,891.5009999999992,0.2755440621419845,0.0343857688799165,3.291253424610354
CNP0123441.1,C=C1[C@@H]2[C@H]3OC(=O)[C@@H](O)[C@@H]3[C@@H](O)CC(=C)[C@@H]2C[C@@H]1O,266.29299999999995,3.285755612638221,0.4160490338265701,5.053017884789379
CNP0397695.1,CCCCCCCCCCCCCCCCCCC(CCCCCCCCCCCCCCC(C)C)O[C@@H]1O[C@@H](CO)[C@H](OC2O[C@@H](CO)[C@@H](O)[C@H](O)[C@@H]2O)[C@H](O)[C@@H]1O,847.2690000000009,1.0045211930604865,0.0295689061380841,4.801114375112327
CNP0046992.0,COC1=CC(C=C2OC3=CC(OCC#N)=CC=C3C2=O)=CC(OC)=C1OC,367.35700000000014,-0.4620105268844257,0.7244738038759834,2.423520091392678
CNP0139451.4,CC(C)=CCC/C(C)=C/C[C@@H](O)/C(C)=C\CC[C@@]1(C)[C@H](CCCO)/C(=C(/C)C=O)CC[C@]1(C)O,474.72600000000034,3.328202390246248,0.1593570411688226,4.877853676617775
CNP0542321.1,CC(=O)C[C@]1(O)C[C@@]23CCC4[C@@](C)(CCC[C@@]4(C)C(=O)O)C2CC[C@@H]1C3,362.5100000000001,2.930310628133662,0.7891130255319627,5.721121473608839
CNP0351798.1,CCOC(=O)[C@H](CO)NC(=O)C1=CC=CC(O)=C1O,269.253,-0.0697121384561315,0.4325348557954606,2.512382783674644
CNP0179997.1,N[C@@H](CC1=CC=C(O)C(O)=C1)C(=O)N[C@@H](CC1=CC=C(O)C(O)=C1)C(=O)NCC(=O)N1CCC[C@H]1C(=O)N/C=C/C1=CC=C(O)C(O)=C1,663.6840000000003,0.0611297849691354,0.1187864709495832,4.02454783540419
CNP0130195.0,COC1=CC2=C(C=C1C=CC(=O)O)OC=C2,218.208,0.8337972358239812,0.8039935513107048,2.3961946291944862
CNP0235436.0,COC1=CC(O)=C2C(=O)C(C)=C(O)C(=O)C2=C1OC,264.23299999999995,1.684494092166237,0.8426724317851534,2.566981866601441
CNP0199364.5,CC[C@H](C)/C=C(C)\C=C\C1=CC2=CC(=O)[C@](C)(O)[C@H](O)[C@H]2CO1,318.413,2.936964503140726,0.7822050030859463,4.92736002711651
CNP0323460.1,COC(=O)[C@H]1O[C@@H](O[C@H]2C[C@@H](O)[C@]3(C)[C@H]4C=CC5=C6CC(C)(C)C[C@@H](O)[C@]6(C)CC[C@@]5(C)[C@]4(C)CC[C@H]3C2(C)C)[C@H](O[C@@H]2OC[C@@H](O)[C@H](O)[C@H]2O)[C@@H](O)[C@@H]1O,778.9770000000008,2.6632435546590782,0.1586409177153193,6.135385266698581
CNP0175743.1,COC1=CC(/C=C/COC(C)=O)=CC=C1O[C@H](COC(C)=O)[C@@H]1O[C@@H](C2=C[C@@H](OC)[C@H](OC(C)=O)C=C2)[C@@H](COC(C)=O)C2=C[C@H](OC)[C@@H](OC(C)=O)C=C21,768.8090000000002,1.2194723232446496,0.1752126944936839,5.61610789751028
CNP0300813.2,CC(C)=CCC[C@](C)(O[C@H]1O[C@@H](CO[C@H]2O[C@@H](C)[C@H](O)[C@@H](O)[C@@H]2O)[C@H](O)[C@@H](O)[C@@H]1O)[C@@H]1CC[C@]2(C)[C@H]1[C@@H](O)C[C@H]1[C@@]3(C)CC[C@H](O[C@H]4O[C@@H](CO[C@H]5O[C@@H](C)[C@H](O)[C@@H](O)[C@@H]5O)[C@H](O)[C@@H](O)[C@@H]4O)C(C)(C)[C@@H]3CC[C@@]12C,1077.3090000000004,1.9472947500537097,0.0794851459437166,6.838910042310673
CNP0388652.1,CC(C)[C@H](NC(=O)C1=CC=CC2=C1C1=CC=CC=C1C2=O)C(=O)NCC(=O)O,380.40000000000015,-0.2873405726886392,0.6041274060086432,2.591663862335267
CNP0171889.0,CCOC1=CC=CC=C1NCC1=CC(=O)OC2=CC(C)=C(O)C=C12,325.36400000000003,-0.5816871382183165,0.6978545927239299,2.1950812202796115
CNP0332611.0,COC(=O)CC1C2(C)CC3(O)C(O)(C2OC(C)=O)C(OC(C)=O)C2(O)C4CC(=O)OC(C5=COC=C5)C4(C)C(OC(C)=O)C(OC(C)=O)C2(O)C13COC(C)=O,794.7560000000002,1.907660224740788,0.1847588845702215,6.831574060512319
CNP0596644.0,CCOP(=O)(OCC)C1(C)C(COC(=O)NCCCNC(=O)CCCCC2SCC3NC(=O)NC32)CC=[N+]1[O-],591.6680000000003,-0.0031177284297589,0.0692393091011501,4.919647744426472
CNP0210489.0,COC1=CC=CC(C2=NC(C(=O)NCC(O)C3=CC=CC=C3)=CC3=C2NC2=CC=CC=C23)=C1OC,467.5250000000002,-0.1621093384225857,0.31756859588293,2.8739511778823346
CNP0120897.0,C=C(C)COC1=CC=C2C(CC3=CC=CC=C3)=NOC2=C1,279.339,-0.9673268194903188,0.6503059738161895,2.1798284880235936
CNP0119758.1,CCCCC[C@@H]1CCCCCCCCCCCC(=O)O[C@H]2[C@H](O1)O[C@H](CO)[C@@H](OC(C)=O)[C@@H]2OC(C)=O,528.6830000000002,1.5723868866899784,0.2836668524515128,4.535195230706725
CNP0318237.1,C[C@@H]1[C@H](O)C[C@@]23COC(=O)C2=CC[C@H](O)[C@@H]3[C@@]1(C)CCC1=COC=C1,346.4230000000001,2.9398841238731195,0.8220870233081387,5.411025659203654
CNP0508652.0,O=C(O)C1=CC=CC(NN=C(C2=CC=CC=C2)C2=CC=C([N+](=O)[O-])C=C2)=C1,361.3570000000001,-1.0476441361679965,0.389612336189347,2.074214872926932
CNP0123695.1,C[C@@H]1O[C@@H](OC[C@H]2O[C@@H](OC3=CC4=C(C=CC(=O)O4)C=C3O)[C@H](O)[C@@H](OC(=O)/C=C/C3=CC=C(O)C=C3)[C@@H]2O)[C@H](O)[C@H](O)[C@H]1O,632.5710000000005,1.9276466283678224,0.0941762168161332,4.782624310354461
CNP0274545.5,C#C[C@@]1(O)CC[C@@H]2[C@@H]3CCC4=C/C(=N/OCC(=O)N[C@@H](C(=O)N[C@@H](C(=O)O)[C@@H](C)O)C(C)C)CC[C@]4(C)[C@@H]3CC[C@@]21C,585.7420000000001,0.5994662838847401,0.2056578894600398,4.849286541064657
CNP0597280.0,COC(=O)C1CC2=CC(=O)CCC2(C)C23OC2CC2(C)C(CCC2(O)CCC(=O)O)C13,432.51300000000026,2.1610105602465257,0.5185089905844714,5.228399932387971
CNP0111322.1,C=C(C)C(=O)O[C@H]1[C@@H]2C(=C)C(=O)O[C@H]2/C=C(/C)C(=O)O[C@H](C)[C@@](C)(O)[C@@H]1O,380.3930000000001,2.7449466089329344,0.4054991203805447,5.222614450799098
CNP0026754.2,COC1=CC=C([C@H]2CC(C3=CC=C4C=CC=CC4=C3)=NN2C2=CC=CC=C2)C=C1,378.4750000000001,-0.952211599273738,0.4219986092474315,2.456897867216972
CNP0188301.0,O=CC1=CC=C2C=NNN12,135.12599999999998,-0.8077573266722,0.5777902469341389,3.756515520521667
CNP0529990.2,C/C=C(/C)[C@H](O)[C@@H](C)/C=C(C)/C=C/C/C(C)=C/CC1=NC(OC)=C(OC)C(O)=C1C,415.5740000000002,1.902784233384026,0.3922389642244622,4.348444231580801
CNP0345851.2,COC1=C2OCC3=CC=NC=C3C(=O)OC[C@]34[C@H](OC(=O)C(C)(C)OC(C)=O)[C@H](OC(=O)C(=C1)C=C2OC)[C@@H]1[C@@H](OC(C)=O)[C@@]32O[C@@]1(C)COC(=O)C1=CC=CN=C1/C=C\[C@@H](C)C(=O)O[C@@H]([C@H](OC(C)=O)[C@@H]4OC(C)=O)[C@]2(C)O,1103.0489999999998,1.2819143080540012,0.2500310237715321,8.067119116645829
CNP0071984.1,CC1(C)C=CC2=CC3=C(C=C2O1)N=C1C(C)(C)[C@@H]2C[C@@]45CCCN4C(=O)[C@]2(C[C@]13O)NC5=O,447.5350000000003,2.25949677420979,0.6399101208303124,6.420201181528529
CNP0495269.2,CCCCCCCCCCCCCCCCCCC(=O)O[C@@H](COC(=O)CCCCCCCCCCCCCCCCCCCCC(C)C)COC(=O)CCCCCCCCCCCCC(C)C,961.6359999999988,0.2552834693374268,0.0343271015739186,3.407661573283973
CNP0235975.2,CC#CC[C@@H](C)[C@H]1CC[C@@H]2[C@H]3CC=C4C[C@@H](O)CC[C@]4(C)[C@@H]3CC[C@@]21C,354.5780000000002,2.818567660161715,0.4778472928916844,4.449876968286919
CNP0351449.1,C/C=C(\C)C(=O)O[C@@H](C)[C@H]1CC[C@]2(O)[C@@H]3CC=C4C[C@@H](O[C@H]5C[C@H](OC)[C@@H](O[C@H]6C[C@H](OC)[C@@H](O[C@H]7C[C@@H](OC)[C@H](O[C@H]8O[C@H](CO)[C@@H](O)[C@H](O)[C@H]8O)[C@@H](C)O7)[C@@H](C)O6)[C@@H](C)O5)CC[C@]4(C)[C@H]3C[C@@H](O)[C@]12C,1027.2520000000002,2.141647369836593,0.0782176579932635,6.812530053291656
CNP0016657.2,CC(C)CN1C[C@@H]2C[C@@H](O)CN2C2(C1)CN(CC1=NC=CS1)C2,336.505,-0.8599070424794087,0.8920176646867602,4.367752746877814
CNP0416526.1,CCOC(=O)[C@@H]1CC2=C(O[C@@H]3O[C@H](CO)[C@@H](O)[C@H](O)[C@H]3O)C(OC)=C3OC=C4C3=C2[C@@H](C1)C[C@H]1C(=O)NC[C@H]41,547.5570000000002,1.9851811204690564,0.3091414028871292,5.07511482046549
CNP0269305.7,C[C@H]1O[C@@H](OC2=CC=C(C3=CC(=O)C4=C(O)C=C(O[C@H]5O[C@@H](CO)[C@H](O)[C@@H](O)[C@@H]5O)C=C4O3)C=C2)[C@H](O)[C@H](O)[C@H]1O,578.5230000000004,1.6557636641051925,0.1674018572039598,4.566575589175913
CNP0100360.1,COC1=CC=C(CNC(=O)C[C@@H]2O[C@H](CNCC3=CC=CC=N3)[C@@H](O)[C@H]2O)C=C1,401.463,-0.6523320691669929,0.4803350467437648,3.3494843714545093
CNP0290030.9,O=C(CCC1=CC=C(O)C=C1)C1=C(O)C=C(O)C=C1O[C@@H]1O[C@@H](CO)[C@@H](O)[C@@H](O)[C@H]1O,436.4130000000001,1.801556442746664,0.2875638076723092,3.784671136260293
CNP0155749.3,CC(=O)O[C@@H]1[C@@H](O[C@@H]2O[C@@H](C)[C@H](O)[C@@H](O)[C@H]2O)[C@H](O[C@H]2CC[C@]34C[C@]35CC[C@]3(C)[C@@H]([C@@]6(C)CC[C@@H](C(C)(C)O[C@@H]7O[C@H](CO)[C@@H](O)[C@H](O)[C@H]7O)O6)[C@@H](O)C[C@@]3(C)[C@@H]5C[C@H](O)[C@H]4C2(C)C)OC[C@H]1O,973.1600000000007,2.7289193698270493,0.1029705665523168,7.376200537080268
CNP0179649.0,COC1=CC=C2C(C)=C(C3=CC=C4OCCOC4=C3)C(=O)OC2=C1,324.33200000000005,-0.1509935634689332,0.674802841836485,2.2092709310803187
CNP0199058.0,COC(=O)C1=C(C)OC2=CC(Br)=C(OCC(=O)C3=CC=C(Cl)C=C3)C=C12,437.6730000000002,-0.9465815747211308,0.4050511312051885,2.2541833356175065
CNP0571938.0,COC1=CC=C(C2=NN3C=CN(CC(=O)NCCC4=CC=CC=C4)C(=O)C3=C2)C=C1,402.4540000000001,-1.5749267343491733,0.5153625848131259,2.228364218414585
CNP0480707.2,CCCCCCCCCCCCCCCCCCCCC(=O)OC[C@@H](COC(=O)CCCCCCCCC)OC(=O)CCCCCCCCCCCCC(C)C,793.3119999999996,0.3099870699097326,0.0347065357344585,3.11673852358752
CNP0315395.1,COC1=CC=CC(CN2CCN3C(=O)N(CC4=CC=CC=N4)C[C@H]3C2)=C1,352.43800000000005,-1.5761113598135692,0.8278645431867491,2.773214746617839
CNP0511714.2,O=C1OC[C@]2(O)OC(=O)C3=CC(O)=C(O)C(O)=C3C3=C(O)C(O)=C(O)C4=C3C(=O)O[C@H]([C@@H]3OC(=O)C5=C4C(O)=C(O)C(O)=C5[C@@H]3C3=C(O)C(O)=C(O)C4=C3C(=O)OC[C@@H]3OC(=O)C5=CC(O)=C(O)C(O)=C5C5=C6C(=O)O[C@H]([C@H]7OC(=O)C8=C(C(O)=C(O)C(O)=C8C6=C(O)C(O)=C5O)[C@@H]7[C@@]5(O)OC[C@H](O)[C@@H](O)[C@@H]5O)[C@@H]3OC(=O)C3=CC(O)=C(O)C(O)=C34)[C@@H]2OC(=O)C2=CC(O)=C(O)C(O)=C2C2=C1C=C(O)C(O)=C2O,1999.365000000001,0.7288883367474592,0.0625151438463218,9.081860037737847
CNP0178432.2,C[C@@H]1CC[C@]2(OC1)O[C@@H]1C[C@@H]3[C@H]4CC=C5C[C@@H](O[C@H]6O[C@@H](CO)[C@H](O[C@H]7O[C@@H](CO)[C@H](O)[C@@H](O[C@H]8OC[C@H](O)[C@@H](O)[C@@H]8O)[C@@H]7O[C@H]7O[C@@H](CO)[C@H](O)[C@@H](O)[C@@H]7O)[C@@H](O)[C@@H]6O)CC[C@]5(C)[C@@H]4CC[C@@]3(C)[C@@H]1[C@H]2C,1033.1680000000001,2.1862797794111906,0.0964411514246027,7.142741698167004
CNP0018024.0,CNC1=CC=C(NCCCCNC2=CC=C(NC)C=C2)C=C1,298.434,-0.3625208735757682,0.5270288185491127,1.8732699904385357
CNP0160797.4,COC1=C2CN3CC[C@]4(C2=CC2=C1OCO2)[C@@H]3CC[C@H](O)[C@@H]4O,319.357,2.3282271505076566,0.7964741780132063,5.025267437382607
CNP0148065.1,COC1=CC=C2C(C)=C(CC(=O)N3CCC[C@H](C(=O)O)C3)C(=O)OC2=C1OC,389.40400000000017,-0.466538209596782,0.7795006536881944,2.8367210051924108
CNP0197332.1,CC(C)=CCC[C@H](C)/C=N/O,155.24099999999999,1.960656571788973,0.2877471815504997,3.719373964245767
CNP0566183.2,CC(C)CCCCCCCCCCCCCCCCCC(=O)O[C@H](COC(=O)CCCCCCCCCCC(C)C)COC(=O)CCCCCCCCCC(C)C,807.3389999999996,0.2824625178837724,0.0346559959034693,3.1022460827512184
CNP0215286.1,C=C1C[C@@]23CC(=O)[C@@H]4C5(C)CCC[C@]46[C@@H]2C[C@@H]1C[C@@H]3[C@H]6N1CCO[C@H]15,339.47900000000004,3.426895114601811,0.6336768927755457,7.328314490423606
CNP0301078.1,CCCC[C@H]1[C@@H](/C=C/[C@@H](CCC(=O)OC)OC(C)=O)[C@]23C(=O)C=C[C@@]2(OC(C)=O)CC[C@H]13,446.5400000000002,1.8623201510001317,0.2867365544448045,5.225799512076295
CNP0296240.0,COC1=C(C)C2=C(C(=O)OC2)C(O)=C1CC=C(C)CCC(=O)NC1=NC(C)=C(C)S1,430.5260000000002,0.3063603650206133,0.5002876103082097,2.939841012100292
CNP0533035.0,COCCN1C(=O)C2=CC=C(C(=O)NCCC3=CN=CN3)C=C2C1=O,342.355,-1.336625454125212,0.7181175015714105,2.28199641494154
CNP0442124.2,CC1=CC=CC(N2C(=O)[C@H]3C(C(=O)C4=CC=CS4)=NO[C@H]3C2=O)=C1C,354.3870000000001,-1.156075554478332,0.6267847845784489,3.368627478975295
CNP0449019.2,CC[C@@H]1CN(C(=O)NC2CCCCC2)CC[C@H]1CC(=O)NCC1=CC=CC=C1,385.552,-1.0467302432265932,0.774903331962595,2.9287344101719395
CNP0520106.0,C1=CC=C(C2=CC(CCC3CCNCC3)=C3C=CC=CC3=N2)C=C1,316.448,-0.393029576824025,0.7451794093752874,2.0656039578361725
CNP0501071.0,COC1=CC=CC2=C1[N+](=O)C1=CC=CC(O)=C1N2[O-],258.233,0.1292505516453263,0.5324819652068387,3.2843069986769127
CNP0584414.1,CC[C@H](C)N1C(=O)[C@H]2[C@H](C(=O)NC3=CC=C(Cl)C(Cl)=C3)[C@H]3C=C[C@@]2(O3)[C@H]1C(=O)NC1CCCCC1,520.4570000000002,-0.8135346071839831,0.5471100049902595,5.1413989515349305
CNP0477590.0,C(#CC1=C2C=CC=CC2=C(C#CC2=CC=CC=C2)C2=CC=CC=C12)C1=CC=CC=C1,378.47400000000005,-0.22583949521613,0.2054541865864774,1.950216293207891
CNP0552402.2,CCCCCCCCCCCCCCCCC(=O)OC[C@@H](COC(=O)CCCCCCCCCCCCCCC(C)C)OC(=O)CCCCCCCCC(C)CC,807.3389999999996,0.4121586657766672,0.0346373184281799,3.5443700673446
CNP0419962.4,CC1=CC=C2C(=C1C)NC(=O)[C@@]21N[C@@H](CCC(=O)O)[C@H]2C(=O)N(CC3=CC=C4OCOC4=C3)C(=O)[C@H]21,491.5000000000003,-0.3250027271257167,0.5395247027578891,4.3570146875288005
CNP0374661.0,CC1=C(CC(=O)NC2=CC=C3NC=CC3=C2)C(=O)OC2=C(C)C(O)=CC=C12,362.38500000000016,-0.7684430977955666,0.4834275388865471,2.4416148282347816
CNP0192430.1,CC1=C2C[C@H]3[C@@H](CC(=O)[C@H]4C[C@@H](O)CC[C@@]43C)[C@@H]2CC[C@H]1[C@H](C)[C@H]1CC[C@H](C)CN1C,427.6730000000003,2.6760717280017974,0.5939979555657883,5.079052251567453
CNP0418760.1,COCC[C@@](C)(O)CNC1=CC(CO)=CC([C@H]2C#C[C@@H]3CC(=O)OC4=C3C=C(C[C@H]3OC(=O)C(=C[C@@H](O)CC5=CC(=CC=C5)C[C@@H]5C(=O)C[C@H]6C=C[C@@H]7[C@@H]8CCCC[C@@H]8[C@]3(O)[C@H]6[C@@H]75)C2)C(O)=C4C2CCCCC2)=C1,1008.2619999999995,1.6363273199920745,0.052004891356291,7.925274549594242
CNP0217871.4,CC(C)CC[C@H](O)[C@@H](C)[C@H]1[C@@H](O[C@H]2O[C@@H](CO)[C@H](O)[C@@H](O)[C@@H]2O)C[C@H]2[C@@H]3CC=C4C[C@@H](O[C@@H]5O[C@H](CO)[C@@H](O[C@@H]6O[C@@H](C)[C@H](O)[C@@H](O)[C@H]6O)[C@H](O)[C@H]5O[C@@H]5O[C@@H](C)[C@H](O)[C@@H](O)[C@H]5O)CC[C@]4(C)[C@H]3CC[C@]12C,1035.2280000000003,1.9333310959922727,0.0846570991449035,6.674559782663658
CNP0204598.1,COC(=O)[C@]12CC[C@@H](C)[C@@](C)(O)[C@H]1C1=CC[C@@H]3[C@@]4(C)CC[C@H](O[C@H]5OC[C@@H](O)[C@@H](O)[C@@H]5O)C(C)(C)[C@@H]4CC[C@@]3(C)[C@]1(C)CC2,618.852,3.0842283569097546,0.2028553972490765,5.3718983882197335
CNP0199123.1,COC1=CC([C@H]2OC3=CC(C4=CC(=O)C5=C(O)C=C(O)C=C5O4)=CC(OC)=C3O[C@@H]2CO)=CC(OC)=C1O,524.4780000000003,1.7703680704797684,0.2926803699603972,3.714189489386907
CNP0130465.0,CCOCC1=C(O)C=C(C)C=C1OC1=C(C)C(C(=O)OC)=C(O)C(C)=C1O,376.40500000000014,0.6867812323169779,0.6577554126787002,2.892552884914945
CNP0291792.3,CCCCC[C@@H]1C[C@@H](OC(=O)NC2=CC=CC=C2)C=C(C)[C@@H]1C(=O)OC,359.4660000000002,0.5953346875237424,0.4253727362310232,3.4744548093845697
CNP0264902.6,CC(C)=CCC[C@@](C)(O)[C@H]1CC[C@]2(C)[C@@H]1[C@H](O)C[C@@H]1[C@@]3(C)CC[C@H](O[C@@H]4O[C@H](CO)[C@@H](O)[C@H](O)[C@H]4O)C(C)(C)[C@@H]3CC[C@]12C,622.884,3.073948559085004,0.1823005948567324,5.340993425428456
CNP0547412.1,CC[C@@H]1CN(C(=O)NCCC2=CC=CS2)[C@H](CO)[C@@H]1CN1CCN(C)CC1,394.58500000000026,-1.098887807703771,0.7370340558678705,3.7421480876927222
CNP0117457.4,CC(=O)O[C@H]1CC[C@@]2(C)[C@H](CC[C@]3(C)[C@H]2CC[C@@H]2[C@H]4[C@H]([C@H](C)C(=O)O)CC[C@]4(C)CC[C@]23C)C1(C)C,500.7640000000004,2.8005827141162176,0.4025462731196157,4.822390301849625
CNP0502714.1,CN1C2=C(NCC1CNC1=CC=C(C(=O)N[C@@H](CCC(=O)O)C(=O)O)C=C1)NC(=N)N=C2O,459.4630000000002,0.1203594914538364,0.2516378227256866,3.812946890901761
CNP0404152.1,COC1=CC2=C(C3=CC=C(NCCCCCC(=O)NC4CCCCCC4)C(=O)C=C3[C@@H](NC(C)=O)CC2)C(OC)=C1OC,593.7650000000003,0.0789769217243256,0.2144602235458719,3.3111075860416896
CNP0481066.2,CC(C)C[C@@H]1NC(=O)[C@H](CC2=CC=C(O)C=C2)NC1=O,276.336,1.201024843948485,0.7663080456058153,2.967053476751529
CNP0287005.1,CC(C)C1=CC[C@H](C)CC1,138.25399999999996,1.8595831625147,0.4871351830501064,3.2437878222102574
CNP0122279.1,C[C@H](CC[C@]1(O)O[C@H]2C[C@@]3(O)[C@@H]4CC=C5C[C@@H](O[C@@H]6O[C@H](CO)[C@@H](O[C@@H]7O[C@@H](C)[C@H](O)[C@@H](O)[C@H]7O)[C@H](O)[C@H]6O[C@@H]6O[C@@H](C)[C@H](O)[C@@H](O)[C@H]6O)CC[C@]5(C)[C@H]4CC[C@]3(C)[C@H]2[C@@H]1C)CO[C@@H]1O[C@H](CO)[C@@H](O)[C@H](O)[C@H]1O,1065.2100000000003,2.1001023968178734,0.0778038581114524,6.911746756237954
CNP0368592.4,C[C@]12CC[C@H](O)CC1=CC[C@H]1[C@@H]2CC[C@]2(C)/C(=N/NC(N)=S)CC[C@@H]12,361.55500000000006,1.252687287830984,0.3797149738723441,4.329874456416164
CNP0473878.1,CC[C@@H](C)OC1=CC=CC=C1[C@H]1C2=C(C[C@@H](C3=CC=C(OC)C(OC)=C3)CC2=O)NC2=CC=CC=C2N1C(=O)CCC(=O)O,598.6960000000001,-0.5512853909352251,0.2668016792390242,3.705627866926575
CNP0191849.2,C[C@@H](O)C[C@H](N)C(=O)O,133.14700000000002,1.446018748690256,0.4688477836203364,3.1537819123618727
CNP0359975.1,CC[C@@H](C)C(=O)C1=C(O)C(C)=C(O[C@@H]2O[C@H](CO)[C@@H](O)[C@H](O)[C@H]2O)C(C)=C1O[C@@H]1O[C@H](CO)[C@@H](O)[C@H](O)[C@H]1O,562.5650000000003,1.5531661615762462,0.142688937654461,4.871273888157938
CNP0567902.2,COC1=CC=C([C@@H]2[C@H](C(=O)N3CCC4(CC3)OCCO4)C3=CC(OC)=C(OC)C=C3C(=O)N2C)C=C1OC,526.5860000000002,-0.321068716362329,0.5670874069959744,3.942318072019029
CNP0352414.4,CC(=O)O[C@@H]1CC(=O)C(C)(C)C=C[C@H](C)C(=O)[C@]2(O)C[C@H](C)[C@H](OC(=O)C3=CC=CC=C3)[C@H]2/C=C\1C,496.60000000000025,2.533050414739742,0.4927046560352004,5.10489664181398
CNP0517718.0,NC(N)C1=CC=C2C(=C1)NC1=[N+]2[Zn][N+]2=C(NC3=CC(C(N)N)=CC=C32)C1=O,415.7760000000001,0.4407418831471297,0.1591873257204555,4.318550253335997
CNP0223578.1,C[C@@H]1O[C@@H](O[C@H]2[C@H](O)[C@@H](O)[C@H](OC3=CC(O)=CC4=C3C(=O)C=C(C3=CC=C(O)C=C3)O4)O[C@@H]2CO)[C@H](O)[C@H](O)[C@H]1O,578.5230000000005,2.080611046904006,0.173700961522718,4.638013165758621
CNP0491633.1,CCCCCCCCCCCCCC(=O)OC[C@H](COC(=O)CCCCCCCCCCCC)OC(=O)CCCCCCCCC(C)CC,695.1229999999999,0.4455897345614496,0.0363502415597035,3.3187879322782106
CNP0147009.1,COC1=CC=C(OC)C(C2C3=C(C[C@H]4C(=O)N(C5CCC(C)CC5)CC(=O)N24)C2=CC=CC=C2N3)=C1,487.6000000000003,-0.2283037184818194,0.5901773922604516,3.3927027451991147
CNP0217779.1,CN1CC[C@@]23CCCC[C@@]12CCC1=CC=CC=C13,241.378,1.2214674054322223,0.6715343676301189,3.699973447766309
CNP0221322.1,CC(C)=CCC1=CC2=CC3=C(C=C2OC1=O)O[C@H](C(C)(C)O)C3,314.38100000000003,2.177059440531344,0.6967913865980777,3.500776909827259
CNP0512456.2,CCC=CCC=CCC=CCC=CCCCCC(=O)O[C@H](COC=CCCCCCCC=CCCCCCCCC)COP(=O)([O-])OCC[N+](C)(C)C,764.0820000000001,0.9525245610598552,0.0155233085950089,4.73025100318501
CNP0095823.1,C[C@@H]1CC2=C3[C@@H]4C5=C(CC[C@H]41)[C@]14C(=O)OC(=C(O)C[C@H](CC6CCCCC6)[N@@]6C[C@H]7C[C@@H](C6)[C@H](CC2)N3C7)[C@@]1(CC5)[C@]1(OC(=O)C2=C(CCCN)C=CC=C21)[C@H]4CCC1CCCC1,856.2049999999995,1.6603059665327902,0.1967857832061067,8.0833541340724
CNP0197481.1,COC1=CC(C2=COC3=C(O[C@H]4O[C@H](CO)[C@@H](O)[C@H](O)[C@H]4O)C(O)=CC=C3C2=O)=CC=C1O,462.40700000000015,1.7327971685089814,0.3018068640168702,3.910056048042591
CNP0311053.2,CC1(C)[C@@H](O)[C@H](O)C[C@]2(C)[C@H]3CC=C4[C@@H]5C[C@@](C)(CO)CC[C@]5(C(=O)O)CC[C@@]4(C)[C@]3(C)CC[C@@H]12,488.70900000000046,3.353396168870092,0.401778276430081,4.995315227509227
CNP0603209.1,CC[C@H]1O[C@@](O)([C@](C)(O)C(=O)N[C@@H]2C(=O)N3NCCC[C@@H]3C(=O)N(O)CC(=O)N(C)[C@@H](C)C(=O)NCC(=O)N(C)CC(=O)OC2C(C)C)CC[C@@H]1CC(C)C,783.9209999999998,1.0756952749267894,0.132535214340991,6.1456088956106045
CNP0112146.0,CC(C)(C)C1=CC(CC2(NCC3=CC=CO3)COC2)=NO1,290.363,-1.263181451701591,0.9170394384600208,3.006772694747684
CNP0248838.3,C[C@]12CC[C@H]3[C@@H](CCC4=CC(=O)C(O)=C[C@@]43C)[C@@H]1CC(=O)C2,300.39800000000014,2.896924405310008,0.7410025640921143,4.433884357087439
CNP0357369.0,CC1=C(O)C=C2OC34OC5=CC(O)=C(O)C=C5C3(OC3=C(C)C(O)=C5C(=O)C(O)=C(C6=CC=C(OC7OC(CO)C(O)C(O)C7O)C(O)=C6)OC5=C34)C(=O)C2=C1O,790.6390000000006,1.9317567876135344,0.1143126384559385,5.52947505565767
CNP0072994.1,CC[C@@]1(O)C[C@H](O[C@H]2C[C@H](O)[C@H](O[C@H]3C[C@H](O)[C@H](O)[C@H](C)O3)[C@H](C)O2)C2=C(O)C3=C(C(=O)C4=CC=CC(O)=C4C3=O)C(O)=C2[C@H]1O,646.6420000000004,1.6081649785926788,0.1804724148221714,5.337287845424766
CNP0570929.2,CCC(C)CCCCCCCCCCCCCCCCCCCCC(=O)OC[C@@H](COC(=O)CCCCCCCCCCCC(C)C)OC(=O)CCCCCCCCCCCCCCCC(C)C,961.6359999999988,0.3243732481493386,0.0343274475728969,3.7473282165594153
CNP0548388.1,COC1=CC(C(CC(=O)N2C[C@H]3C[C@@H](C2)C2=CC=C([N+](=O)[O-])C(=O)N2C3)C2=C(O)[C@@]3(OC4=C(Cl)C(OC)=CC(OC)=C4C3=O)[C@H](C)CC2=O)=CC=C1O,750.157,0.4166687597001848,0.2383802309785398,6.059182047737264
CNP0348644.2,C[C@H](O)[C@@H](CCCCCCCCCCCCCCCCC(=O)O)O[C@H]1O[C@@H](CO)[C@@H](O)[C@@H](O)[C@H]1O,506.67700000000013,1.354853383134765,0.1287972663147958,4.04118267285113
CNP0300394.0,COC1=CC=C(C(=C2C=CC(=O)C=C2)C2=C(C3=CC=CC=C3)C=CC=C2C#CC2=CC=C(O)C=C2)C=C1,480.56300000000016,-0.1307801002603297,0.3211405665559584,2.696214893337645
CNP0104158.1,CC(C)[C@H]1CC[C@@]2(C)C(CO)=C[C@@H]1[C@@H]2CO,224.344,2.49436167963535,0.7216186533645484,5.143658018298417
CNP0246708.0,CC=C(C=O)C(CC(=O)O)CC(=O)OC,214.21699999999996,1.4548232105100805,0.4012871111444077,3.4616172548120323
CNP0349774.1,CC(C)C[C@H](NC(=O)[C@@H]1CCCN1C(=O)[C@@H](N)CC1=CC=C(O)C=C1)C(=O)NCC(N)=O,447.5360000000001,-0.2934163222794687,0.3203885455619747,3.261131279460118
CNP0378089.6,C=C(C)[C@@H]1CC[C@]2(C=O)CC[C@]3(C)[C@H](CC[C@H]4[C@@]5(C)CC[C@H](O)C(C)(C)[C@@H]5CC[C@]43C)[C@@H]12,440.7120000000003,3.165575276185697,0.3638677310004355,4.878924558450562
CNP0063127.0,COC1=CC=C(C2=CC3=CC=C(OC(=O)C4=CC=CS4)C=C3OC2=O)C=C1OC,408.43100000000015,-0.597980398288755,0.269306537766746,2.252580213458204
CNP0249383.24,CC(C)[C@@H](C)/C=C/[C@@H](C)[C@@H]1CC[C@H]2[C@]1(C)CC[C@H]1[C@]23C=C[C@]2(C[C@@H](O)CC[C@]12C)OO3,428.6570000000002,3.3643637330825134,0.4116338660548188,6.71509053834033
CNP0466215.0,CC1=CC=CC(NN=C(C#N)C2=NC(C)=C(N=NC3=CC=CC=C3)S2)=C1,360.446,-1.4360513510768806,0.3693491398306617,2.927773489463661
CNP0425389.1,CC1(C)CCC[C@]1(C)C1=CC(O)=CC(CO)=C1,234.339,2.1419453907943478,0.8234800800289653,3.273339886873627
CNP0480976.1,CCCCCCCCCCCCCCC(=O)OC[C@H](COC(=O)CCCCCCCCCCCCC(C)CC)OC(=O)CCCCCCCCCCCCCCCCCCCCC(C)C,919.554999999999,0.3614314453733851,0.0343543601282287,3.712016666850155
CNP0287551.3,CC(C)(/C=C/C[C@@](C)(O)[C@H]1CC[C@]2(C)[C@@H]1[C@H](O)C[C@@H]1[C@@]3(C)CC[C@H](O)C(C)(C)[C@@H]3[C@@H](O[C@@H]3O[C@H](CO)[C@@H](O)[C@H](O)[C@H]3O)C[C@]12C)OO,670.8810000000004,3.3000608931333235,0.0820743274735361,5.788310251647119
CNP0574006.1,CO[C@@H]1[C@@H]([N+](=O)[O-])C[C@H]2O[C@]1(C)N1C3=CC=CC=C3C3=C4CN=C(O)C4=C4C5=CC=CC=C5N2C4=C31,482.4960000000003,0.6967715909854196,0.2821161654232038,5.292813266512766
CNP0319176.1,CO[C@@H]1C=C2[C@@H]3CC(C)(C)CC[C@]3(C)CC[C@@]2(C)[C@]2(C)CC[C@H]3C(C)(C)[C@@H](OC(C)=O)C[C@@H](O)[C@]3(C)[C@@H]12,514.7910000000004,3.350680692065708,0.3094250997884767,5.131708494698918
CNP0261883.0,COC1=CC(O)=CC2=C1OC(C)=C2C,192.21399999999997,0.8237844890603929,0.7549601473001282,2.3127012334654182
CNP0161439.1,OCC1=C[C@@H](O)[C@@H]2C=CO[C@@H](O[C@@H]3O[C@H](CO)[C@@H](O[C@@H]4O[C@H](CO)[C@@H](O)[C@H](O)[C@H]4O)[C@H](O)[C@H]3O)[C@H]12,508.4730000000001,2.4805010888491403,0.1467873021900486,5.274789459943348
CNP0023082.2,CCCCCCCC/C=C\CCCCCCCCCCCCCCCC(=O)NC(COC1OC(CO)C(OC2OC(CO)C(OC3OC(CO)C(O)C(OC4OC(CO)C(O)C(O)C4O)C3NC(C)=O)C(OC3(C(=O)O)CC(O)[C@@H](NC(C)=O)C([C@@H](O)[C@@H](O)CO)O3)C2O)C(O)C1O)C(O)/C=C/CCCCCCCCCCCCC,1657.0410000000018,0.8881446846742986,0.0305111137895211,7.868252544613684
CNP0226425.6,CC(C)=CCC[C@]1(C)C=CC2=C(O1)C(CC=C(C)C)=C1O[C@]34C(=C[C@@H]5C[C@H]3C(C)(C)O[C@@]4(C/C=C(\C)C(=O)O)C5=O)C(=O)C1=C2O,628.7620000000004,3.6256792522288968,0.2284813520383312,6.659480897582329
CNP0280911.2,COC1=CC=C2C(=C1OC)C(=O)O[C@@H]2N1C(=O)CC[C@H]1C(=O)NC1=CC=C(Cl)C(Cl)=C1,465.2890000000001,-0.5921243054541452,0.6755448658712419,3.278729555396706
CNP0495310.1,CC1=CC2=C(C(=O)N1CC1=CC=CC=C1)[C@H](C1=CC=C([N+](=O)[O-])C=C1)C(C#N)=C(N)O2,414.4210000000002,-1.5409680815697575,0.5157123818831884,2.9108900636464234
CNP0564578.1,CCCCCC/C=C\CCCCCCCC(=O)OC[C@@H](COC(=O)CCC/C=C\C/C=C\C/C=C\CCCCCCCC)OC(=O)CCCCCCCCCCCCCCCCCCCCCCC,967.5989999999983,0.4559619407774133,0.02615016080195,3.777211875453032
CNP0247179.0,CCCCCCCCCCCC1=C(O)C(=O)C(C)=C(O)C1=O,308.418,1.348647865389564,0.4527747810350888,2.6229810494944488
CNP0276126.2,COC1=CC(O)=C2C(=O)O[C@@]3(C)C[C@H](O)[C@H](OC(C)=O)C=C3C2=C1,334.32400000000007,2.372997813675884,0.7883477560264869,4.12747255529619
CNP0251938.1,C[C@H]1CSSSS1,170.34900000000002,2.4706783037654567,0.5121499350704044,5.200475118981899
CNP0367336.3,COC1=C2OCOC2=CC2=C1[C@@H](CC(=O)/C=C/[C@@H]1C(C)=CCCC1(C)C)N(C)CC2,411.5420000000003,1.7626543755926063,0.5119725849163606,3.979975989822559
CNP0339664.0,CCN1C=C(C=C2OC3=C(C=CC(OCC(=O)OC(C)(C)C)=C3C)C2=O)C2=CC=CC=C21,433.5040000000002,-1.058067320540791,0.4031456845048214,2.6310231079966275
CNP0601343.1,CCCCC/C=C\C/C=C\CCCCCCCCCCCC(=O)OC[C@H](COC(=O)CCCCCCCCCCCCCCCCC)OC(=O)CCCCCCCCCCCCC/C=C\CCCCCCCC,1025.7229999999984,0.4117314839733086,0.0261377463154185,3.7731959909712014
CNP0299002.2,CN1CC[C@@]2(CC3=CC45CC[C@@H]6C7(C)CCC[C@@]68[C@@H]4C[C@@H]3C[C@@H]5[C@@]83OCCN3C7)C=CC(=O)C[C@@H]12,474.6890000000003,1.9570459891820884,0.5380989354542242,5.191818957593311
CNP0212646.1,C/C=C\C(C)=C\[C@H](C)C(=O)C[C@H](O)CC1CC(=O)NC(=O)C1,307.39,1.585187433977618,0.5557057990984408,4.032269084060658
CNP0470866.4,CCC/C(=N\C[C@@H](C)/N=C(\CCC)C1=C(O)CC(C)(C)[C@H](C(=O)OC)C1=O)C1=C(O)CC(C)(C)[C@H](C(=O)OC)C1=O,574.7150000000003,0.3518600314533902,0.197373881756683,4.835979764861807
CNP0592599.1,CC/C=C\C/C=C\C/C=C\C/C=C\C/C=C\C/C=C\CCC(=O)O[C@@H](COC(=O)CCCCCCCCCCCCCCCCCCC)COC(=O)CCCCCCCCCCCCCCCCCCCCCCC,1047.7289999999982,0.4691978311189536,0.0261354734769395,4.087938612366949
CNP0509167.2,CCCCCCCC(=O)OC[C@H](COC(=O)CCCCCCCCCCC(C)CC)OC(=O)CCCCCCCCCCCCCCCCC(C)CC,751.2309999999995,0.4119603206322836,0.0351613183992094,3.629585282934445
CNP0218058.0,CC1=CCC(=C(C)CCCC(C)C)CC1,206.37299999999996,2.1487568558314405,0.5503597622154718,3.052047190098476
CNP0318836.1,CC(C)CCC[C@H](C)CCC[C@H](C)CCCC1=COC=C1,292.50699999999995,0.9028432547949714,0.4093918470985321,3.1881233759892518
CNP0471044.0,IC1=CC=C2OC3=CC=C(I)C=C3C2=C1,419.9870000000001,-0.6315660354517932,0.4770911363484046,2.308136696621448
CNP0203847.1,CNC[C@@H]1CCC[C@H]([C@@]2(C)O[C@@]34C[C@@H]5CC[C@@H](CO)[C@](N)([C@@H]3C#CCC3=CC(O)=CC=C3C[C@@H]3C[C@H]4CC4(CCCC4)C3)[C@@H]52)C1,614.9149999999998,3.244075279743315,0.296015982094949,6.615109624455374
CNP0309690.2,CC(=O)OC[C@H](O)COC(=O)[C@H]1[C@@](C)(O)CCC2[C@]3(C)CCCC(C)(C)C3CC[C@@]21C,438.60500000000036,1.957655933222533,0.6332711870239799,4.526538773635728
CNP0389997.6,C=C(CC[C@@H](C)[C@@H]1CC[C@@H]2C3=C(C(=O)C[C@@]21C)[C@@]1(C)CC[C@@H](O)[C@@H](C)[C@H]1CC3=O)[C@@H](C)C(=O)O,470.65000000000026,2.979778579533136,0.5094751047598037,4.986581430546432
CNP0596735.1,O=C1[C@@H]2CC3=C(NC4=CC=CC=C34)C(C3=CC=CC([N+](=O)[O-])=C3)N2C(=O)CN1CCCCCO,462.50600000000037,-0.6033088650855174,0.3178305077807852,3.3699500938032942
CNP0253955.2,CCCCC/C=C\C/C=C\CCCCCCCC(=O)O[C@@H](COC(=O)CCCCCCC/C=C\CCCCCC)COC(=O)CCCCCCCCCCCCCCCCCCC,885.4529999999988,0.4770856877785957,0.0262042034458715,3.561639515057029
CNP0272173.7,O=C1C2=C(O)C=C(O)C=C2O[C@H](C2=CC=C(O)C=C2)[C@@H]1[C@@H]1C(=O)C2=C(O)C=C(O)C=C2O[C@H]1C1=CC=C(O)C=C1,542.4960000000003,0.9482602520867748,0.2164877839985508,4.022001561460644
CNP0322650.1,CC(=O)NC1=CC(=O)C(N[C@@H](CC2=CNC3=CC=CC=C23)C(=O)O)=CC1=O,367.3610000000001,0.2382903613317619,0.5594670794861775,3.1145336481419967
CNP0148916.2,C[C@@H]1O[C@@H](OC[C@H]2O[C@@H](O[C@H]3[C@@H](O)[C@@H](O)[C@H](OC4=CC=C(CCOC(=O)/C=C/C5=CC=C(O)C(O)=C5)C=C4O)O[C@H]3C)[C@H](O)[C@@H](O)[C@H]2O)[C@H](O)[C@H](O)[C@@H]1O,770.7340000000008,1.60140717454342,0.060308401631622,5.317256759816237
CNP0505586.0,COC1=CC=C(C=NNC(=O)CNC(=O)C(C2=CC=CC=C2)C2=CC=CC=C2)C=C1,401.46600000000007,-1.1867810188351269,0.4496633517593492,2.032126022128113
CNP0364236.12,CC(=O)[C@@H]1CC[C@@H]2[C@@H]3CCC4=CC(=O)CC[C@]4(C)[C@H]3CC[C@@]21C,314.46900000000005,2.2260323856445305,0.7013194281770768,3.946026241839729
CNP0173799.1,CC/C=C\C[C@H]1C(=O)C=C[C@@H]1CCCCCCCC(=O)O,292.4189999999999,2.1110911486752,0.4494336373432035,3.433606296458612
CNP0193765.1,COC1=CC(C(=O)O)=CC=C1O[C@@H]1O[C@H](COC(=O)C2=CC=C(O[C@@H]3O[C@H](CO)[C@@H](O)[C@H](O)[C@H]3O)C(C)=C2)[C@@H](O)[C@H](O)[C@H]1O,626.5640000000004,0.8185308274669519,0.1318093121114195,4.420616274264756
CNP0361657.1,COC1=CC=C2N=C(NC(=O)CCCC[C@@H]3SC[C@@H]4NC(=O)N[C@@H]43)SC2=C1,406.5330000000001,-1.529946594926178,0.4856250854587761,3.5287374291205253
CNP0264309.1,C=C1COC(=O)[C@@H]2[C@H]1[C@@H]1[C@H](CC[C@@]23CO3)C1(C)C,248.32199999999992,2.8891816488004665,0.3744797143572537,5.163944247050008
CNP0531746.1,CC1=C[C@H](C(C(=O)/C=C/C2=CC=C(O)C=C2)C(=O)/C=C/C2=CC=C(O)C=C2)[C@@H](C(C)C)CC1,444.5710000000002,0.8278320955747392,0.288437512134337,3.783281010127017
CNP0101667.1,C=CCC1=CC=C(O[C@H]2O[C@@H]3[C@@H](O)[C@@H](CCO)CC[C@@H]4[C@H]5C=C[C@@H](O)C[C@@H]5[C@@]2(O)[C@@H](O)[C@@]43O)C=C1,488.5770000000001,2.553070146814454,0.3214485381670401,6.068615327587988
CNP0195744.2,CC(C)=CCCC(C)[C@@]12CC[C@](C)(O)C1C2,222.37199999999996,3.1276068206389804,0.714773084683654,4.496288696021102
CNP0542836.1,CCCCCCCCCCCCCCCCC(=O)OC[C@@H](COC(=O)CCCCCCCCCCCCC(C)CC)OC(=O)CCCCCCCCCC(C)C,793.3119999999997,0.4195186419512505,0.0347252506134367,3.525431097104942
CNP0349471.0,CC1=C(C)C2=CC3=C(OC(=O)C(CCC(=O)NCCCN4C=CN=C4)=C3C)C(C)=C2O1,421.4970000000002,-0.9971022291153452,0.3582407247644133,2.782586992727067
CNP0051439.1,CC(C)(C)OC(=O)N[C@@H](CC1=CC=C(Cl)N=C1)C(=O)O,300.742,-0.7396969758082348,0.8326428908846553,2.50853991130354
CNP0422591.1,CCC[C@H]1CC=C2OC(=O)[C@@]34C5=C6CC[C@@]23[C@]2(OC(=O)C3=C(CCCN)C=CC=C32)[C@H]4CCCCC2=CC(=CC=C2)CC(=C5)[C@H]2[C@@H]6C(=CC[C@H]2C)N2CC3C[C@H](C2)CN1C3,806.1039999999998,1.8908059239373685,0.3023892056686951,8.283323508652327
CNP0264881.2,C[C@@H]1C[C@H](O[C@@H]2O[C@@H](CO)[C@@H](O)[C@H](OC(=O)CC3=CC=C(O)C=C3)[C@H]2OC(=O)CC2=CC=C(O)C=C2)CC(=O)O1,560.5520000000002,1.4517695831346544,0.25189665524304,4.314910320267635
CNP0571529.1,CNCC[C@]1(CC[C@@H]2CNC(=O)C2)OC2=C(C=C3C(=O)C=C(C)OC3=C2[N+]2=CC3=CC=NC3=C2)C[C@H]1OOC[C@@](O)(CC1=CC=C(O)C=C1)[C@@H](O)[C@H](O)[C@H](O)CO,789.8590000000004,2.6790974729609136,0.0541492276059496,6.180681165768294
CNP0180324.0,COC1=CC(O)=C2C(=O)C(C3=CC=CC(O)=C3OC)=COC2=C1OC,344.31900000000013,1.3473460301526483,0.750637703843906,2.615060600725137
CNP0396383.0,CCN1N=C(C)C(CCC(=O)N2CCC3=CC(OC)=C(OC)C=C3C2)=C1C,371.48100000000017,-1.5097602389967222,0.7831127691115698,2.3142804233764824
CNP0310685.5,C=C1C2=C[C@H](O)[C@@H](C)[C@@]1(C)CC/C(C)=C/CC[C@@]1(C)O[C@@H]1C2=O,316.441,2.92796887100114,0.5470204239373925,5.979645716964272
CNP0558740.1,CCC(C)C(=O)OC[C@H]1O[C@@H](C2=C(OC)C=C(O)C3=C2OC(C2=CC=C(O)C(O)=C2)=CC3=O)[C@H](O)[C@@H](O)[C@@H]1O,546.5250000000003,1.7943478968661517,0.1855854184279331,4.325541628216688
CNP0160342.2,C[C@@H]1O[C@@H](O[C@H]2[C@H](O)[C@@H](O)[C@H](O[C@H]3CC[C@@]4(C)[C@H](CC[C@]5(C)[C@@H]4CC=C4[C@H]6CC(C)(C)CC[C@]6(CO)CC[C@]45C)C3(C)C)O[C@@H]2CO[C@@H]2O[C@H](CO)[C@@H](O)[C@H](O)[C@H]2O)[C@H](O)[C@H](O)[C@H]1O,913.1520000000006,2.5987146269406427,0.116581994767541,6.256468338990342
CNP0346872.0,CCCCCCCCC=CCCCCCCCC(=O)OCC(COP(O)(O)=S)OC,466.6210000000001,1.1239928178362506,0.0955623367076867,3.24005622453667
CNP0066892.1,C[C@H]1[C@@H]2[C@@H](O)[C@H]([C@H](C)C(=O)N(C)CCC#N)CC[C@@]2(C)CC[C@@H]1NC(=O)C1CCCCC1,445.6480000000003,-0.1980648337089281,0.6486609579013789,4.314175850258908
CNP0521749.1,CCC[C@@H]1CC[C@H]2[C@@H]3[C@H](O)CCC[C@](O)([C@](C)(O)[C@H]4CC[C@@]5(O)C6=C(NC[C@H](O)C7CCCCC7)C(=O)[C@@H]7C[C@@H](O)[C@@H](O)C[C@@]78C[C@@H](C7=CC=C(N)N=C7CCCO)C=C[C@@](O)(C[C@]45[C@H]4CC[C@@H](CCOC5CCCCC5)CC4)[C@@H]68)[C@@H]3O[C@@H]2CC1,1184.651,1.5669750721652704,0.0652673784042226,7.7689382116720305
CNP0365775.3,COC1=CC=C2C=CC=CC2=C1CC1(CN2C[C@@H]3C[C@H](C2)C2=CC=CC(=O)N2C3)C(=O)N(C)C(=O)N(C)C1=O,528.6090000000003,-0.3049122383298846,0.4732095479280942,4.481691796068203
CNP0268476.1,C[C@H](O)CC[C@@H]1C(C)(C)CC(=O)C[C@]12CO2,226.31599999999992,2.5495036742114934,0.747933978883932,4.7767620837108025
CNP0178309.1,C[C@H]1OC(=O)/C(=C/CCCCCCCCC/C=C/[C@H](O)CO)[C@@H]1O,340.46,2.243075258556726,0.2199864743919292,3.953573733429195
CNP0295013.0,COC1=CC=C(C2=C(O)C(=O)C3=C(O)C=C(OC)C(O)=C3O2)C=C1O,346.29100000000005,1.5468459999438202,0.5316334549591042,2.586160738439085
CNP0176433.1,C[C@H]1CN[C@H]([C@@H](C)[C@H]2[C@H](O)C[C@H]3[C@@H]4CC[C@H]5C[C@@H](N)CC[C@]5(C)[C@H]4CC[C@]23C)[C@@H](O)C1,432.69300000000027,2.4132431048081218,0.5329344781511367,5.147314436366184
CNP0499954.4,CC(C)C1=CC=C(NC(=O)[C@@H]2[C@@H]3C=C[C@]4(O3)[C@@H]2C(=O)N(CCCN2CCOCC2)[C@H]4C(=O)N[C@@H]2CCC[C@@H](C)[C@@H]2C)C=C1,592.7810000000005,-0.740585453981721,0.4257306548627655,5.497164222922608
CNP0603154.1,CO[C@H](CO)C1(C[C@@H]2CC[C@@]3(CC[C@]4(CC[C@H](NCC(C)=O)C5=CC(O)=CC=C5C4)C3)C[C@]23CC#C[C@H]2N=C(N)N[C@@H](C(C)C)CSSC[C@H]2[C@@H]2CC4=C5C=C(CC#CC6=C(C=CC(O)=C6OCO)CCC(=O)C[C@H](O)CC5)C(=C4O[C@@H]2O)OCN3)CCCC1,1274.698,2.1213612819836096,0.0488922895904493,8.833718037882154
CNP0521229.4,COC1=CC=CC(NC(=O)[C@H]2[C@H]3C=C[C@]4(O3)[C@H](C(=O)NC3CCCCC3)N([C@@H]3CCCC[C@H]3C)C(=O)[C@@H]24)=C1,521.6580000000005,-0.40546897578515,0.5552049244081255,5.29412023486911
CNP0172061.2,C[C@@]12CCC[C@@](C)(C(=O)O)[C@H]1[C@H](O)[C@H](O)[C@@]13C[C@@H](CC[C@@H]21)[C@](CO)(O[C@@H]1O[C@H](CO)[C@@H](O)[C@H](O)[C@H]1O)C3,530.6110000000002,2.925714441985683,0.2163458258188812,6.54982426538184
CNP0269097.0,CC1(C)C=CC2=C(O1)C(C=O)=CC1=C2NC2=CC=CC=C21,277.32300000000004,1.9696601037913428,0.6730523308362157,2.8540151588937075
CNP0315873.1,CCCCCCCCCCCCCCC(=O)OCC(CO[C@@H]1O[C@H](CN)[C@@H](O)[C@H](O)[C@H]1O)OC(=O)CCCCCCCCCCCCCC,702.0269999999992,0.8237869664257147,0.0401241204304729,4.221905731764901
CNP0490088.1,COC1=CC([C@@H]2CC(=O)C[C@H](OC(C)=O)CC[C@]34C=CC=C[C@@H]3CC=C[C@@H]4C3=CNC=C3C[C@@H](C3=CC=CC(O)=C3)C3=CC(=NC=C3)N(CCC(C)=O)C3=CC=C(CO)C4=CN2C=C34)=CC(O)=C1OC1=CC=CC(O)=C1,1023.1959999999998,0.8041130422490778,0.0643085859824451,7.981810982484647
CNP0229393.2,COC1=C(O)C=C2O[C@@H](C3=CC=CC=C3)CC(=O)C2=C1O,286.283,1.7409720612284378,0.8874343900434254,2.8327680733593503
CNP0390391.1,COC1=CC=C(CCN2C(=O)[C@@H]3C(CC4=CC=C(O)C(O)=C4)NC4(C(=O)NC5=C(Cl)C=C(C)C=C54)[C@@H]3C2=O)C=C1OC,592.0480000000002,-0.135302687275288,0.2426577671745768,4.441904510544569
CNP0137643.1,C#CC#CC/C=C\CCC/C=C/C(=O)NC[C@@H](C)CC,271.404,1.6656789882951997,0.2957832394623934,3.742020514662445
CNP0408979.0,COC1=CC=C2C(=C1)C=CN2CCC(=O)N1CCC2=CC(OC)=C(OC)C=C2C1,394.4710000000002,-1.1111545605790345,0.6405518116077022,2.265725718555517
CNP0203380.3,O=C1C(O[C@@H]2O[C@H](CO)[C@@H](O)[C@H](O)[C@H]2O)=C(C2=CC(O)=C(O[C@@H]3O[C@H](CO)[C@@H](O)[C@H](O)[C@H]3O)C(O)=C2)OC2=CC(O)=CC(O)=C12,642.5190000000003,1.574995555534178,0.1196742895711863,4.9223255925738805
CNP0016582.1,COC1=CC=C2N=C(C[C@H]3CN(C(=O)C4CCOCC4)CC[C@H]3CC(=O)O)NC2=C1,415.49000000000024,-0.8450955724138699,0.7510700207966756,3.367820814765057
CNP0232898.12,N#C[C@H](O[C@H]1O[C@H](CO)[C@@H](O)[C@H](O)[C@@H]1O)C1=CC=CC=C1,295.291,1.3339366277053286,0.5654477209272036,3.795695018011593
CNP0363346.5,CC(=O)O[C@@H]1C[C@]2(C)[C@@H](C(C)=O)CC[C@@H]2[C@@H]2CC[C@H]3CC(=O)CC[C@]3(C)[C@@H]21,374.5210000000002,2.458603341890126,0.6745070627730622,4.379782326259207
CNP0139397.5,CCCCCCCCCCCC[C@@H](O)[C@H](O)CC[C@H](O)[C@H]1CC[C@@H](CCC[C@H](O)[C@H](O)CC[C@@H](O)CC2=C[C@H](C)OC2=O)O1,628.8880000000003,2.113700715458345,0.0572855216808306,4.976677274927477
CNP0383559.0,CC1=CC=C(CNC(=O)C2=CC3=C(NC4=CC=CC=C43)C(C3=CC=CC=C3Cl)=N2)C=C1,425.91900000000015,-0.8118082921377031,0.3559521293392534,2.1896252420639346
CNP0251314.1,CCCCCC1=CC=CC([C@@H]2CC[C@@H]3[C@H]2C[C@H]2[C@@H]4C(=CCCN2[C@@H]3[C@@H](O)CC)O/C(=C2/OC(=O)C(CO)=C2OC)[C@H]4C)=C1,591.7890000000003,2.9689713234138235,0.2700899482535465,5.4329356315969575
CNP0113220.1,C=C(C)[C@H]1CC2=C(C=C3O[C@H](C4=CC=C(O)C=C4)[C@H](O)C(=O)C3=C2O)O1,354.3580000000001,2.4916592835875893,0.7177439891902708,3.834627938994686
CNP0487181.1,CCCCC/C=C\C/C=C\C/C=C\CCCCCCC(=O)OC[C@H](COC(=O)CCCCCCCCC/C=C\CCCCCC)OC(=O)CCCCCCCCCCCCC,855.3829999999992,0.4927278414762546,0.0262548169469336,3.607869366580175
CNP0442392.1,CC(/C=C/[C@@H](C)[C@H]1CC[C@H]2[C@@H]3CC=C4C[C@@H](OS(=O)(=O)[O-])CC[C@]4(C)[C@H]3CC[C@]12C)COS(=O)(=O)[O-].[Na+].[Na+],590.7120000000004,1.917976016434625,0.1479094819174335,5.496004120732978
CNP0337873.1,CC1(C)CCC[C@]2(C)C3=C(CC[C@@H]12)C(O)=C(CO)C1=C3[C@@H](O[C@@H]2O[C@H](CO)[C@@H](O)[C@H](O)[C@H]2O)OC1=O,508.5640000000002,2.5134288732054806,0.3217714324559513,4.942254744197187
CNP0388343.0,COC1=CC=C(C2=C(C)C3=CC=C(OC)C=C3OC2=O)C(OC)=C1,326.34800000000007,0.0622224695590958,0.6827034559717209,2.0864670175376645
CNP0290230.3,C=CCC1=CC(OC)=C(O[C@@H](C)[C@H](OC(C)=O)C2=CC=C(OC)C(OC)=C2)C(OC)=C1,430.4970000000002,0.9844252681285488,0.3832720651447043,3.297433947693876
CNP0301563.1,CC(C)[C@@H]1CC(=O)[C@@]2(C)C[C@@H]12,152.237,2.3133503765403542,0.5629498098503593,3.970608600151863
CNP0509112.1,C=C1CO[C@H]2C[C@@H]1CC1=C2C=CC(O)=C1C,216.27999999999997,2.2693178036316306,0.675596766791679,4.605745796110474
CNP0337834.1,CCC(C)CC(C)CCCCCCCCC(=O)N[C@H]1C[C@@H](O)CNC(=O)[C@@H]2[C@@H](O)CCN2C(=O)[C@H]([C@H](O)CC(N)=O)NC(=O)[C@H]([C@H](O)CC2=CC=C(O)C=C2)NC(=O)[C@@H]2C[C@@H](O)CN2C(=O)[C@H]([C@@H](C)O)NC1=O,1033.231,0.8632507914173698,0.0619702818910306,6.469053866744501
CNP0373505.2,COC1=CC=C([C@@H]2NC3=CC=CC=C3C(=O)N2CC2=CC=CC=C2)C=C1OC,374.44000000000005,-0.6454586015650643,0.7158504478285651,2.475478136949542
CNP0078869.1,CCC(C)C(=O)O[C@@]12[C@H](OC(=O)C3=CC=CC=C3)[C@@H](C)[C@@]3(O)[C@@H](C=C(CO)C[C@]4(O)C(=O)C(C)=C[C@@H]34)[C@@H]1C2(C)C,552.6640000000002,2.542821591351781,0.3617508381260285,5.005839202747655
CNP0289210.4,C[C@@H]1CC[C@@H]2CC[C@]3(C)C(=CC[C@@H]4[C@@]5(C)C[C@@H](O)[C@H](O)C(C)(C)[C@H]5CC[C@]43C)[C@@H]2[C@]1(C)O,444.7000000000003,3.297920196306065,0.4187797908756688,4.978719854096942
CNP0423738.1,CO[C@@H]1[C@@H](O)[C@H](O[C@@H]2[C@@H](O)[C@H](O[C@H]3[C@H](O)[C@@H](O)[C@H](O[C@@H]4[C@@H](O[C@H]5CC[C@]6(C)[C@H]7CC[C@]89C(=O)O[C@@](C)(CC(=O)CC(C)C)[C@H]8CC[C@@]9(C)C7=CC[C@H]6C5(C)C)OC[C@H](O[C@H]5O[C@H](COS(=O)(=O)O)[C@@H](O)[C@H](O)[C@H]5O)[C@@H]4O)O[C@@H]3C)O[C@H](CO)[C@H]2O)O[C@H](C(=O)O)[C@H]1O,1343.4480000000005,2.129656522640333,0.0343696624354633,4.67058408943495
CNP0259956.1,C[C@@H]1O[C@@H](OC[C@H]2O[C@@H](O[C@H]3[C@H](O[C@H]4CC[C@]5(C)[C@H]6CC=C7[C@H]8CC(C)(C)CC[C@@]8(C(=O)O)CC[C@]7(C)[C@@]6(C)CC[C@H]5C4(C)C)OC[C@H](O)[C@@H]3O)[C@H](O)[C@@H](O)[C@@H]2O)[C@H](O)[C@H](O)[C@H]1O,897.1090000000006,2.7562911510667822,0.1252930193598736,6.179341010338867
CNP0164016.1,CC(=O)OC(C)(C)[C@H]1CC2=C(C)C(=O)C[C@]2(O)[C@@H](C)C[C@H]1O,310.39000000000004,2.373139594590155,0.7592726085874751,4.571069678979948
CNP0153607.1,CC(C)C1=C2C(=CC(=O)O1)[C@@]1(C)[C@@H]3O[C@@H]3[C@H](O)[C@]3(C)C(=O)O[C@H]([C@@H]2O[C@@H]2OC[C@@H](O)[C@H](O)[C@H]2O)[C@@H]31,494.4930000000002,2.6683887962818877,0.3072269203345696,5.499224453432803
CNP0284671.0,CC1=NNC(C)=C1CCC(=O)N1CCC2=C(C1)NC1=CC=CC=C21,322.41200000000003,-1.32931796126855,0.7782832025775085,2.471272268872962
CNP0015579.1,C[C@@H](O)CCCCCCCCCCCCCC1=CC(O)=CC(O)=C1,336.51599999999996,0.8842017300799835,0.3817257790364519,2.652585422420689
CNP0322938.3,O=C(/C=C/C1=CC=CC=C1)O[C@@H]1C(=O)C2=C(O)C=C(O)C=C2O[C@@H]1C1=CC=CC=C1,402.4020000000001,1.7044110583289798,0.5054252346123731,3.23731759472928
CNP0113872.2,C=C1[C@@H](O)C[C@@H]2[C@]13[C@@H]1[C@H](CC[C@@]23C)C1(C)C,218.33999999999995,3.0808689247442063,0.6196900831609613,5.431741140133584
CNP0334825.3,CC(=O)O[C@@H]1CC2C(C)(C)CCC[C@]2(C)C2CC[C@]3(C)C(=CC(=O)O[C@H]3C3=COC=C3)[C@@]21C,454.6070000000002,3.205786715883117,0.4841926788075589,4.779384915806238
CNP0599553.1,OC/C=C/C1=CC=C2O[C@@H](C3=CC=C4OC(CO)C(C5=CC=C(O)C(O)=C5)OC4=C3)[C@H](CO)OC2=C1,494.49600000000027,1.387445412796542,0.3275539541280043,4.080280177453578
CNP0218116.2,C=C1C(=O)O[C@H]2[C@H]1[C@H](OC(=O)/C(C)=C\C)C[C@]1(CO1)[C@@H]1[C@H](O)C=C(C)[C@]21O,376.40500000000003,3.6477449589205255,0.3178231326956574,5.560251707053917
CNP0348930.1,CC1(CO)CC(O)[C@]2(C(=O)O)CCC34CC3(C=CC3[C@]5(C)C(CC[C@]34C)C(C)(CO)[C@@H](O)[C@H](O)[C@@H]5O)C2C1,534.6900000000003,3.0260052927257397,0.26960228720947,6.013774995262564
CNP0166949.4,CCCCC[C@@H](CCCCCCCCCC(=O)O)O[C@@H]1O[C@H](CO)[C@@H](O)[C@H](O)[C@H]1O[C@@H]1O[C@@H](C)[C@H](O[C@@H]2O[C@@H](C)[C@H](O[C@@H]3O[C@@H](C)[C@H](O)[C@@H](O)[C@H]3O)[C@@H](O[C@@H]3O[C@H](CO)[C@@H](O)[C@H](O)[C@H]3O)[C@H]2O)[C@@H](O)[C@H]1O,1035.1370000000009,1.053470597010188,0.0377982721208746,6.180554656999311
CNP0172109.1,O=C1[C@@H](C2=CC=C(O)C=C2)OC2=CC(O)=CC(O)=C2[C@@]12C1=C(O)C=C(O)C=C1[C@H](O)[C@H]2C1=CC=C(O)C=C1,514.4860000000002,1.4254579006431132,0.2107168749703774,4.753035676611061
CNP0380731.1,CCOC1=CC=CC=C1N1C(=O)N2CCC3=C(NC4=CC=C(OC)C=C34)[C@@]2(C)C1=O,405.4540000000002,-0.5683098155598098,0.6699698041106135,3.018734026734471
CNP0428328.1,CC[C@H](C)[C@H]1NC(=O)C(C)NC(=O)C(CO)NC(=O)C(CCCCN)NC(=O)[C@@H]2CSSC[C@H]3NC(=O)C(CCCCN)NC(=O)C(CC4=CC=CC=C4)NC(=O)C(CCCCN)NC(=O)C(CC4=CC=CC=C4)NC(=O)C4CSSC[C@H](NC(=O)[C@H](CO)NC(=O)[C@H](CSSCC(NC(=O)C(CO)NC1=O)C(=O)NCC(=O)N[C@H](CCC(=O)O)C(=O)N[C@H]([C@H](C)O)C(=O)N4)NC(=O)C(CCCNC(=N)N)NC(=O)[C@H]1CCCN1C(=O)[C@@H]([C@@H](C)O)NC(=O)C(CC1=CC=C(O)C=C1)NC3=O)C(=O)NC(CO)C(=O)NC(CC1=CC=C(O)C=C1)C(=O)N1CCC[C@H]1C(=O)NC(C(C)C)C(=O)N2,2988.5429999999924,0.5767278758900237,0.0066092870719124,9.646485888816477
CNP0057809.4,C[C@@H]1[C@@H]2CCC[C@@H](/C2=N\NC(N)=S)[C@@]2(O)CCCC[C@H]12,295.45200000000006,0.6361889686267649,0.511990044153507,5.198924703556455
CNP0272761.1,CC[C@@H](CC[C@@H](C)[C@H]1CC[C@@H]2[C@@H]3C[C@H](O)[C@H]4C[C@@H](O)CC[C@]4(C)[C@H]3CC[C@@]21C)C(C)C,432.7330000000003,2.534175474539874,0.4707536758522933,4.585025247903634
CNP0240253.1,C[C@@H](N[C@@H](CCCN)C(=O)O)C(=O)O,204.22600000000003,0.6872760145188931,0.4333873699133411,2.936706169150133
CNP0192223.1,COC1=C(Br)C=C(Br)C(CCN2C[C@H](C)O[C@@](C)(O)C2)=C1Br,502.0410000000003,0.3269376106275482,0.6780104376868746,3.906330101009809
CNP0348446.2,CC1=C2C[C@H](C)OC2=NC2=CC=CC=C12,199.25300000000001,0.1707317071581506,0.6505157908402439,2.855548890975511
CNP0351336.2,COC1=CC=C(C(=O)N[C@H](OC[C@@H]2CCCN3CCCC[C@H]23)C(Cl)(Cl)Cl)C=C1,449.80600000000004,-0.273901609809975,0.5163824931903632,3.4604388082151107
CNP0492134.1,CCCCC[C@H](C(=O)CCC1=CC=C2OC#CC3(CCCC3)[C@H]3C#C[C@H](O)C4=CC=C5C(=C4CC4=C6C=[N+](C=C6N=C4)[C@H]3OC2=C1)CC=N[C@@H]5N)[C@H](O)[C@H]1C=C[C@H](C)CC1,806.0400000000001,2.46205465136927,0.0974391048337788,7.150777469960306
CNP0523843.1,CC1(O)[C@@H](OS(=O)(=O)O)CN2C(=N)N[C@@H](COC(N)=O)[C@@H]3NC(=N)N[C@@]321.O,411.39700000000016,1.8429731480297595,0.2048076085860579,6.0337997750468215
CNP0102329.1,COC1=CC([C@@H]2OC3=CC(OC)=C4C5=CC=C(O)C=C5[C@@H](CCC(C)C)CC4=C3C[C@H]2O)=CC(OCCC(C)C)=C1O,576.7300000000005,1.7076965647513316,0.2326343843139699,4.1328278121466
CNP0235640.1,C=C1C(=O)O[C@@H]2C[C@@H](C)[C@@H]3[C@H]4O[C@H]4[C@H](O)[C@@]3(C)[C@@H](O)[C@H]12,280.32,3.264632399115771,0.3776197476293626,5.110110667186309
CNP0246716.4,CC(=O)OC[C@@]1(O)C[C@@]23CC[C@@H]4[C@](C)(CCC[C@]4(C)C(=O)O)[C@@H]2CC[C@@H]1C3,378.5090000000001,3.1892085522482008,0.7303502283395557,5.651577862237484
CNP0364691.0,CC1=C(O)C=CC(C(=O)CC2=CC=C3OCCCOC3=C2)=C1O,314.337,0.0971663003256391,0.8518271486866107,2.324858589541881
CNP0349302.0,COC1=CC2=C(C=C1Cl)NC=C2CCNC(C)=O,266.728,-0.6383659030790831,0.893407933141286,2.110788964453453
CNP0507414.0,CC(C)CC(NC(=O)C(CC1=CNC2=CC=CC=C12)NC(=O)C(N)C1=CN=CN1)C(=O)NC(CCC(N)=O)C(=O)NC(CC(C)C)C(=O)NC(CCCCN)C(=O)N1CCCC1C(=O)NCC(=O)NC(CCC(N)=O)C(=O)N1CCCC1C(=O)O,1189.3869999999995,-0.1351676051940779,0.0287068555421141,5.824006826545131
CNP0602865.1,CCCC(=O)CC[C@@H](C)[C@H]1OC(=O)C/C=C(/C)[C@H](O)/C=C(C)\C=C/C=C(/C)C(=O)[C@@H](O)/C=C\C=C/C[C@H](O)[C@@H]1C,556.7400000000002,1.922796237897442,0.3008842094987456,5.506172893173933
CNP0198564.0,O=C(C=CC1=CC=C(O)C(O)=C1)OCCCCCCCCCCCCCCCCCCCCCCCCCCOC(=O)C=CC1=CC=C(O)C(O)=C1,723.0040000000006,0.3012214419867404,0.026146233825903,2.7229295612987183
CNP0166883.0,CC1=CN2C=CN3C=CC=C3C2=C1,170.21499999999997,-1.2135441854802995,0.489873583123168,2.8683551346242098
CNP0279323.4,C[C@H]1C(=O)CC[C@H]2[C@]3(C)CC[C@@]4(C)[C@@H]5C[C@]6(C)CC[C@]5(COC6=O)[C@H](O)C[C@]4(C)[C@@H]3CC[C@@]21C,470.69400000000036,2.952414951204159,0.4447681343158649,6.352372985744724
CNP0374039.1,CCCC1=CC(=O)OC2=C(C)C(OCC(=O)N[C@@H](C)C(=O)O)=CC=C12,347.3670000000001,-0.47084966815942,0.7424142640527145,2.7275755740643266
CNP0396893.0,CC12CC(C3=CC=CC=C3O1)C(C(N)=O)C(=O)N2CCNC1=C2N=CNC2=NC=N1,407.4340000000001,-0.4034114841223866,0.5360203187816236,4.717036080038481
CNP0192400.2,COC1=CC=C(C(=O)C2=C(O)C(=O)N(CCO)[C@H]2C2=CC=CC=C2)C=C1,353.374,-0.8681022496224153,0.7781398800329131,2.4701972600668967
CNP0577108.0,CSC(C)CCC#N,129.228,-0.9969733387437876,0.5819303590913856,3.677116895739773
CNP0147476.2,CC(C)=CC[C@@H]1N[C@H](C2=COC=C2)CC[C@@H]1C,233.355,1.9176688411288172,0.7962170782616707,4.170994839063889
CNP0217845.1,C=C1CC/C=C(/C)CC[C@H]2[C@H]1C[C@]2(C)C(=O)CCC(C)=O,288.431,2.693231474966725,0.7059522178588405,4.506603035619396
CNP0389558.0,C1CNCCN1,86.138,0.0618677129168333,0.4022372466625182,2.697976702132316
CNP0278909.3,C[C@H]1O[C@@H](O[C@@H]2CC[C@@]3(C)[C@H](CC[C@]4(C)[C@@H]3CC=C3[C@H]5CC(C)(C)CC[C@]5(C(=O)O)CC[C@]34C)C2(C)C)[C@H](O[C@@H]2O[C@H](CO)[C@H](O)[C@H](O)[C@H]2O)[C@@H](O)[C@H]1O,764.9940000000008,3.002698781996542,0.1525562616546417,5.700949665701774
CNP0421030.5,C=C[C@@](C)(CC/C=C(\C)C(=O)O[C@H]1[C@H](O)[C@@H](O)[C@H](O[C@](C)(C=C)CC/C=C(\CO)C(=O)O[C@H]2C[C@]3(C(=O)O[C@@H]4O[C@H](CO)[C@@H](O)[C@H](O)[C@H]4O[C@@H]4O[C@@H](C)[C@H](O[C@@H]5O[C@@H](CO)[C@H](O)[C@H]5O)[C@@H](O[C@@H]5O[C@H](CO)[C@@H](O)[C@H](O)[C@H]5O)[C@H]4O)[C@H](O)C[C@]4(C)C(=CC[C@@H]5[C@@]6(C)CC[C@H](O[C@@H]7O[C@H](CO[C@@H]8O[C@H](C)[C@H](O)[C@H](O)[C@H]8O[C@@H]8OC[C@@H](O)[C@H](O)[C@H]8O)[C@@H](O)[C@H](O)[C@H]7NC(C)=O)C(C)(C)[C@@H]6CC[C@]54C)[C@@H]3CC2(C)C)O[C@@H]1C)O[C@@H]1O[C@H](C)[C@@H](O)[C@H](O)[C@H]1O,2213.421999999998,1.6372915757823518,0.0091270971226209,8.886258974500223
CNP0210521.8,COC(=O)C1=CO[C@@H](O[C@@H]2O[C@H](CO)[C@@H](O)[C@H](O)[C@H]2O)[C@H]2[C@@H]1C[C@H](OC)O[C@@H]2C,420.4110000000002,2.716429555635852,0.3737230632006135,4.784970470007104
CNP0398510.0,COC1=C(C)C2=C(C(=O)OC2)C(O)=C1CC=C(C)CCC(=O)NC1=CC=C(CN2C=NC=N2)C=C1,476.5330000000002,0.0238211714296914,0.3551182998221394,2.8819420348173
CNP0600225.1,CC(=O)O[C@@H]1C=C[C@](C)(O)C[C@@H](C)CC=C[C@H]2C=C(C)[C@@H](C)C3[C@H](CC4=CC=CC=C4)N=C(O)[C@]321,477.6450000000002,2.328846777766366,0.438223658702524,6.011113718887412
CNP0241776.2,O=C1O[C@@H]2C[C@@](O)(CCl)[C@]3(C[C@@H](C4=COC=C4)OC3=O)[C@H]3CCCC1=C23,378.8080000000002,2.5036134276498347,0.628614924008452,5.425059239708396
CNP0259276.3,CC(=O)O[C@@H]1C[C@@]2(C)[C@H](CC[C@]3(C)[C@@H]2CC=C2[C@H]4[C@](C(=O)O)(CC[C@@H](C)[C@@]4(C)O)CC[C@]23C)C(C)(C)[C@H]1O,530.7460000000005,3.316052259986295,0.3103979697981163,5.101244501018265
CNP0163430.7,CO[C@@H]1O[C@@H](CO)[C@@H](O)[C@@H](O)[C@@H]1O,194.18300000000002,2.5744272516352456,0.3855013631600322,3.505332884024188
CNP0181305.1,CNC1=CC=CC=C1C(=O)O[C@@H](C)[C@]1(O)CC[C@@]2(O)[C@]1(C)[C@H](OC(C)=O)C[C@@H]1[C@@]3(C)CC[C@H](O[C@H]4C[C@H](OC)[C@H](O[C@H]5C[C@H](OC)[C@H](O[C@H]6C[C@H](OC)[C@H](O[C@H]7C[C@H](OC)[C@H](O[C@@H]8O[C@H](C)[C@@H](O)[C@@H](OC)[C@H]8O)[C@@H](C)O7)[C@@H](C)O6)[C@@H](C)O5)[C@@H](C)O4)CC3=CC[C@]12O,1294.533,1.6549048596157292,0.0758273195774434,7.539578530865659
CNP0445681.1,O=C(N[C@H]1CO[C@H]2[C@@H]1OC[C@H]2OCC1=CC=CC=C1)C1CCCCC1,345.4390000000002,-0.5111485808753798,0.8904838399597276,3.4354452546543737
CNP0313015.0,COC1=C2CN(C)CCC2=C(S(=O)(=O)NCC2=CC=C3OCOC3=C2)C2=C1OCO2,434.47000000000025,-0.4076837673391734,0.7586913575495167,2.8776938896254904
CNP0263405.2,CC1=CC[C@@]23CC1C[C@@H]2CC[C@H]1C(C)(C)C[C@H](O)C[C@@]13C,288.475,3.354273414924338,0.6255195669230582,5.9803357413544616
CNP0577276.0,NC=CS,75.136,0.0888727136168749,0.3990138130123133,4.906738431083365
CNP0552133.2,CC[C@H](C)[C@@H](NC(=O)OCC1=CC=CC=C1)C(=O)NC1=CC=C(C)C(C)=C1,368.4770000000001,-1.0787219009384854,0.7513910579888001,2.562669237603709
CNP0134482.4,O=C(C1=CC=CC=C1)[C@@H]1[C@]2(C(=O)NC3=CC=CC=C32)[C@@H]2CCCN2[C@]12C(=O)NC1=CC=C(Cl)C=C12,483.9550000000002,-0.0638848834309314,0.5309574633372314,4.536243467940301
CNP0459935.0,CCCCCCN1C=CC(=N)C=C1,178.27900000000002,-0.3293499312331923,0.6713220702603991,2.5704738456429226
CNP0125316.1,CC(=O)O[C@@H]1C(=O)C=C(C)[C@@H]2CC3=C(C)C(=O)O[C@@]3(O)C[C@@]12C,320.34100000000007,3.061881462070009,0.7350739501096463,4.670786512899369
CNP0315057.1,CC1(C)[C@@H](O)CC[C@]2(C)[C@H]3CC=C4[C@@H]5C[C@@](C)(CO)[C@@H](O)[C@@H](O)[C@]5(C)CC[C@@]4(C)[C@]3(C)CC[C@@H]12,474.7260000000003,3.133754269572532,0.3994867731196944,5.085249630906541
CNP0263143.0,C=C(CO)C1CC(O)C(=C)C2CC=C(C)C2C1,234.33899999999994,2.9766911911960645,0.7204686307095821,4.6817116714563145
CNP0601356.0,CCC(C)C1NC(=O)C(NC(=O)NC(CCCNC(=N)N)C(=O)O)CCCCNC(=O)C(CC2=CC=CC=C2)NC(=O)C(CC(N)=O)N(C)C(=O)C(CCC2=CC=CC=C2)N(CC)C1=O,906.0989999999998,0.5057069060747383,0.0591671407927226,5.548555762217597
CNP0365302.4,CC1(C)CC(=O)[C@@H]([C@@]2(O)C(=O)NC3=CC=C(Br)C=C32)CO1,354.2000000000001,0.802338899496281,0.8087309442884982,3.688081147210002
CNP0424847.1,C1C[C@H]2[C@H]3SS[C@H]4C[C@@H]5CCCN5[C@H]4SS[C@H]3CN2C1,346.6120000000001,0.400614471033395,0.6145975738391158,5.30305692771887
CNP0365790.0,CC(CC=CCC(C)C(CC(=O)O)OC(=O)CC(=O)O)C(O)CC(=O)O,374.3860000000001,1.408832235829146,0.2115695358369378,4.092542934381408
CNP0095723.2,CC(C)[C@@H](C)[C@H]1O[C@H]1[C@]1(O)CC=C[C@H]2C[C@@]34CC[C@@H]5[C@H](O)[C@H](O)C[C@@](CO)(C(=O)C=C3[C@@]3(O)CC[C@H]1[C@@]23CCC1=CC(O)=CC(N2CCCC2=O)=C1)[C@]54C,745.9539999999997,2.6099688535667025,0.1671859243679479,6.766496887039625
CNP0541628.1,NC1=CC2=C3CO[C@@H](CC[C@H](CCCO)[C@@H](CCC4=CC=C(O)C=C4)C#C2)C[C@H](O)CCC2=C(CO)C=C(O)C(=C2)OCC2=CC([C@@]45CCOC[C@H]4CCC4=CC=CC=C45)=CC4=CN(C=C24)C3=N1,918.1439999999997,1.2704512672805837,0.0811653237068081,7.724186474832361
CNP0233215.1,N[C@@H](CC1=CC(O)=CC(O)=C1)C(=O)N/C(=C/C1=CC(O)=C(O)C(O)=C1)C(=O)N/C=C/C1=CC(O)=C(O)C(O)=C1,539.4970000000003,0.5729343639981155,0.1430640431346979,3.7660471226866967
CNP0258565.4,COC1=C(O)C=C2OC(C3=CC=C(O)C=C3)=C(O[C@@H]3O[C@@H](C)[C@H](O)[C@@H](O)[C@H]3O)C(=O)C2=C1O,462.40700000000015,2.0929803774507034,0.322716208921281,3.99452277669855
CNP0271426.2,COC1=CC2=C3C(=C1O)OC(=O)C1=CC(OC)=C(O[C@@H]4O[C@H](CO)[C@@H](O)[C@H](O)[C@H]4O)C(=C13)OC2=O,492.3890000000002,1.7404660189586771,0.1747881971949565,4.195952813320526
CNP0348648.2,CCCCCCCCCCCCCCC[C@@H](O)[C@H](CO[C@H]1O[C@H](C(=O)O)[C@H](O)[C@H](O)[C@H]1O)NC(=O)CCCCCCCCCCCCC,687.9999999999993,0.81780453062709,0.0411653958528571,4.307800133236986
CNP0544292.1,CNCC[C@@H]1C=C/C(=C\C[C@H](C)[C@H]2CNC[C@]3(O)[C@H](OC4=CC=C5C(=O)[C-](C6=CC=C(O)C=C6)C=[O+]C5=C4)O[C@H](C(=O)O)[C@@H](O)[C@@H]3OCSSC[C@@H]2C2=CCN=C2)C2=CC=CC=C21,896.0970000000001,1.4149632671486647,0.0552015135322574,7.205105635261826
CNP0338697.1,C=C(CC(=O)C=C(C)C)[C@@H](COC1=CC=C(C(=O)OC)C=C1OC)OO,364.3940000000001,1.0269661789754088,0.2240424153863819,3.2996354175258755
CNP0278963.1,C=C(C)/C1=C/C=C(\C)CC[C@H]2O[C@@]2(C)CC/C=C(/C)CC1,286.459,3.1699152980512912,0.4320736857128502,4.518748004252493
CNP0378399.1,CC(=O)OC[C@H]1O[C@@H](SC2=C(S[C@@H]3O[C@H](COC(C)=O)[C@@H](OC(C)=O)[C@H](OC(C)=O)[C@H]3OC(C)=O)C(=O)C3=CC=CC=C3C2=O)[C@H](OC(C)=O)[C@@H](OC(C)=O)[C@@H]1OC(C)=O,882.8680000000003,0.4274656743640067,0.1907790114769185,5.154093727814189
CNP0375754.0,CCCCCCCCCC=CCCCCCC(=O)OC(COC(=O)CCCCCCCCCCCCCCC)COP(=O)(O)OC1C(OC2OC(CO)C(O)C(O)C2O)C(O)C(O)C(O)C1OC1OC(CO)C(O)C(O)C1O,1147.3370000000014,1.0007721349104044,0.0179930578436975,5.960946398950036
CNP0184644.0,C=C1C=CC(=O)C2(C)CC3OC(=O)C(C)C3CC12,246.30599999999998,3.058672171031401,0.6157813180984275,4.654559229505844
CNP0183417.4,CCCCCCCCCCCCCC/C(=C/[C@H](O)CCCCCCCCCCCC(C)CC)CO[C@@H]1O[C@H](CO)[C@@H](O)[C@H](O)[C@H]1O,657.0300000000008,1.2689319219997974,0.0374828571317737,4.45784380625891
CNP0148062.4,O=C(C=CC1=CC=C(O)C(O)=C1)O[C@@H](C(=O)O)[C@@H](OC(=O)C=CC1=CC=C(O)C(O)=C1)C(=O)O,474.3740000000002,0.7053383903597059,0.1722185031058448,3.5141835542355797
CNP0414477.0,NC(=O)C1C(=O)N(CCC2=CC=CO2)C23CCOCC2C1C1=CC=CC=C1O3,382.4160000000001,-0.1764911816199963,0.8120201213143007,4.8827971512183925
CNP0134151.1,COC1=CC(C(CC(=O)NC2CCC3=CC=CC=C3NC2=O)C2=C(O)C=C3/C=C/CCCC(=O)CCC[C@H](C)OC(=O)C3=C2O)=CC(OC)=C1OC,714.8120000000004,0.7020464409407319,0.1972688510934892,4.818505673134265
CNP0546570.1,NC(=O)C1=C(N)[C@@H](O)[C@@H]2O[C@@H]2C1=O,184.15099999999998,1.9746055084315,0.3046058006242928,4.242155846598674
CNP0290076.1,CC(C)=CCC1=C(O[C@@H]2OC(CO)[C@@H](O)[C@H](O)C2O)C=C(O)C2=C1OC(C1=CC=C(O)C=C1)=C(O)C2=O,516.4990000000003,2.3121824125425,0.2335227772132684,4.232356863277324
CNP0504898.1,CC/C=C\C/C=C\C/C=C\C/C=C\CCCCC(=O)OC[C@H](COC(=O)CCCCCCCCCCCCCC)OCCCCCCCCCCCCCCCCCC,827.3729999999991,0.5197405174742343,0.0347390308434883,3.685105424950872
CNP0264207.2,CC(C)(C)OC(=O)N1CSC[C@@H]1C(=O)O,233.289,-0.9108173638729132,0.7407776134922043,2.857307195640436
CNP0272025.0,O=C1CC(C2=CNC3=CC=CC=C23)C(=O)N1C1=CC=C2C=CC=CC2=C1,340.38200000000006,-0.590356616405427,0.5510264834947003,2.644665961192736
CNP0561682.1,C[C@]12CCC(=O)C[C@H]1CC[C@@H]1[C@@H]2C[C@@H](O)[C@]2(C)[C@@H](C3=CC(=O)OC3)[C@@H](O)C[C@]12O,404.5030000000002,3.0018640803606957,0.5754900132910157,4.946984344598149
CNP0003863.1,COC1=CC=CC=C1N1CCN([C@H]2[C@@H]3OCC(O3)[C@@H](NCC3=CC=C(C4=CC=CC=C4)C=C3)[C@@H]2O)CC1,501.6270000000002,-0.2604142278511783,0.515769713944079,4.407101147169228
CNP0549390.4,COC1=CC=CC(CN2C(=O)[C@H]3[C@H](C(=O)NC4=CC(C)=CC(C)=C4)[C@H]4C=C[C@@]3(O4)[C@@H]2C(=O)N[C@@H]2CCC[C@H](C)[C@H]2C)=C1,571.7180000000003,-0.6107009226748167,0.47592575954112,5.435738684460516
CNP0087262.3,CC1=C2C[C@@]3(C)[C@H](CCC[C@@H]3C)[C@@H](O)[C@@H]2OC1=O,250.338,2.517310142491461,0.6716350516384724,4.440006011295484
CNP0105136.2,CC1(C)CC[C@@]23CC[C@]4(C)[C@@](O)([C@H](C[C@@H]5[C@]6(C)CCC(=O)C(C)(C)[C@H]6CC[C@]54C)OC2=O)[C@H]3C1,470.6940000000004,3.118412984843688,0.4353739363206275,5.834639953472984
CNP0226869.2,COC1=CC2=C(C=CC(C)(C)O2)C=C1[C@@H](C)O,234.295,2.1985095747206773,0.8546776832901125,3.211567980519112
CNP0167260.1,C=C1[C@H](O)[C@H]2[C@@H](OC(=O)/C(C)=C\C)[C@@H](C)C[C@]2(O)C(=O)[C@](C)(O)/C=C/C(C)(C)[C@H](OC(=O)C2=CC=CN=C2)[C@H](OC(C)=O)[C@H]1OC(=O)/C(C)=C\C,711.8050000000002,2.0796213211947787,0.1610555882953133,6.08226328573008
CNP0379505.2,COC1=CC([C@H]2[C@@H]3CCCC[C@]3(O)CCN2CC(=O)NCC2=CC=CO2)=CC(OC)=C1OC,458.5550000000002,-0.3539434338250757,0.6269804509404913,3.5159121626869183
CNP0192351.0,COC1=CC(=O)C=C(CCCCCCCCCCCCC=CC(=O)O)C1=O,376.49300000000005,1.7385842757088965,0.2492606582157208,2.679714018518183
CNP0542727.1,CCCCC/C=C\C/C=C\C/C=C\C/C=C\CCCCCC(=O)OC[C@H](COC(=O)CCCCCCCCCCCCCCCCCCCCC)OC(=O)CCCCCCCCCCCCCCCCCCC,1023.7069999999983,0.4117314839733086,0.0261380638582074,3.834847128566001
CNP0597385.1,CCCCCCCCCCCCCCCCCCCCCC(=O)OC[C@@H](COC(=O)CCCCCCCCCCCCCC)OC(=O)CCCCCCCCC(C)C,821.3659999999994,0.2992978606025004,0.0345588843249951,3.1575643261756525
CNP0113751.2,C/C=C(\C)C(=O)OC[C@@H]1[C@@H]2[C@@H](O)CCN2C[C@H]1O,255.31399999999996,2.1384893041549717,0.54517513431973,4.229878446124362
CNP0423570.1,CC(=O)O[C@@H]1C[C@]2(C)C=C[C@@H](O)[C@@]34[C@H](O)CCC(C)(C)[C@]13C=CO[C@@]42CCC1=CC(=O)OC1,458.55100000000033,3.446309275145338,0.4932279198930399,7.094954822822299
CNP0468393.0,O=P(O)(O)P(=O)(O)O,161.97400000000002,0.4151901561163875,0.3770159010213369,3.172515103746812
CNP0218010.3,CO[C@H]1[C@@H](O)[C@@H](C)O[C@@H](O[C@H]2CC[C@]3(C)[C@H]4CC[C@]5(C)[C@@H](C6=CC(=O)OC6)CC[C@]5(O)[C@@H]4CC[C@]3(O)C2)[C@@H]1O,550.6890000000004,2.960447746238594,0.306981915371764,5.235883620277796
CNP0261615.1,C[C@H](O)/C=C/[C@@]1(O)[C@H](C)[C@H](O)[C@@H](O)CC1(C)C,244.33099999999996,3.0810611963872763,0.5314350691308004,4.769298187917372
CNP0034369.1,CCC=CCC=CCC=CCC=CCC=CCCCC(=O)O[C@H](COC(=O)CCCC=CCC=CCC=CCC=CCCCCC)COP(=O)(O)OCCN,786.044,0.9010508712596552,0.027534781731132,4.696888038991113
CNP0305250.1,C=CCCCCCCCC[C@H]1C[C@H](C[C@H](COC(C)=O)OC(C)=O)C(=O)O1,382.4970000000002,1.7824908398651718,0.1946553784809196,3.758004103676739
CNP0132961.0,CCC(C)NC(=O)C1=C(O)C2=CC=CC3=C2N(CCC3)C1=O,300.3580000000001,-0.7712495478655682,0.9123987871170376,2.8194660245752203
CNP0287171.1,C[C@@H](O)C(=O)C(=O)O,118.08799999999998,0.6355190719203502,0.4568550599336506,3.021845409331444
CNP0354895.1,CC(=O)[C@H]1CC[C@@]2(C)[C@@H]3CC[C@@H]4C(=CC3=CC[C@]12C)CC[C@H]1N(C)COC[C@]41C,397.60300000000024,2.244731569488076,0.5957006175325907,5.133770715475883
CNP0483977.1,C[N+]1(CCOC[C@@H]2CCC[N+]3(C)CCCC[C@H]23)CCCCC1.[I-].[I-],564.3340000000001,0.5177186851829584,0.1974931397983318,4.555412372402162
CNP0491588.0,O=C(NN=C(C1=CC=CC=C1)C1=CC=CC=C1Br)C1=CC=CC([N+](=O)[O-])=C1,424.2540000000001,-1.4950479345711851,0.3708770944203378,2.138734353446413
CNP0253973.10,C=C(C)[C@@H]1CC[C@]2(C(=O)O)CC[C@]3(C(=O)O)[C@H](CC[C@@H]4[C@@]5(C)CC[C@H](O)C(C)(C)[C@H]5CC[C@]43C)[C@@H]12,486.6930000000004,2.901555057898866,0.4156959525526356,4.895902788884023
CNP0426660.0,CCC1=CN2CCC3=C(NC4=CC=CC=C34)C2C=C1C1=CN2C3=CC=CC=C3C34CCN5CC(=CCO)C(CC53)C(C1O)C24,584.7640000000004,1.9788358569273652,0.3635825445382432,6.546571058551408
CNP0566576.1,CCCCC[C@H](C(=O)CCC1=CC2=C(C=C1O)OC#CC1(CCCC1)[C@@H]1C#C[C@H](O)C3=CC=C(C(N)N)C=C3CC3=C4C=[N+](C=C4N=C3)[C@@H]1O2)[C@H](O)C[C@H](O)CCC,789.994,2.2618169123408998,0.0599476936616661,3.337569021104872
CNP0600687.1,CCCCCCCCCCCCCCCCCCC(=O)OC[C@@H](COC(=O)CCCCCCCCCCCCCCCC(C)C)OC(=O)CCCCCCCCCCCCCCCC(C)C,933.581999999999,0.2630193320446216,0.0343432007898845,3.360057761473427
CNP0339412.6,COC[C@H]([C@@H](O)[C@@H](O)C(=O)N[C@@H](C)C[C@@H](C)C1=NC(/C=C/C[C@H]2O[C@]3(C[C@H](O)[C@H]2C)O[C@@H]([C@@H](C[C@@H](O)[C@@H](C)[C@@H](O)[C@@H](C)/C=C(C)/C(C)=C\C=C\C(C)=C\C#N)OC)[C@@H](OP(=O)(O)O)C3(C)C)=CO1)N(C)C,1023.2120000000001,1.1986589394380605,0.0341179396719049,7.403341063188383
CNP0126467.1,CN1CC[C@@]23C4=NC5=CC=CC=C5[C@]2(CCN4)C1=NC1=CC=CC=C13,328.41900000000004,0.636952914274572,0.8060766469284069,5.155647865139395
CNP0032925.0,CC(=NC1=CC=CC(O)=C1)C1=CC2=CC=CC=C2OC1=O,279.295,-0.3456031554141762,0.5751077224736751,2.328039005047554
CNP0463620.0,CCC(C)C(NC(=O)C(N)CC1=CC=C(O)C=C1)C(=O)O,294.351,0.4331960479258382,0.5959998421591333,2.8529750369961637
CNP0404333.1,COC1=CC=C(CNC(=O)CC[C@@H]2NC(=O)N(CC3=CC=CC=C3)C2=O)C=C1OC,411.45800000000014,-0.9201625322149266,0.6169994969890418,2.559193212254834
CNP0035815.0,CCOC(=O)C1=C(C2=CC=CC=C2)OC2=CC(Br)=C(OC)C=C12,375.21800000000013,-0.1886558915316521,0.5992449472563548,2.086836814393953
CNP0168220.2,O=C1C2=C(O)C=C(O)C=C2O[C@H](O)[C@H]1C1=CC=C(O)C=C1,288.255,1.684199208237376,0.6329031876359167,3.2983016972588635
CNP0267960.1,COC1=CC(/C=C/C(=O)OCCCC2=CC(OC)=C3O[C@@H](C4=CC=C(O)C(OC)=C4)[C@H](COC(=O)/C=C/C4=CC=C(O)C=C4)C3=C2)=CC=C1O,682.7220000000003,1.0285869352568422,0.0760692415613943,3.8739419451096
CNP0327336.1,COC1=CC=C(C(=O)N2CCN(C(=O)C3=CC=CC=C3)[C@H](C(=O)N[C@H]3CCCNC3=O)C2)C=C1,464.5220000000002,-1.0334016472347094,0.6880470633158416,3.0104539796082115
CNP0593551.1,C=C1C(=O)O[C@H]2C[C@H](C)[C@@]3(CCC4=CC=C(C)C(C(C)CCCO)=C4)C(=C(C)[C@H](C(=O)O)[C@H]3OC(C)=O)C[C@H]12,538.6810000000003,2.048218566074726,0.250018925576673,4.99984992635415
CNP0255734.1,CC[C@H](/N=C1\C[C@](O)(CO)CC(NCC(=O)O)=C1OC)C(=O)O,330.33700000000005,0.6768927387606957,0.3936633238654942,4.276530362736997
CNP0047529.3,COC1=CC=C([C@H]2C[C@@H](C)C(C)=C(C#N)O2)C=C1,243.30599999999998,0.6881407884032833,0.7967254013276102,3.519794701757601
CNP0167478.1,CCCCCCCC[C@H]1CC(=O)N[C@@H](CC(=O)O)C(=O)N[C@H](CC2=CC=C(O)C=C2)C(=O)N[C@H](CC(=O)O)C(=O)N[C@@H](CCC(=O)O)C(=O)N2CCC[C@H]2C(=O)N[C@H](C)C(=O)N[C@@H]([C@@H](C)O)C(=O)N1,975.0629999999999,1.1233518972502368,0.0806532027759315,5.9159580350285
CNP0279464.1,O=C(C[C@@H]1CCNC[C@@H]1CC1=NOC(CC2CCCCC2)=C1)NC1=CC=CC=C1,395.54700000000014,-1.0295438794464862,0.7192369212773848,3.2909136713477345
CNP0251414.4,C[C@H]1CC[C@]2(NC1)O[C@@H]1[C@H](O)[C@H]3[C@H]4CC=C5C[C@@H](O)CC[C@]5(C)[C@@H]4CC[C@]3(C)[C@@H]1[C@@H]2C,429.6450000000003,3.040271673140699,0.503732999265693,5.650004201323266
CNP0261954.1,CC(=O)OCC1=CO[C@@H](OC(=O)[C@H](O)C(C)C)[C@H]2C1=C[C@@H](OC(=O)CC(C)C)[C@@]2(O)COC(=O)CC(C)C,540.6060000000003,2.051204380474184,0.2763513372138071,4.894948741599287
CNP0153631.4,C[C@H](CC[C@@]1(O)O[C@H]2C[C@H]3[C@@H]4CC=C5C[C@@H](O[C@@H]6O[C@H](CO)[C@@H](O)[C@H](O[C@@H]7O[C@H](CO)[C@@H](O)[C@H](O)[C@H]7O)[C@H]6O[C@@H]6O[C@@H](C)[C@H](O)[C@@H](O)[C@H]6O)CC[C@]5(C)[C@H]4CC[C@]3(C)[C@H]2[C@@H]1C)CO[C@@H]1O[C@H](CO)[C@@H](O)[C@H](O)[C@H]1O,1065.2100000000003,1.9992832187067928,0.0726648508977365,6.802173482533168
CNP0069773.0,CC(=O)OC1=CC=C2C(C)=C(C3=CC=C(Br)C=C3)C(=O)OC2=C1,373.2020000000001,-0.0451970592016087,0.3782558539787253,2.151327272973834
CNP0189016.2,C=C1CO[C@@]2(O[C@H]3C[C@H]4[C@@H]5CC=C6C[C@@H](O)C[C@@H](O[C@@H]7OC[C@H](O)[C@H](O)[C@H]7O[C@@H]7O[C@@H](C)[C@H](O)[C@@H](O)[C@H]7O)[C@]6(C)[C@H]5CC[C@]4(C)[C@H]3[C@@H]2C)[C@H](O)[C@H]1O,738.8680000000002,3.109779472031194,0.1764055027132229,6.63395506154364
CNP0563936.0,CCC1=CC=CC=C1S(=O)(=O)N1CCC2(CC1)NC1=CC=CC=C1N1C=CC=C12,407.539,-1.2156998074867071,0.7097891045496327,3.061380080352672
CNP0051580.0,CCCCCCCC(=O)CC(=O)C=CC1=CC(OC)=C(O)C=C1CC1=CN=C(N)C(CC2=CC=CC=C2)=C1,514.6660000000003,1.20418132684665,0.137027240909939,2.8354936591945155
CNP0281779.1,CNC(=N)NCC1=C(CCC2=CC=C(N)N=C2)C=C2C(=O)C3=C(CO)C(OC)=CC(O[C@@H]4O[C@H](CO)[C@](O)(CCC5=CC=NC(N)=C5)[C@H](O)[C@H]4O)=C3C(=O)C2=C1O,787.8270000000002,2.1206753442386628,0.0545265866734685,5.2580993733161945
CNP0198417.1,C[C@]12CC[C@@H](C(=O)OCCCCCCC(=O)O[C@@H]3O[C@H](CO)[C@@H](O)[C@H](O)[C@H]3O)C[C@@]1(O)CC[C@@H]1[C@@H]2CC[C@]2(C)[C@@H](C3=COC(=O)C=C3)C[C@H]3O[C@]132,718.837,2.342855884229873,0.1268850131814185,5.907786890253654
CNP0193725.0,CC1=CC(=O)OC2=CC(OCC3=NOC(C(=O)NC4CC(C)(C)NC(C)(C)C4)=N3)=CC=C12,440.5000000000002,-1.2164480487815004,0.5810054727305888,2.877003920442609
CNP0293187.2,O=C(NC1=CC=CC=C1)[C@@H]1[C@H]2C=C[C@]3(CN(CC4=CC=C5OCOC5=C4)C(=O)[C@@H]13)O2,404.4220000000002,-0.6447117209451998,0.7919289044625227,4.671439126685694
CNP0379662.2,COC1=CC=CC([C@@H]2C3=C(OC4=CC=C(C)C=C4C3=O)C(=O)N2CCC2=CC=C(OC)C(OC)=C2)=C1,485.5360000000003,-0.5689284946814528,0.3700103539624906,2.803886424726551
CNP0363626.2,CC(C)=C1CC[C@]2(C)[C@@H](OC(=O)C3=CC=CN=C3)/C=C(\C)CC[C@H]3O[C@@]3(C)C[C@@H](OC(=O)C3=CC=CN=C3)[C@@H]12,530.6650000000004,1.750157124437223,0.2614210009013018,5.0679632240074
CNP0197803.3,O=C(O[C@H]1[C@H](O)[C@@H](CO)OC(O)[C@@H]1OC(=O)C1=CC(O)=C(O)C(O)=C1OC1=CC2=C3C(=C1O)OC(=O)C1=CC(O)=C(O)C(=C13)OC2=O)C1=CC(O)=C(O)C(O)=C1,784.5440000000004,1.475600813529286,0.0452283716206692,5.063611210746967
CNP0105918.0,COC1=CC=CC=C1C=C1OC2=CC(OC(=O)C3=CC=C(Cl)C=C3)=CC=C2C1=O,406.821,-0.6592763177774137,0.3389933656350959,2.1657498149410586
CNP0486604.2,CCCCCCCCCCCCCCCCCCCCCC(=O)OC[C@H](COC(=O)CCCCCCCCCCCCCCCCCCC(C)C)OC(=O)CCCCCCCCCCCCCCCC,989.6899999999986,0.2479896559277861,0.034316626061623,3.4347448001969925
CNP0563572.3,O=[N+]([O-])C1=CC2=C(C=C1[C@H](Cl)[C@H](Cl)C1=CC=CC=C1)[C@H](O)[C@H](C1=CC=CC=C1)N2,429.30300000000005,0.0139378477226689,0.293970805237198,3.9197156967557127
CNP0435735.2,C=C[C@](O)(CC[C@@H](C)[C@H]1CC[C@H]2[C@@H]3C[C@@H](O)C4=CC(=O)CC[C@]4(C)[C@H]3CC[C@]12C)C(C)C,442.68400000000037,2.7677291386812093,0.4890701776906991,4.929267843191693
CNP0402601.0,COC1=CC2=C(C=C1OC)C(=O)N(CC(=O)NC1=CC=CC3=C1C=CN3C)C=N2,392.4150000000001,-1.3816750598424246,0.5639999355166284,2.275935090376759
CNP0198037.1,C=C[C@@H]1[C@H](CC(=O)O)C(C(=O)OC)=CC[C@H]1O[C@@H]1O[C@H](CO)[C@]23OC=C4NC(C(C)C)=CC4=C2CC[C@@]1(O)[C@H]3O,559.6120000000004,2.2118998050747005,0.2189196715490682,6.97532228744426
CNP0201139.1,C[C@@H]1OC2=C(C(=O)C3=CC(O)=CC=C3C2=O)C1(C)C,258.27299999999997,2.2432599872263785,0.7760536037726328,3.3672198877470434
CNP0535967.1,C[C@@]12C=C[C@]3(O1)[C@H](C(=O)N(CCC1=CC=C(Cl)C=C1)[C@H]3C(=O)NC1CCCCC1)[C@H]2C(=O)NC1=CC=C(Cl)C(Cl)=C1,616.9730000000002,-0.6317084760812515,0.3841797348552656,5.099359888453303
CNP0238840.3,COC1=C(Br)[C@@H](O)[C@]2(C=C1Br)CC(C(=O)NCCCCNC(=O)C1=NO[C@]3(C=C(Br)C(=O)[C@@H](Br)[C@@H]3O)C1)=NO2,804.0810000000004,1.299667408732059,0.2135068076921546,5.812535547988805
CNP0597792.0,CC(=O)NC1=CC=CC(N2CCN(CCCCNS(=O)(=O)CC3CCCCC3)CC2)=C1,450.6490000000003,-1.6146387027487286,0.5356475187874458,2.3357533146654923
CNP0151655.1,CC1=CCC2=C(O1)C(C[C@@H](C)C(C)(C)O)=C1O[C@@]34C(=C[C@H]5C[C@@H]3C(C)(C)O[C@]4(C/C=C(\C)C=O)C5=O)C(=O)C1=C2O,562.6590000000003,3.184210502112872,0.377627221205087,6.8625336356818
CNP0128034.1,C=C1C[C@@]23CC[C@H]4[C@@](C)(CC[C@@H](OC(=O)C=C(C)C)[C@@]4(C)C(=O)OC)[C@@H]2CC[C@@H]1C3,414.58600000000024,2.9883820115104127,0.3417878476821098,5.79646433889801
CNP0372012.1,O=C1CCC(=O)N1CC[C@H](C1=CC=CC=C1)C1=CC=C2OCOC2=C1,337.37500000000017,-0.417806344786656,0.7869426762142651,2.6612860246934726
CNP0125334.1,C[C@H]1CC[C@]2(C)C(C(=O)O)=CCC[C@H]2[C@]1(C)CCC1=CCN(CCC2=CC=C(O)C=C2)C1=O,451.6070000000002,2.1931053304139323,0.5859960386525159,4.274418910933612
CNP0599194.1,CCCCCCCC/C=C\CCCCCCCCCCCC(=O)OC[C@@H](COC(=O)CCCCCCCCC/C=C\CCCCCCCC)OC(=O)CCCCCCC/C=C\CCCCCCCC,969.6149999999989,0.343477768498283,0.026149295154189,3.6313413338225153
CNP0411584.1,CCCCCCC/C=C/C[C@H]1CCC[C@@H]2CCCN21,263.4689999999999,0.7888914534877421,0.4235313526309133,3.122309417092402
CNP0210746.0,CC1=C(C)C2=CC3=C(C=C2O1)OC(=NO)C1=CC=CC=C13,279.295,-0.3072473370030381,0.2973800106333574,2.612189774278322
CNP0164616.1,COC1=CC=C(C2=COC3=CC(O[C@@H]4O[C@H](CO[C@@H]5O[C@@H](C)[C@H](O)[C@@H](O)[C@H]5O)[C@@H](O)[C@H](O)[C@H]4O)=CC=C3C2=O)C=C1,576.551,1.3839619156118803,0.2106646877710093,4.445994398964168
CNP0148344.1,CC[C@@H](OC1CC[C@H](OC)[C@@H](C)O1)[C@@]1([C@@H]2OC([C@H]3O[C@@](O)(CO)[C@H](C)C[C@@H]3C)C[C@@H]2C)CC[C@H]([C@]2(C)CC[C@]3(C[C@H](O)[C@@H](C)[C@@H]([C@@H](C)[C@@H](OC4CC[C@H](OC)[C@@H](C)O4)[C@H](C)C(=O)O)O3)O2)O1,943.2220000000002,1.8751774934083905,0.1381470273847423,7.393386588331131
CNP0250448.2,C[C@@H]1OC(=O)CC[C@@H]1C,128.17099999999996,2.3258002984371555,0.4601397427680652,3.451607436837397
CNP0253839.1,COC1=C[C@@H](C)[C@@H]2C[C@H]3OC(=O)CC4[C@@]3(C)[C@H]([C@@H]3OCO[C@H]3[C@@]4(C)O)[C@@]2(C)C1=O,406.4750000000002,3.556571612352385,0.664366815875826,5.409514384320639
CNP0233295.1,C[C@H]1O[C@@H](O)CC[C@@H]1O[C@@H]1O[C@H](CO)[C@@H](O)[C@@H](O)[C@H]1O,294.3,2.42020874768356,0.3925372538383038,4.309179782820246
CNP0123406.5,C=C1CCC[C@]2(C)C[C@H]3OC(=O)[C@@H](CN4CCN(C5=CC=CC(OC)=C5)CC4)[C@H]3C[C@H]12,424.5850000000002,0.5017517223440289,0.5370038631247444,3.9591940260869247
CNP0598857.0,CC1=CC=C(C(C2=CC=C(C)O2)C2=CC([N+](=O)[O-])=CC=C2O)O1,313.309,-0.7384435587063567,0.5731367701006806,2.61401597489691
CNP0571313.1,C[N+]1(C)CCC2=CC(O)=C(O)C=C2[C@@H]1CC1=CC=C(O)C=C1,300.378,1.6908343510407768,0.5901699612874202,3.250814574386065
CNP0251652.1,CC(C)=CCC[C@](C)(O)[C@@H]1CC2=C(C=CC(C(=O)/C=C/C3=CC=C(O)C=C3)=C2O)O1,408.4940000000001,2.0863955393187603,0.3481613988720569,3.669749060125749
CNP0146863.1,CC[C@@H](C)[C@H](NC(=O)CNC(=O)CCC1=C(C)C2=CC=C(OC)C=C2OC1=O)C(=O)O,432.4730000000002,-0.4222186666060804,0.4870624479455472,3.0588919244230306
CNP0180733.1,COCCN(C[C@@H]1CCCN2CCCC[C@H]12)C(=O)C1=CC=CC=C1N1N=NN=C1C,412.53800000000007,-1.5608520769143437,0.6947183482004583,3.3340233562492347
CNP0326078.3,C=C1CC[C@H]2[C@@H]1CC1=C(C)C(=O)OC1=C[C@@]2(C)O,246.30599999999995,2.9377010393891783,0.5273602486415017,4.581147156527649
CNP0593940.2,CCCCCCCCCCCCCC(=O)OC[C@@H](COC(=O)CCCCCCCCCCCC)OC(=O)CCCCCCCCCCCCC(C)C,737.2039999999997,0.3338322291335582,0.0353154630451596,3.040687777287772
CNP0415651.0,CCC(C)(CN(C)C)OC(=O)C1=CC=CC=C1,235.327,-0.3059123897795469,0.7345977658136942,2.626209786539178
CNP0392113.1,COC1=CC=C(CNC(=O)[C@@H](C)OC2=CC=C3C(=C2)C2=CC=NC4=C2N3C(=O)C2=C(OC)C(OC)=CC=C24)C=C1,537.5720000000003,-0.6188453113597274,0.2810034975257174,3.100097671777675
CNP0411087.0,C(=CC1=CC=C(CC2=CC=C(C=CC3=CC=CC=C3)C=C2)C=C1)C1=CC=CC=C1,372.5110000000001,0.0118264923029413,0.305371832666541,1.6202680035795058
CNP0198581.1,O=C(O)[C@H]1COC2=CC=CC=C2C1,178.18699999999998,0.0206207924862846,0.705070039199722,2.419730762716126
CNP0211121.1,COC1=CC=C2C(=C1OC)C(=O)OC2N1C(=O)CC[C@H]1C(=O)NC1=CC=C(Br)C=C1Cl,509.7400000000001,-0.5999016112838226,0.6142399705497451,3.349406120691876
CNP0194906.1,C[C@@H](CC[C@@]1(O)O[C@H]2C[C@H]3[C@@H]4CC[C@H]5C[C@@H](O[C@@H]6O[C@H](CO)[C@H](O[C@@H]7O[C@H](CO)[C@@H](O)[C@H](O)[C@H]7O)[C@H](O)[C@H]6O)[C@H](O)C[C@]5(C)[C@H]4CC[C@]3(C)[C@H]2[C@@H]1C)CO[C@@H]1O[C@H](CO)[C@@H](O)[C@H](O)[C@H]1O,937.0830000000002,2.1295077623523198,0.0829449671266802,6.441084124409651
CNP0372444.5,C[C@@H]1CCC=C2C[C@H]3OC(=O)[C@H](CN4CCN(CC5=CC=CC=C5)CC4)[C@H]3[C@@H](O)[C@@]21C,424.58500000000015,0.9008646425653292,0.59468524097814,4.040475060648931
CNP0585863.1,O=C(C1=CC=C2OCOC2=C1)N1CCC[C@@]2(C1)NC1=CC=CN=C1NC2=NC1CCCC1,433.5120000000002,-0.5351417804389438,0.7515461311914708,4.031645617028177
CNP0062826.2,CCCCCC=CCC=CCCCCCCCCCC(=O)OC[C@@H](COC(=O)CCCCCCCC=CCC=CCCCCC)OC(=O)CCCCCCCC=CCCCCCCCC,909.4749999999991,0.4624061281546389,0.0261829399707905,3.7647433648782975
CNP0392257.1,CC(C)COC1=CC=C([C@H]2CC(=O)NC3=C2C(=O)OC3(C)C)C=C1,329.3960000000001,0.2222335705541971,0.8627859779489371,3.1435603504338525
CNP0203597.0,CC1(C)CCC2=C(O1)C(=O)C1=C(O)C=CC=C1C2=O,258.273,2.0621517541699053,0.776536864097946,2.763163440565938
CNP0349092.0,COC1=CC(CCNC(C)=O)=C(C(=O)C=CC2=CC=CC(OC)=C2OC)C=C1OC,413.4700000000002,-0.0581679425330633,0.4753939401389934,2.34184511707554
CNP0225852.1,CC(=O)O[C@H]1OC(=O)C=C1[C@@H]1OC(=O)[C@H]2O[C@]23[C@]2(C)[C@@H](OC(C)=O)C[C@H]4C(C)(C)OC(=O)C=C[C@]4(C)[C@H]2CC[C@@]13C,572.6070000000002,3.18591146999276,0.2796227872843512,5.952808007141432
CNP0108098.0,CNC(=O)C1=CC=CN=C1,136.154,-1.5612855894475,0.6083249082775422,1.6656177183238654
CNP0230663.1,CCCCC/C=C/CCCCC/C=C/C[C@H](O)[C@@H](N)CO[C@@H]1O[C@H](CO)[C@H](O)[C@@H](O)[C@@H]1O,459.62400000000014,1.7929693229969288,0.1418081823870721,4.365454706234393
CNP0030587.0,COC1=CC=C(C2=CN=C(N)N=C2C2=CC=C(OCC3=CC=CC=C3Cl)C=C2O)C=C1,433.8950000000001,-0.6982831871105484,0.4262361822880672,2.2643491660051644
CNP0550198.1,COC1=CC=CC(NC(=O)N2C[C@@H]3OCCS(=O)(=O)N(CC(=O)N(C)C)[C@@H]3C2)=C1,426.4950000000002,-1.611376062062993,0.7278030324061028,3.625133581902297
CNP0059480.1,CC(C)(C)CC(=O)N1C[C@H]2C[C@H](C1)C1=CC=C(NCC3CCCCC3)C(=O)N1C2,399.57900000000035,-0.8481325273847488,0.8245764123890393,4.113984756354663
CNP0554378.7,COC(=O)N[C@H]1[C@@H](C)O[C@@H](O[C@H]2CC=C(C)[C@@H]3C=C[C@H]4[C@@H](O[C@H]5C[C@@H](O[C@H]6C[C@@H](O)[C@@H](O[C@@H]7C[C@@H](O)[C@@H](OC)[C@H](C)O7)[C@H](C)O6)[C@@H](O)[C@H](C)O5)[C@H](C)C[C@H](C)[C@H]4[C@]3(C)/C(O)=C3\C(=O)O[C@]4(C[C@@H](C)C(CO)=C[C@@H]4C=C2C)C3=O)C[C@]1(C)[N+](=O)[O-],1187.3839999999998,1.4372354638073512,0.0457148590406026,8.105339238296049
CNP0530180.2,CCCCCCCCCCCCCCCCCCCCC(=O)O[C@@H](COC(=O)CCCCCCCCCCCC)COC(=O)CCCCCCCCCCCC(C)C,821.3659999999994,0.2992978606025004,0.0345588843249951,3.1575643261756525
CNP0291615.2,C=C1[C@@H](O)[C@]23[C@H](O)[C@H]1CC[C@H]2C12CCCC(C)(C)[C@H]1[C@H](O)C3(O)OC2=O,364.43800000000005,3.686659271671704,0.3727643193968098,6.993684199804494
CNP0330875.1,CCCCCCCCCCCC[C@H](O)CC[C@H](CC(=O)O[C@@H](CO)COC(C)=O)OC(C)=O,474.6350000000003,1.5409312675009856,0.144083576917686,3.598611853339966
CNP0165470.1,CC(C)C1=CC2=CC(=O)[C@H]3C(C)(C)C(=O)CC[C@]3(C)C2=C(O)C1=O,328.408,2.785221947561729,0.7996588606430582,4.230950145689771
CNP0333466.2,C/C=C1\CN2CC[C@]34C5=CC=CC=C5N[C@H]3[C@@H](C=O)C1C[C@H]24,294.3980000000001,2.414083376535632,0.6380999884887204,5.667829464018386
CNP0135406.2,CC[C@H](C)N1C[C@@]23C=C[C@@H](O2)[C@H](C(=O)OC)[C@H]3C1=O,265.30899999999997,0.2983454065376947,0.5576863645073772,5.212357139853188
CNP0131951.0,CCOC(=O)C1=C(C)OC2=CC(Br)=C(OC(=O)C3=CC=CC=C3Cl)C=C12,437.6730000000002,-0.952285082841765,0.3951699056303834,2.2832064125405847
CNP0402562.0,COC1=CC2=C(C=C1OC)CN(CC1=C(O)C(=O)C=C(CN3CCC4=CC=CC=C4C3)N1C)CC2,475.58900000000034,-0.3833022365410429,0.5906475407442673,2.76539052432779
CNP0348307.4,O=C(/C=C/C1=CC=CC=C1)OC/C=C1\[C@H](O[C@@H]2O[C@H](CO)[C@@H](O)[C@H](O)[C@H]2O)OC=C(C(=O)OCCC2=CC=C(O)C(O)=C2)[C@H]1CC(=O)OCCC1=CC=C(O)C(O)=C1,808.7860000000003,1.2966567613551332,0.0335928475519609,5.085546885923181
CNP0342754.1,CC1=CC(O)=C2C3=C(C=CC2=C1)C(=O)C1=C(C=CC([C@H]2C[C@H]4O[C@H]5CC(=O)[C@H](C)O[C@H]5O[C@@H]4[C@@H](C)O2)=C1O)C3=O,544.5560000000004,1.8203329788972424,0.364780004204751,4.868181611476428
CNP0458974.1,C/C=C/[C@@]1(O)CCOC(=O)C1,156.18099999999998,1.8990587471463087,0.447141938499104,4.058860330293511
CNP0321497.1,CCCCC/C=C\C/C=C\C/C=C\C/C=C\CCCC(=O)OC[C@@H](COC(=O)CCCCCCCCCCCCCCC)OC(=O)CCCCCCC/C=C\C/C=C\CCCCC,879.4049999999993,0.4993868875181194,0.0262213404030651,3.823420393782472
CNP0142398.0,CCC=CCCOC(=O)CCCC,184.27899999999997,1.0784699003152385,0.345097059593117,2.249643596162672
CNP0513916.0,COC1=CC=C2C(=C1)NC1(CCN(C(=O)NC3=CC=CC=C3OC)CC1)C1=CC=CN21,418.4970000000002,-1.1943421539621522,0.6597998441947912,3.0043667745217544
CNP0110465.0,C=C1C(OC(=O)C(C)C)C(OC(C)=O)C(OC(C)=O)C(C)(C)C=CC(C)C(OC(=O)C2=CC=CC=C2)C2(O)CC(C)(OC(C)=O)C(OC(C)=O)C2C1OC(=O)CC,800.895,2.0276538892467757,0.1925657388516607,6.011169336538523
CNP0014109.1,C1=COC(C2=NN=C([C@H]3CCN(CC4CC4)C3)O2)=C1,259.3089999999999,-2.1158711368008003,0.8441116225458983,2.9072042122460733
CNP0005752.0,CC(C)C(C)CCC(C)C1CCC2(C)C3CCC4C(C)C(=O)CCC45CC35CCC12C,426.7290000000003,3.152557047084913,0.4317129139717652,5.498897122618839
CNP0233253.1,CC1(C)OC(=O)C=C[C@]2(C)[C@@H]1CC(=O)[C@]1(C)[C@@H]2CC[C@]2(C)[C@H](C3=COC=C3)OC(=O)[C@H]3O[C@]321,454.51900000000023,3.2336791963045743,0.4686806233734338,5.566446086276578
CNP0514849.0,CC(C)=CCC1=C2OC(C)(C)C=CC2=C(O)C2=C1OCCC2=O,314.38100000000014,2.9774332765122344,0.8367332220503801,3.248130981765041
CNP0449635.2,COCCOC1=NC=CC=C1C1=NOC([C@@H]2CCCN2CC2=CC=C([NH+]([O-])O)C=C2)=N1,427.4610000000001,-1.483008936944484,0.3893845616114862,3.947350056291161
CNP0367542.1,C[C@]12CCC[C@]3(CO3)C1C[C@@H]1C(CNCCN3CCOCC3)C(=O)O[C@@H]1C2,378.5130000000002,0.9173654782297148,0.4436909560055075,4.73896596390138
CNP0263196.3,OC1=CC=C([C@H]2OC3=CC(O)=CC=C3[C@@H](C3=C(O)C=C4O[C@H](C5=CC=C(O)C(O)=C5)[C@@H](O)CC4=C3O)[C@@H]2O)C=C1,546.5280000000002,1.936208659636223,0.1769872175445958,4.3586241300187805
CNP0215049.0,NC1=CC=NC2=C1C1=NC3=CC=CC=C3C3=CC=NC(=C13)C2=O,298.3050000000001,0.5739018181274566,0.4444022845500098,2.634669508909539
CNP0566349.2,CCCCCCCCC=CCC=CCC=CCCCC(=O)OC[C@@H](O)COP(=O)([O-])OCC[N+](C)(C)C,545.6980000000003,1.0710684900497167,0.0563840913793957,4.207813827554913
CNP0262637.1,C[C@@H]1C[C@@H]2OC(=O)[C@@H]3CC[C@H]4O[C@H]5OC=C/C5=C/C[C@]1(C)[C@@H]4[C@]23C,330.42400000000015,3.1274698975941324,0.6369818099910455,5.362708405295146
CNP0572308.4,CCN1CCN(CCCN2C(=O)[C@H]3[C@@H](C(=O)NC4=CC(Cl)=CC(Cl)=C4)[C@H]4C=C[C@@]3(O4)[C@@H]2C(=O)NC2CCCCC2)CC1,618.6059999999998,-0.9711282681425693,0.4116429951385676,5.181144659535962
CNP0602889.1,C[C@H]1[C@@H]2[C@@H](O)C([C@H](C)C(=O)NCCN3CCOCC3)CC[C@@]2(C)CC[C@@H]1NC(=O)COC1=CC=CC=C1,515.6950000000004,-0.5789576166888188,0.4673047027310357,4.10564989364151
CNP0260775.1,CC(C)[C@@H](C)CC[C@@H](C)[C@H]1CC[C@H]2C3=CC(=O)O[C@@]3(O)CC[C@]12C,334.5000000000001,3.119375531205296,0.7417681463748228,4.493781569453546
CNP0046852.0,CCOC(=O)COC1=CC=C2C(=O)C(=CC3=CC(Br)=CC4=C3OCOC4)OC2=C1,461.2640000000002,-0.8013979762860896,0.4941593605730072,2.760707368231144
CNP0295354.1,CCC[C@]12CN3C[C@](C)(CN(C1)C3C1=CC=CN=C1)C2=O,285.391,-0.2678447820146095,0.8518523374886338,4.779160748355421
CNP0221015.2,CC1=C(C)C(=O)O[C@@H]([C@](C)(O)[C@@H]2CC[C@@H]3[C@@H]4CC=C5C[C@H](O[C@@H]6O[C@@H](CO[C@H]7O[C@@H](CO)[C@H](O)[C@H](O)[C@@H]7O)[C@@H](O)[C@H](O)[C@H]6O)C[C@H](O)[C@]5(C)[C@@H]4CC[C@]32C)C1,782.9210000000002,2.674205178698713,0.1158063180991335,5.983974705489029
CNP0444397.1,COCC1=C[C@H](O)[C@@H](Br)C(C)(C)[C@]12CC[C@](C)(Cl)[C@@H](Br)C2,444.6350000000001,2.3870638611530053,0.4960774660679826,5.605606184889719
CNP0545250.1,CCC(C)CCCCCCCCCCCCCCCCC(=O)OC[C@@H](COC(=O)CCCCCCCCCC(C)C)OC(=O)CCCCCCCCCCCC(C)C,821.3659999999995,0.3802996702440521,0.0345809556756488,3.534122528881332
CNP0207953.1,CC(C)C1=C[C@H]2[C@@H]3CC[C@@]2(C)O[C@]3(C)CC1,220.35599999999994,2.986340623612713,0.6082251602018138,5.392198627215908
CNP0318455.1,CC1=C2[C@@H](CC1)[C@@H](C)CC[C@H]1[C@@H]2[C@]1(C)CO,220.356,2.516485317400081,0.6715898066651083,4.379585171683727
CNP0417767.4,C[C@@H]1CC=C(C#N)O[C@H]1OCC1=CC=CC=C1,229.279,0.5031440322966528,0.7997243174208615,3.4789854933990227
CNP0188575.12,CC(C)=CCC[C@](C)(O[C@@H]1O[C@H](CO)[C@@H](O)[C@H](O)[C@H]1O)[C@H]1CC[C@@]2(C)[C@@H]1[C@H](O)C[C@@H]1[C@]3(C)CC[C@H](O[C@@H]4O[C@H](CO)[C@@H](O)[C@H](O)[C@H]4O[C@@H]4O[C@H](CO)[C@@H](O)[C@H](O)[C@H]4O)C(C)(C)[C@@H]3CC[C@]12C,947.1660000000005,2.15515861883864,0.0852926837680133,6.376754901920924
CNP0235090.2,CC(C)[C@H](C)[C@]1(C)C[C@H]1[C@@H](C)[C@H]1CC[C@H]2[C@@H]3C[C@@H](O)[C@@]4(O)C[C@@H](O)CC[C@]4(C)[C@H]3CC[C@]12C,460.74300000000034,2.91315041540573,0.4787270478742892,5.078830252966432
CNP0267767.1,CC[C@]12CCCN(CC[C@H]3C4=CC=CC=C4N[C@@H]3CC1)C2,284.4470000000001,1.3026155205384615,0.8295037608966109,5.064774290738799
CNP0350104.0,O=C(O)C1=NC(Cl)=CC=C1Cl,192.00100000000003,-1.3005499525870907,0.6925523803775735,2.0341074981009424
CNP0142639.6,C[C@H]1O[C@H](O[C@@H]2[C@@H](O)[C@H](OCCC3=CC=C(O)C(O)=C3)O[C@H](CO[C@H]3O[C@@H](CO)[C@H](O)[C@@H](O)[C@@H]3O)[C@H]2OC(=O)/C=C/C2=CC=C(O)C(O)=C2)[C@@H](O)[C@@H](O)[C@@H]1O,786.7330000000005,1.6046747612679124,0.0540568379809873,5.371644041083535
CNP0594846.0,CN(C)C1=CC(N)=C2CCCCC2=[NH+]1,192.28599999999997,-0.2774293454324785,0.7218503671949493,4.030239165573795
CNP0102454.12,C[C@H](O)[C@H](O)/C=C/C=C/C(=O)O[C@@H]1C=C2COC(=O)[C@]2(O)[C@@]2(C)CCCC(C)(C)[C@H]12,420.50200000000024,2.9160716851329536,0.2690252598623575,4.966326019766479
CNP0033884.1,N#CC1=CC=C(C(=O)N2C[C@@H]3C[C@H](C2)C2=CC=C(C4=CC=CC(C#N)=C4)C(=O)N2C3)C=C1,420.47200000000015,-1.1392796957558344,0.6343961263866604,3.9533435113186126
CNP0112598.1,CCCCCCCCCCCCCC(=O)OC/C=C(\C)CCC[C@H](C)CCC[C@H](C)CCCC(C)C,506.9000000000005,0.9023838054531113,0.0661902428909273,3.382051428641022
CNP0251666.1,CO[C@H]1C[C@H](O[C@H]2[C@@H](OC)C[C@H](O[C@H]3[C@@H](OC)C[C@H](O[C@H]4[C@@H](OC)C[C@H](O[C@H]5[C@@H](OC)C[C@H](O[C@H]6CC[C@@]7(C)C(=CC[C@]8(O)[C@@H]7C[C@@H](OC(=O)C7=CC=CC=C7)[C@]7(C)[C@H](C(C)=O)CC[C@@]78O)C6)O[C@@H]5C)O[C@@H]4C)O[C@@H]3C)O[C@@H]2C)O[C@H](C)[C@H]1O,1189.4399999999994,1.5247631154510437,0.1085587049005521,7.19707708537592
CNP0249294.0,CC1=CCCC(C)(C)C2=CC(C)=CC=C12,200.32500000000002,1.1410336294104064,0.5793567766240764,2.453761636627556
CNP0501163.3,C[N+]1([C@H]2CC[C@H]3CC[C@@H]2[C@@H]3O)CCCCC1,224.36799999999994,1.3915941622538373,0.6768232313841119,4.875122994575932
CNP0335900.2,CCCCCCCCCCCCCC(O)CC(=O)N[C@@H](CCC(=O)O)C(=O)N[C@H](CCCN)C(=O)N[C@H]1CC2=CC=C(C=C2)OC(=O)[C@H]([C@@H](C)CC)NC(=O)[C@@H](CC2=CC=C(O)C=C2)NC(=O)[C@H](CCC(N)=O)NC(=O)[C@@H]2CCCN2C(=O)[C@H](C)NC(=O)[C@H](CCC(=O)O)NC(=O)[C@@H]([C@@H](C)O)NC1=O,1463.736,0.9816529236691148,0.0196405533908673,5.570580741621228
CNP0557854.0,O=CC1=CC=C(OC(=O)CCCCC(=O)OC2=CC=C(C=O)C=C2)C=C1,354.358,0.0325678642177307,0.2968802331143933,2.1778926911268623
CNP0079152.0,O=C1C2=CC=CC=C2N2C=CC3=C4C=CC=CC4=NC3=C12,270.29100000000005,-0.2051402817495476,0.430058702179913,2.2714575162138058
CNP0341377.5,CC(=O)O[C@@H]1CC[C@@]2(C)C(=CC[C@H]3[C@H]4CC[C@H](C(=O)O)[C@]4(C)CC[C@H]32)C1,360.4940000000002,2.3978930612218923,0.5780975884930836,4.102334856067889
CNP0554388.1,CCCCCCCCCCCCCCC(=O)OC[C@@H](COC(=O)CCCCCCCCCCCC)OC(=O)CCCCCCCCC,667.069,0.2818336930767347,0.0372828966638934,2.785675773374644
CNP0208533.1,COC1=CC(O[C@@H]2O[C@H](CO)[C@@H](O[C@@H]3O[C@H](C)[C@H](O)[C@H](O)[C@H]3O)[C@H](O)[C@H]2O)=CC2=C1C(=O)/C(=C/C1=CC(O)=C(O)C(O)=C1)O2,624.5480000000003,1.748158447223603,0.1249231826217425,4.874899351187832
CNP0537977.1,CCCN1CC[C@H]2CC(=O)NC3=CC(C4CCOCC4)=CC=C3OCC[C@H]2C1,386.53600000000023,-0.4808246245821569,0.8517862311353374,3.807153741253901
CNP0404337.3,COC1=CC=C2C(=C1C)C=C[C@]1(C)[C@@H]3CC[C@]21OC1(OC(C)(C)[C@@H](C)[C@H]1O)[C@H]3C,398.5430000000001,1.818454314926359,0.7374297597888188,6.236067296933188
CNP0355971.1,C=C(C)[C@@H]1CC[C@]2(C(=O)O)CC[C@]3(C)[C@H](CC[C@@H]4[C@@]5(C)[C@H](COC(=O)/C=C/C6=CC=C(O)C=C6)[C@@H](O)C(C)(C)[C@@H]5CC[C@]43C)[C@@H]12,618.855,2.43945372151843,0.1701998580567687,5.15856595901558
CNP0398437.0,CC=CC1=CC=C(O)C(C2=CC(O)=CC=C2O)=C1,242.274,1.1549531074032833,0.7061496148900397,2.3609003490688387
CNP0371842.0,CCCOC1=C(C2=NC3=CC(NC(=O)C4=CC=CO4)=CC=C3N2C)N(C)C=C1C(N)=O,421.4570000000002,-1.508812895070639,0.4746925698301488,2.7010013163344944
CNP0321086.0,CC(=O)OC1=CSC2=CC=C3C(=O)C4=CC=CC=C4C(=O)C3=C12,322.3410000000001,0.2384655730149782,0.5023852957661855,2.4612581161691
CNP0097461.3,C=C1[C@@H](O)C[C@H](OC(C)=O)[C@@]2(C)[C@@H](OC(C)=O)[C@H](OC(C)=O)C3=C(C)CC[C@H]([C@@H](OC(=O)[C@H](C)CC)[C@H]12)C3(C)C,562.7000000000004,2.866039868390348,0.2838699285071601,5.735567350308214
CNP0271722.1,CC1=C[C@@H](C2=C(O)C=C(C3=CC4=CC=C(O)C=C4O3)C=C2O)[C@@H](C(=O)C2=CC3=C(C=CC(C)(C)O3)C=C2O)[C@H](C2=CC=C(O)C=C2O)C1,646.6920000000003,1.813388075406902,0.0816058459930124,4.536810319110586
CNP0584510.1,C#C[C@H](O)/C=C/CCCCCCC(=O)O,210.27299999999997,2.1978824244256066,0.3655952016065547,3.1135521371904424
CNP0574695.0,CC(=CC(=O)N([O-])CCCC1N=C(O)CN=C(O)C(CO)N=C(O)C(CO)N=C(O)C(CCCN([O-])C(=O)C=C(C)CCO)N=C(O)C(CCCN([O-])C(=O)C=C(C)CCO)N=C1O)CCO.[Fe+3],1010.8539999999997,0.1682771120627117,0.0384195257632137,7.095536585650336
CNP0546187.0,CSC=CC(=O)NCCC1=CC=CC=C1,221.325,0.1943370340229667,0.7724488564993075,2.166905927390678
CNP0511851.2,C[C@@H]1C[C@H](O)[C@]2(O)C(=C1C=O)[C@@](C)(CO)CC2(C)C,268.35299999999995,2.2908945581575475,0.6539944012809851,4.9664052132645
CNP0290842.1,CCCC[C@H](CCCO)[C@H](C[C@@H](OC(=O)CNC)C1(CC2=CC=C(O)C(OC)=C2)CCNCC1)OC(C)=O,536.7100000000004,1.8856190859797504,0.2217765297506073,4.287797841671841
CNP0287046.1,C[C@H]1N[C@@H](C(=O)O)CC2=C1NC1=CC=CC=C21,230.26700000000002,0.8901583182382471,0.6998696580235106,3.185204665298551
CNP0206042.0,COC1=CC2=C3C(=C1O)OC1=CC=C(C=C1)CC1C4=CC(=C(O)C=C4CCN1C)OC1=CC(=CC=C1O)CC3N(C)CC2,580.6810000000002,1.9244148232208005,0.2432005447832571,5.80523218575047
CNP0015716.1,COC1=CC=C(CN2CC[C@@H]3[C@H]2C(=O)NC[C@H](CCC(=O)N2CCN(C4=CC=CC=C4)CC2)N3C)C=C1,505.66300000000035,-0.9348529013664564,0.6224868634730562,3.4960147327560414
CNP0146956.2,CC[C@@]12C=CCN3CC[C@@]4(C(=C(C(=O)OC)C1)NC1=CC(OC)=CC=C14)[C@H]32,366.4610000000001,2.337703593376537,0.6574820382139144,4.602348661109586
CNP0501025.2,CCCCCCCCCCCCCCCCCC(=O)OC[C@@H](COC(=O)CCCCCCCCC)OC(=O)CCCCCCCCCCCCCCC,751.2309999999995,0.2499279919737081,0.035067409872676,2.890957362616149
CNP0603587.2,CC(C)CCCCCCCCCCCCCOC[C@@H](O)CO[P@](=O)([O-])OCC[N+](C)(C)C,481.6550000000002,0.5639595325022541,0.1267477944184795,3.798977011168617
CNP0253868.6,C=C1[C@@H]2CC[C@H]3[C@@H]2C(C)(C)CCC[C@@]13C,204.35699999999994,3.0524106021718804,0.5125130456348207,5.257994143944561
CNP0588331.1,CC(C)CCCCCCCCCCCCCCCCCCC(=O)OC[C@@H](COC(=O)CCCCCCCCCC(C)C)OC(=O)CCCCCCCCCCCCCCCCC(C)C,905.5279999999991,0.2515681799902348,0.0343697864854101,3.2486519934842706
CNP0529079.1,CC1=C(C(O)=N[C@H](C(O)=N[C@H](C)[C@@H](O)CC(O)=N[C@H](C(O)=NC(OC2OC(C)C(N)C(O)C2O)C(O)C2=NC(C3=NC(C(O)=NCCCCN)=CS3)=CS2)[C@@H](C)O)[C@@H](OC2OC(CO)C(O)C(O)C2OC2OC(CO)C(O)C(OC(=N)O)C2O)C2=CN=CN2)N=C([C@H](CC(=N)O)NC[C@H](N)C(=N)O)NC1=N.[Cu],1610.1640000000011,0.4170853559443886,0.008714690579594,7.717673502586468
CNP0554029.1,CCCCC/C=C\C/C=C\C/C=C\C/C=C\CCCCCC(=O)O[C@H](COC(=O)CCCCCC/C=C\C/C=C\C/C=C\CCCCC)COC(=O)CCCCCCCCCCCCCCCCCCCCC,1017.6589999999986,0.4117314839733086,0.0261392798518198,4.049671830624506
CNP0286523.0,CCC1(C)C(O)CCC2(C)C3CCC4C(C)(CCC5C(C)(CC)C(OC(C)=O)CCC45C)CC3=CCC12,512.8190000000004,2.7607487715454915,0.304496875444593,5.124508829855479
CNP0518429.1,CCCCCCCCCCCCCCCC(=O)OC[C@H](COC(=O)CCCCCCCCCCCCCCCCC(C)CC)OC(=O)CCCCCCCCCCCCCCCCCCCCC(C)CC,1003.7169999999987,0.3075196759649441,0.0343130370972448,4.000618691220921
CNP0139504.0,C=C1C2CCC3(C)C(C4=COC=C4)OC(=O)CC13OC1C(OC(=O)C(C)CC)C(O)C(C)(C)C(CC(=O)OC)C21C,572.6950000000003,2.8808013080996937,0.2874837694201992,6.546197519913354
CNP0536605.1,CC(C)CCCCCCCCCCCCCCCCCCC(=O)O[C@@H](COC(=O)CCCCCCCCCC(C)C)COC(=O)CCCCCCCCC(C)C,793.3119999999997,0.2875064914174112,0.0347520557407265,3.083121834151302
CNP0087491.1,C[C@H]1[C@@H]2[C@@H](O)[C@H]([C@H](C)C(=O)N(C)CCC#N)CC[C@@]2(C)CC[C@@H]1NC(=O)C1=CC=CC=C1,439.60000000000014,-0.1244670957828218,0.7079532518109463,4.147666409699468
CNP0577322.0,ClC1=CC=C(C2(C3=CC=C(C4=NC=NC5=C4N=CN5)C=C3)CCNCC2)C=C1,389.89000000000016,-0.261398144234825,0.5465410076179618,2.777968249018548
CNP0202823.1,COC(=O)CCCCCCC[C@H]1C=CC(=O)[C@@H]1C/C=C/C(C)=O,320.42900000000003,1.9731252554217047,0.3299519734755692,3.4903273756625977
CNP0254894.1,CCCCC1(/C=C/C(=O)CCC2=CC=C(O)C(OCCC3=CC=C(O)C([C@@H]4CC(=O)C5=C(CC#CC6=CC7=C(C=CN[C@H]7N)C=C64)NC=C5)=C3)=C2)CCCC1,737.941,1.79990398959394,0.0683972521146172,5.573011271076602
CNP0076542.1,CC(C)(O)[C@H](O)COCC1=C2C=COC2=CC2=C1C=CC(=O)O2,318.32500000000005,1.1799636025387792,0.7005058825758586,3.266042603508577
CNP0541707.0,N=C(N)NCCCC(NC(=O)C1CCCN1C(=O)C(CC1=CC=CC=C1)NC(=O)C(N)CC1=CC=CC=C1)C(=O)O,565.6750000000003,0.0142598980625048,0.0948710154776344,3.532066694801613
CNP0330793.0,COC1=C(O)C=C(O)C2=C1OC(C1=CC=CC=C1)=CC2=O,284.267,1.4007980809720908,0.7560099167404621,2.287859265803748
CNP0562237.1,C[C@H](NC(=O)[C@@H]1O[C@@H]2OC(C)(C)O[C@@H]2[C@H]2OC(C)(C)O[C@H]21)C(=O)NC1=CC=C(Br)C=C1,499.3580000000001,-0.4065632810158806,0.6554170579859955,3.986358727332546
CNP0283320.7,CC1=C(/C=C/C(C)=C/C=C/C(C)=C\C=C\C=C(C)\C=C\C=C(C)\C=C\C2=C(C)C[C@@H](O)CC2(C)C)C(C)(C)C[C@H](O)C1,568.8860000000003,1.3000145248342214,0.257356991500742,4.577016917030905
CNP0579973.2,CCCCCCCCCCCCCCCCCC(=O)OC[C@@H](COC(=O)CCCCCCCCCCCCCCCC(C)C)OC(=O)CCCCCCCCCCCCC(C)CC,891.5009999999992,0.3729054595122227,0.0343857688799165,3.667623487750516
CNP0535180.2,CCCCCCCCCCCC(=O)OC[C@@H](COC(=O)CCCCCCCCCCCCCCCCC(C)CC)OC(=O)CCCCCCCCCC(C)C,779.285,0.4271462536230915,0.0348369965535486,3.506995795091976
CNP0406619.1,CC(C)=C1OC2=C(C=CC(O)=C2CN2C[C@H]3C[C@@H](C2)C2=CC=CC(=O)N2C3)C1=O,392.45500000000015,-0.0577602320491896,0.7957137445954521,4.390654549975675
CNP0535302.1,COC1=CC=C(S(=O)(=O)NC2=NC3=CC=C4C(=CC3=N2)[C@@H](NC(C)=O)CCC2=CC(OC)=C(OC)C(OC)=C24)C=C1,578.6470000000003,-0.2569360366558657,0.3149095948034581,3.2289370506871524
CNP0372978.0,CC1=C(C)C2=CC3=C(OC(=O)C(CC(=O)O)=C3C)C(C)=C2O1,300.31,-0.1579899185012591,0.7335332381411707,2.5827515188555967
CNP0511734.0,COC1=C(O)C(CCC2=CC=CC3=C2C=CC2=C3[CH-]C=N2)=C2[O+]=C(C3=CC=C(O)C=C3)CC(=O)C2=C1OCCCO,551.5950000000003,0.5439883488220243,0.0917608897588666,3.895443201467245
CNP0324463.1,C=C1C(=O)O[C@H]2/C=C(/C)[C@@H](OC(=O)C3=CC=CC=C3)C[C@H]3O[C@@]3(C)C[C@@H](OC(=O)[C@@]3(C)O[C@H]3C)[C@H]12,482.52900000000034,2.6436691931580487,0.2117367803863669,5.225149550624675
CNP0283855.0,COC1=CC=C(C(=O)OC2=CC=C3C(=O)C(=CC4=CC5=CC=CC=C5OC4)OC3=C2)C=C1OC,456.4500000000002,-0.1540312083490293,0.3082030085772116,2.6343212808060628
CNP0153154.1,CC1=CC[C@H]2C[C@@H]1[C@]2(C)CO,152.237,3.2920439595150985,0.5694646937759822,4.902171292363171
CNP0315766.1,CCC=CCC=CCC=CCC=CCC=CCC=CCCC(=O)O[C@H](COC(=O)CCCCCCCCCCCCC)COP(=O)(O)OCCN,735.9840000000002,0.986398122940824,0.0282106217690529,4.361527136519506
CNP0418632.1,COC1=CC([C@H]2OC3=C(OC)C=C4OC(=O)C=CC4=C3O[C@H]2CO)=CC(OC)=C1O,416.3820000000002,1.5872818220173233,0.6047365649382375,3.463855660152229
CNP0009462.0,COC1=CC=C(C2=NN=C(SCC3=NC4=CC=CC=C4N3)O2)C=C1OC,368.4180000000001,-1.7591151784188004,0.5161733260043994,2.214439003633702
CNP0153882.1,CCCC[C@@H](C[C@@H]1CC[C@H]([C@@H](CC)[C@@H]2OC(=O)[C@@H](C)[C@H]3CC[C@@H](C[C@@H](CCC)OC(=O)[C@H](C)[C@H]4CC[C@@H](O4)[C@H]2C)O3)O1)N(C)C,635.9270000000004,1.1633147041297225,0.2224538242657036,6.9666293187667865
CNP0194533.1,COC(=O)[C@@]1(C)CC[C@]2(C(=O)O[C@@H]3O[C@H](CO)[C@@H](O)[C@H](O)[C@H]3O)CC[C@]3(C)C(=CC[C@@H]4[C@@]5(C)CC[C@H](O[C@@H]6O[C@H](CO)[C@@H](O[C@@H]7O[C@H](CO)[C@@H](O[C@@H]8O[C@H](CO)[C@@H](O)[C@H](O)[C@H]8O)[C@H](O)[C@H]7O)[C@H](O)[C@H]6O)[C@@](C)(CO)[C@@H]5CC[C@]43C)[C@@H]2C1,1165.2830000000008,1.902818055880102,0.0448911290844188,6.993733940834916
CNP0216202.6,CC1=C[C@@H](O)CC(C)(C)[C@@H]1/C=C/C(C)=C/C=C/C(C)=C/C=C/C=C(C)/C=C/C=C(C)/C=C/C1=C(C)C[C@@H](O)CC1(C)C,568.8860000000002,2.1147386439208358,0.2032304293782959,4.959955435939812
CNP0135442.1,COC(=O)[C@@]1(C)CCC2=CC(OC)=CC=C2C1=O,248.278,0.9367277179354055,0.5930958341138737,2.8389232064874115
CNP0374314.0,CSC=CC(=O)NCCCCO,189.27999999999994,0.8752301492956668,0.4786877759733539,2.725824078890355
CNP0164447.1,CC(C)=CC[C@]12O[C@H]1C(=O)C1=C(O)C=CC(O)=C1C2=O,274.27200000000005,2.5948730092307604,0.488856951561334,3.983514455772509
CNP0398731.4,COC(=O)CCC(C)[C@H]1CCC2C3C(C[C@H](O)[C@@]21C)[C@@]1(C)CC[C@@H](O)C[C@H]1C[C@H]3O,422.6060000000002,2.6438428059699595,0.6034327937739142,4.568399660473927
CNP0023709.0,COC1=CC=C2C(=C1)C(C=C1OC3=C(C=CC(OCC4=CC=CC(Cl)=C4)=C3C)C1=O)=CN2C,459.92900000000014,-0.9923975978364636,0.3264359147757163,2.563618786805648
CNP0330025.0,O=C1C(C2=C3C=NNC3=NC3=C2OC2=CC(O)=CC=C23)=COC2=CC=CC=C12,369.33600000000007,0.062975578375175,0.4466931157613415,2.894045443349343
CNP0598802.1,COC1=CC=C(CCO[C@@H]2O[C@H](CO)[C@@H](OC(=O)/C=C/C3=CC=C(O)C(OC)=C3)[C@H](O[C@@H]3O[C@@H](C)[C@H](O)[C@@H](O)[C@H]3O)[C@H]2OC(C)=O)C=C1O,694.6830000000004,1.805585161166072,0.1211822201027943,4.771261937505998
CNP0560440.1,CCCCC/C=C\C/C=C\C/C=C\C/C=C\C/C=C\CCC(=O)OC[C@@H](COCCCCCCCCCCCCCCCCCC)OC(=O)CCCCCCCCCCCCCCCCCCCCC,979.6539999999986,0.4788710813599117,0.0345196489720124,3.996736099942327
CNP0135254.0,CC(C)(O)C(=O)CC12CCC3C(C)(C)CCCC3(C)C1=CC=N2,317.473,2.018080308030874,0.8519421693639163,4.617493805631409
CNP0560901.1,O=C[C@H]1C[C@@]2(CC[C@@]3(CCCC34CCCC4)C2)C[C@]12C[C@H]1C[C@H]3C[C@H]4[C@@H]5[C@]1(C2)C1=CC(=NC=C13)NCSS[C@@H](CCCO)[C@]12C(=O)C3=C(C=CC=C3C(=O)[C@H]1C=C(CC1=CC=CC(CO)=C1)C=C2O)O[C@]12CC[C@@H]4[C@](CO)(O1)[C@@H](O)[C@]5(O)C2O,1181.5240000000001,2.1540372414676416,0.0774018311462197,9.072235990476278
CNP0498250.0,C=CCN(C)CCCCCCOC1=CC=C2C(C3=CC=C(Br)C=C3)=NN(C)C2=C1,456.42800000000005,-1.0921093612498414,0.2596085424684783,2.462504587878964
CNP0001518.0,C=C1CCC(OO)(C(=C)C)CC1,168.23599999999996,2.562830694529441,0.3900175537931911,3.8881300229462994
CNP0057349.0,O=C(C1=CC=C2C=CC=CC2=C1)C1=NOC(C2=CC=C(Cl)C=C2)=C1S(=O)(=O)C1=CC=CC=C1,473.9370000000001,-0.9939419927848726,0.2833739060845793,2.3051714097705887
CNP0013175.1,C#C[C@H]1C[N@]2CC[C@H]1C[C@@H]2CNC(=O)NC1=CC=C(OC2=CC=CC=C2)C=C1,375.4720000000001,-1.1507643558856075,0.7784647894661116,4.145582120991168
CNP0061946.3,COC1=CC=C2C(=C1O)[C@H](C)NC[C@H]2O,209.245,1.7270272961167594,0.6478112158777595,3.563881122524576
CNP0369372.1,NC(=O)CCN1CCCC[C@@H]1C1=CC=CN=C1,233.31500000000003,-1.105854597264412,0.8566529865618656,2.5770224000126625
CNP0136443.2,C/C=C(/C)C(=O)O[C@H]1[C@H](O)[C@]2(CO)[C@H](O)C[C@]3(C)C(=CC[C@@H]4[C@@]5(C)CC[C@H](O[C@@H]6O[C@H](C(=O)O)[C@@H](O)[C@H](O[C@@H]7O[C@@H](CO)[C@H](O)[C@H]7O)[C@H]6O[C@@H]6O[C@H](CO)[C@@H](O)[C@H](O)[C@H]6O)[C@](C)(CO)[C@@H]5CC[C@]43C)[C@@H]2CC1(C)C,1059.2060000000001,2.528704200093584,0.0443400419233904,6.820019268335511
CNP0531591.1,O=C(C1=CC(O)=C(O)C(O)=C1)[C@@H]1C2=C3O[C@H](C4=CC=C(O)C=C4)[C@@H](O)CC3=C(O)C=C2O[C@@H]1C1=CC=C(O)C=C1,544.5120000000003,1.4760122606532229,0.1464298496235011,4.225405591535257
CNP0490678.1,COC1=CC2=C(C=C1OC)[C@H](CC1=CC=C(O)C=C1)[N@+](C)(CC1=CC=C(O)C=C1)CC2,420.5290000000002,0.8984037217294643,0.5723672877932025,3.3772074339135383
CNP0575612.1,CO[C@@H]1CC(=O)[C@]2(C)[C@@H]1[C@H](O)C[C@@H]1[C@@]3(C)CC[C@H](O)C(C)(C)[C@@H]3CC[C@]12C,378.55300000000017,3.079812262469088,0.7318096820524057,4.723524038761099
CNP0206957.0,CC1=C2N=C(N(C)C)N=C2C=CC2=C1N(C)C(N(C)C)=N2,284.367,-0.7839981340880571,0.7192412118927235,2.950046859298567
CNP0192144.1,CC(=O)O[C@@H]1C[C@@H](C)[C@](O)(CCC2=CC(=O)OC2)[C@@]2([C@@H](O)CC[C@H](C)CCCC3=CC=CC=C3)[C@H](O)CC[C@@](C)([C@@H]3CC[C@]45C[C@]6(CC[C@@]7(CCCC78CCCC8)C6)[C@H]6C[C@@]7(C8=CC=CC=C8)CCCC[C@H]7C7=CC=C8C=CC=C(C8=C7[C@H]64)[C@H]5C3)[C@H]12,1163.6779999999987,2.042936572170603,0.1078116076132188,5.98615196988664
CNP0498816.1,COC1=C[C@@H]2[C@H](C3=CC=C(O)C=C3)[C@@H](C3=CC(OC)=CC(=O)O3)[C@]2(/C=C/C2=CC=C(O)C=C2)OC1=O,488.49200000000025,1.2160991879832723,0.4986708867818995,4.354263088317699
CNP0097104.1,CC[C@H](CC1=CC=C(O)C(OC)=C1)[C@@H](C[C@@H](O)CCC1=CC(OC)=C(O)C(OC)=C1)OCO,464.5550000000003,1.4892030177905269,0.3143126107675297,3.741370264159914
CNP0505271.0,CCC(C)CCCCCCC(=O)N(C)CCC[N+](C)(C)CCCNCCCCNCCC[N+](C)(C)CCCN(C)C(=O)CCCCCCC(C)CC,739.2759999999997,-0.0189933882375923,0.0497237367345649,4.092300722553018
CNP0368528.0,COC1=CC=C(C2=C(OC)C=C(C3=CC=CC=C3)C(OC)=C2OC)C=C1,350.4140000000001,0.2901062650073231,0.6229279387619752,1.9029567243908956
CNP0263517.1,CC1(C)CCC[C@]2(C)[C@H]3CC[C@](C)([C@H](O)CO)O[C@]3(C)[C@@H](O)C[C@@H]12,340.5040000000001,2.887274518257587,0.7228171954222783,4.75823961290194
CNP0207881.1,CC1(C)[C@H]2CC[C@]3(C)O[C@@](C)([C@@H](O)CO)CC[C@H]3[C@]2(C)CC[C@H]1O[C@@H]1O[C@H](CO)[C@@H](O)[C@H](O)[C@H]1O,502.64500000000027,2.8572999978824924,0.2988579620537226,5.060565414755914
CNP0261641.2,CC(C)=CCC/C(C)=C/C=C/C(C)=C/C=C/C(C)=C/C=C/C=C(C)/C=C/C=C(C)/C=C/C=C(\C)CCCC(C)(C)O[C@@H]1O[C@@H](CO)[C@@H](O)[C@H](O)[C@H]1O,717.0440000000006,1.6100496284660812,0.073977944301605,5.322641550883493
CNP0407309.0,CCCC=CC=CC(=O)OC1C(C)C2(O)C(C=C(COC(C)=O)CC3(O)C(=O)C(C)=CC32)C2C(C)(C)C12OC(C)=O,570.6790000000003,2.938436114173937,0.1476216008522768,5.289177843552131
CNP0554495.2,CCCCCCCCCCCCCCCCCCCCC(=O)OC[C@@H](COC(=O)CCCCCCCCC(C)CC)OC(=O)CCCCCCCCCCCCCCCCC(C)CC,905.5279999999991,0.3411546405236099,0.0343683100406427,3.839999647559922
CNP0279875.0,COC1=CC=CC=C1OC1=C(C)OC2=CC(OCC3=CC=CC=C3C)=CC=C2C1=O,402.4460000000001,-0.3970513167110898,0.4085261057554779,2.1590479146702144
CNP0326709.0,CN1C2=C3C=CC=CC3=NC2=C(N2C3=CC=CC=C3C3=CC=NC=C32)C2=CC=CC=C21,398.4690000000001,-0.0528146371517193,0.3241700896841484,2.525712399254571
CNP0366011.1,CC[C@]1(C)C[C@@H]([C@@H](CCN)C2=CC=CC=C2)CCO1,261.409,0.6063773091021,0.8765486678229264,3.509685854594004
CNP0088714.1,CC1(C)C=C[C@@H]2[C@H]1C2(C)C,136.23799999999997,3.2081825553146004,0.4491103253699269,4.307435482677886
CNP0204275.0,CC1=CN=C(C(=O)CCO)C2=C1C1=CC=CC=C1N2,254.28900000000002,0.2109670928937473,0.7059009098508497,2.5662130460886203
CNP0177467.1,CCOC(=O)CC[C@@](C)(O)CC(=O)OCC,232.27599999999995,0.6398954544125314,0.6636801158659486,2.793003194619338
CNP0215721.1,C/C=C(/C)C(=O)O[C@H]1[C@H](O)[C@@H](O)[C@H](OC(=O)/C(C)=C\C)[C@H](OC(=O)/C(C)=C\C)[C@H]1O,426.46200000000016,1.309635454703643,0.3182537251772087,4.383196631663891
CNP0485757.1,CCC[C@H]1CC(=O)[C@H]2OC(=O)[C@@]34C5=C(CC[C@@]23[C@]2(OC(=O)C3=C(CCCN)C=CC=C32)[C@H]4CCC)[C@@H]2/C(=[N+]3\CC4C[C@@H](C[N@]1C4)C3)CC[C@@H](C)[C@H]2C=C5,720.9749999999998,2.060628454730137,0.2669214817355271,7.987038210539063
CNP0556464.2,CC(=O)NC(C(=O)O[C@H](/C=C/C=C/C=C/C(=O)O)C1(C)CO1)C(C)C,351.39900000000017,0.9621371872900082,0.2828781480025304,4.18736786752585
CNP0412902.1,COC(=O)[C@H](CCSC)NC(=O)N1CCC2=C(NC=N2)C1C1=CC=C2OCOC2=C1,432.5020000000002,-0.92298358171283,0.6734956350835049,3.5909676841747187
CNP0505373.1,CC1=CC2=C(C(=O)C3=C(C=CC(C)=C3O)[C@@]2(C)O)C(C)=N1,283.327,0.7246789503300571,0.7790886024062037,3.368638449593286
CNP0457178.2,CC[C@@H]1C[C@@H](S(=O)(=O)O)[C@H]2C=C([C@@H](O)C3=CC=C(O)C=C3)CC[C@H]2C2=CC=C(C=C2)[C@@H](N=C(N)N)OC2=CC=C1C=C2,591.7300000000002,2.062179865744112,0.1188304035300281,6.397159343604125
CNP0286949.1,CC[C@H](C)[C@@H]1/N=C(\O)[C@@H]2CCCN2C(=O)[C@H](C(C)C)/N=C(\O)[C@H](C)/N=C(\O)C/N=C(\O)[C@@H]2CCCN2C(=O)[C@H](C)/N=C(/O)[C@H](CC2=CC=C(O)C=C2)/N=C/1O,768.9130000000001,0.1941983506083637,0.2256138688535551,6.277107766000487
CNP0506916.1,CC(C)(O)CC(=O)C[C@@](C)(O)C1=CC=C(C(=O)O)C=C1,280.32,0.7371894922126602,0.737083781503379,2.958857327849257
CNP0213947.0,CCCCC=CC1=CC(C)=CC=C1C=CCC(=O)O,258.36099999999993,1.067941393785116,0.7204945257456475,2.562810046572414
CNP0508201.2,CCCN(CCC)C(=O)[C@@H](CCC(=O)O)NC(=O)C1=CC=CC=C1,334.41600000000005,-0.6453112362023624,0.6872080861142701,2.4148750357485387
CNP0011781.1,O=C(O)C1=CC=CC=C1C(=O)N[C@H]1CO[C@H]2[C@@H]1OC[C@@H]2N1N=NN=C1C1=CC=C2OCOC2=C1,465.42200000000025,-1.104049525837565,0.5570266142659559,3.855486413112049
CNP0155711.1,C=C(C)[C@@H]1CC[C@@]2(CO)C=CC(=O)C(=C)[C@H]2C1,232.32299999999998,3.152992295438071,0.5867877068479433,4.610068041405025
CNP0226706.2,C/C=C(\C)C(=O)O[C@@H]1CCN2CC=C(COC(=O)[C@@](O)([C@@H](C)O)C(C)(C)O)[C@H]12,397.4680000000001,2.235104436814354,0.3191871708216134,4.582285346924177
CNP0406365.1,CCCCCCCCCCCCC[C@H]1OC(=O)C(C)=C1C(=O)O,324.461,1.1054472992771478,0.3817294581652484,2.9343125554316547
CNP0483630.2,COC(=O)CCCC(=O)NC[C@H]1CCC[N@+]2([O-])CCCC[C@@H]12,312.41000000000014,0.5857673590682773,0.4600427559430916,3.91354016900066
CNP0158981.0,CC(C)(C)C(=O)OC1=CC=C2C(C3=CC4=CC=CC=C4OC3=O)=CC(=O)OC2=C1,390.3910000000002,-0.1085871683427206,0.284148742727274,2.4483076565639603
CNP0570625.1,CCC[C@H]1[C@H]2C[C@H]3C[C@@H]4C#C[C@@H](C5=CC(O)=C(OC)C=C5CCC(=O)[C@H](O)C(=O)[C@@H]4C2)C2=CC=CC=C2[C@H]2C[C@H](C#C[C@H](O)[C@@H]3C3=CC=NC(=C3)NC3=CC=C4C=CC(=C(O)C4=C3)C[C@@H](O)CNC[C@@H](C)C3=CNC(=C3)C[C@H]1O)[C@H](CC1=CC=CC(O)=C1)[C@H](C(O)O)C2,1259.5510000000002,1.368895521999155,0.0419468281493601,8.572303533985702
CNP0282275.1,COC(=O)[C@H](CC1=CC=CC=C1)NC(=O)CC1=C(C)C2=CC3=C(OC=C3C)C(C)=C2OC1=O,447.4870000000003,-0.2835173055832333,0.3554790807578795,3.026615855447915
CNP0556415.2,CCCCCCCCCCCCCCCCCCCCCC(=O)OC[C@@H](O)COC(=O)CCCCCCCCCCCCCCCCCCCCC(C)CC,779.3289999999993,0.366856909410546,0.0492039086869793,3.386783731196461
CNP0516029.1,CCCC/C=C\CCCCCCCC(=O)OC[C@@H](COC(=O)CCC/C=C\C/C=C\C/C=C\C/C=C\CCCCC)OC(=O)CCCCCCCCCCC/C=C\C/C=C\CCCCC,905.442999999999,0.5196453705538697,0.0261916468436378,3.967096862387756
CNP0151725.0,O=C1NC(=O)C2=C1C1=C(NC3=CC(O)=CC=C13)OC1=CC=CC3=C1C2=CN3,357.32500000000005,0.4562195431101852,0.3628848095106593,3.1479898671634654
CNP0079502.1,CC1=C2C(=C3OC4=CC(=O)C(C)=C5C4=C(O[C@H](C)[C@H]5C)C3=C1O)CO[C@H](C)[C@H]2C,394.46700000000016,1.914245652252928,0.5356472899207565,4.71200488857655
CNP0135158.1,CC(C)C[C@H](CO)NC(=O)C[C@@H]1C2=C(C[C@@H]3[C@](C)(CO)[C@H](O)CC[C@]31C)SC(NC(=O)C1=CC=CO1)=N2,533.6910000000001,-0.1906701100218244,0.3324512710812667,4.411093778304595
CNP0549944.2,CCCCCCCCCCCCCCCCCCCC(=O)OC[C@H](COC(=O)CCCCCCCCC(C)C)OC(=O)CCCCCCCCC(C)C,751.2309999999999,0.3275335078291514,0.0351613183992094,3.0884153554021623
CNP0268601.1,CC(=O)[C@H](C)CC[C@@]1(C(=O)O)C=C2C=C[C@@H]3[C@@]4(C)CC[C@H](O[C@@H]5OC[C@H](O)[C@H](O)[C@H]5O)C(C)(C)[C@@H]4CC[C@@]3(C)[C@]2(C)CC1,602.8090000000001,2.870263636967342,0.2979857700129161,5.560262221525528
CNP0593836.1,CC(C)C1=[N+]([O-])C2(CCCCC2)C[C@H](C)C2=CC=CC=C12,285.431,0.3100022440684905,0.5346934335364544,4.093454977394746
CNP0186246.1,CCCCCCCC[C@H](O)C[C@H](O)[C@H](O)C(=O)OC,276.37300000000005,1.267020106136753,0.3918930026265348,3.2786514654537315
CNP0060678.1,C[C@@]12CC(C3=CC=CC=C3)=NC3=CC=CC=C3N1C(C1=CC=C(Cl)C=C1)=NO2,387.87000000000006,-0.5054154442959571,0.5585667817968728,3.1655914786214217
CNP0538840.0,COC1=CC2=C(C=C1OC)C(O)=C(C(=O)NCCN1CCCC1)C(=O)N2.Cl,397.8590000000001,-0.7335224511458037,0.6820340969587866,2.3544558994679594
CNP0464559.0,N=C1OC2=CC=CC=C2C=C1C(N)=S,204.25399999999996,-0.7334020752997644,0.6925637006290633,2.3924663845087064
CNP0281798.0,COC1=CC(C)=C2C(=O)C3=C(O)C=C(O)C(Cl)=C3OC2=C1,306.7010000000001,1.136965190384676,0.6740811478186002,2.6151739848046383
CNP0135357.2,CC(C)[C@H]1CC[C@@H]2[C@]1(C)CC[C@]1(C)C3=C([C@@H](O)C[C@@]21C)[C@@]1(C)CC[C@H](O)C(C)(C)[C@H]1CC3=O,456.7110000000003,3.129914377251815,0.4853659559183588,4.959443492950568
CNP0304267.2,C=C1C(=O)[C@]23C[C@H]1CC[C@H]2[C@@]1(COC3=O)C(CO)C(C)(C)CC[C@@H]1OC(C)=O,390.4760000000002,3.609495216080407,0.4424634552999121,6.191597698157096
CNP0030906.0,C=CC(=O)OCC(CC)(COC(=O)C=C)COC(=O)C=C,296.319,0.2184429195643095,0.3457550445606473,3.068983455597005
CNP0420255.1,CN[C@H]1CC2=C(C#CCC[C@]34CC[C@H]5[C@@](O)(C[C@@H]6C[C@H]7[C@@H](C=CC[C@H]7C7CCCC7)C[C@@H]7[C@H]8OC=C[C@H]9C[C@H](CCC%10=CC=CC=C%10)C[C@]89C[C@@]5(C=O)[C@]67O)[C@@]3(O)C[C@@H]3C[C@@H]1[C@H]1OC(=O)C=C1[C@@H]34)C=CC=C2CO,1002.3459999999999,2.765309256939345,0.0794267714803797,8.367766830619765
CNP0106944.0,NC(CC1=CC=C(O)C=C1)C(=O)OC(=O)C(N)CC1=CC=C(O)C=C1,344.367,0.4332175081593561,0.4449980460011933,2.9230505654540337
CNP0356405.2,CC[C@@H](C)[C@H](NC(=O)C1=CN(CC)C2=CC3=C(C=C2C1=O)OCO3)C(=O)NCCOCCO,461.5150000000003,-0.7417519977886696,0.4263595798721703,3.358599906448088
CNP0234425.1,COC1=CC([C@H]2C[C@H]3O[C@H](C)[C@@H](C)C4=C(C)C(O)=CC(=C43)O2)=CC=C1O,356.41800000000006,1.942641319329746,0.8290089827537804,4.107076418544301
CNP0132825.0,CC12CCC3C(CC=C4CC(O)CCC43C)C1CC(O)C2,290.447,2.889363179531719,0.6682777724150977,4.274324932277599
CNP0584823.0,COC1=CC=CC(C(=O)NCCC2CCN(C(=O)C3=CC=C(C)C=C3)CC2)=C1,380.4880000000001,-1.3516011269727186,0.8317241037009152,1.8774446600472776
CNP0268044.7,CC1=C[C@@H]2[C@H]([C@H](O)C1)[C@](C)(O)CC[C@H]2C(C)C,238.37099999999998,3.0786980555217416,0.6896096270499917,4.391432928525601
CNP0487380.0,COC1=CC=C(CNC(=O)C2=CC=C(C3=CN=C(NCC4=CC=CC=C4)N=C3)C=C2)C=C1,424.50400000000013,-1.075553100969556,0.4290015563544198,1.9625787636725336
CNP0336721.3,C[C@@H]1CC2C3CCC4=CC(=O)C=C[C@]4(C)[C@@]3(Cl)[C@@H](O)C[C@]2(C)[C@@]1(OC(=O)C1=CC=CO1)C(=O)CCl,521.4370000000004,1.4590468698161176,0.4491018490022087,4.8339844604745466
CNP0382343.1,C=C(C)[C@@H]1CC[C@]2(C(=O)O)CC[C@]3(C)[C@H](CC[C@@H]4[C@@](C)(CCC(=O)O)[C@H](C(C)C)CC[C@]43C)[C@@H]12,472.7100000000003,2.902017004497495,0.3941711794060489,4.737043307131385
CNP0338880.1,C[C@@H]1C[C@H](C)[C@@](O)(C[C@H]2O[C@@](O)(C[C@@H](O)[C@@H](C)C(=O)[C@](C)(O)[C@@H]3CC[C@@](C)([C@H]4CC[C@@](C)(O)[C@H](C)O4)O3)[C@H](C)C[C@@H]2C)O[C@H]1C[C@H]1CC[C@H](C)[C@@H]([C@@H](C)C(=O)O)O1,813.0790000000001,1.5669426054307334,0.1430942932109635,6.685429182789662
CNP0193242.0,C=CC(C)=CCCCCCCCCCCCCCCC,278.52399999999994,1.28190712124031,0.2135578904236441,2.267063163812491
CNP0506254.0,N#CC1=CC=CC(=NC2=C(NC3=CC=CC(Cl)=C3Cl)N[S+]([O-])N2)C1=O,394.24300000000005,-0.6435068345989599,0.5359886684966708,4.435159362041055
CNP0088690.1,CCC/C=C1\OC(=O)C2=C1CC[C@H]1[C@H]3CC[C@]4(C(=C3C3=CC=CC(O)=C3)C(=O)O/C4=C\[C@H](CC)CCC(C)C)[C@@H]21,542.7160000000002,2.963258030416068,0.3367935213379449,6.223987945584502
CNP0420845.2,OC1=CC=C(/C=C2/C3=CC(O)=CC4=C3[C@@H](C3=CC(O)=CC5=C3[C@H](C3=CC(O)=CC(O)=C23)[C@@H](C2=CC=C(O)C=C2)O5)[C@H](C2=CC=C(O)C=C2)O4)C=C1,678.6930000000003,0.9219705863756644,0.0982474150547625,4.913505013149631
CNP0220528.2,CC(C)=CCC[C@H](C)[C@H]1CC[C@@]2(C)C3=C(C[C@@H](O)[C@]12C)[C@@]1(C)CC[C@H](O)C(C)(C)[C@H]1CC3,442.7280000000003,3.32272941660165,0.4438177202436345,4.862205574785985
CNP0479848.1,C=C1C(=O)N[C@H](CC(C)C)C(=O)N[C@@H](CC[S+](C)[O-])C(=O)N[C@@H](C(=O)O)[C@H](C)C(=O)N[C@@H](CCCNC(=N)N)C(=O)N[C@@H](/C=C/C(C)=C/[C@H](C)[C@H](CC2=CC=CC=C2)OC)[C@H](C)C(=O)N[C@@H](C(=O)O)CCC(=O)N1C,1071.3089999999997,0.7819831357818642,0.0239245069686731,6.819362205281954
CNP0482499.1,CC1=CC=C(NC(=O)[C@@H]2[C@@H]3C=C[C@]4(O3)[C@@H]2C(=O)N(CCCN2CCOCC2)[C@H]4C(=O)N[C@@H]2CCC[C@H](C)[C@@H]2C)C=C1Cl,599.1720000000005,-0.9893363477380548,0.4451272125937542,5.507030294246543
CNP0554888.1,CC(=O)O[C@H]1CC[C@@]23OC4=C(C[C@]2(C)[C@@H](C)CC[C@H]3C1(C)C)C(O)=CC1=C4CNC1=N,426.55700000000013,2.875293752204245,0.5825846870633318,5.183868143831237
CNP0135888.2,NC(=O)[C@H](C[C@H](N)C(=O)O)C(=O)O,190.155,0.9903154820172002,0.3679540064820891,3.2741720642360503
CNP0543941.2,CCCCCCCCCCCCCCCCC(=O)OC[C@@H](COC(=O)CCCCCCCCCCCCCCCCCCCCC(C)C)OC(=O)CCCCCCC,821.3659999999994,0.2992978606025004,0.0345588843249951,3.1575643261756525
CNP0529564.2,CCCCCCCCCCCCCC(=O)OC[C@H](COC(=O)CCCCCCCCCCCCCCCCCCCCC(C)CC)OC(=O)CCCCCCCCCCCCCCCCCCC(C)C,989.6899999999988,0.3356149135610004,0.0343167426348596,3.829305772965109
CNP0212342.0,COC(=O)CCCC1=CNC2=CC=CC=C12,217.26800000000003,-0.0189530705618706,0.7998502471053289,1.7927223883918089
CNP0480908.0,O=S1(=O)C=CC=CN1,131.15599999999998,-0.1233793207683875,0.5005575640978851,4.399466372272961
CNP0483618.1,CC1=C(C)[C@H]2[C@H](CC3=CC=CC=C3)N=C(O)[C@]23OC(=O)C=C[C@H](C)[C@H](O)[C@@H](C)CC=C[C@H]3[C@@H]1O,465.59000000000015,2.034994514805359,0.4538445628533833,5.859971789066429
CNP0128123.1,CC(=O)O[C@H]1[C@@H](OC(C)=O)C(C)(C)C=C[C@@](C)(O)C(=O)[C@]2(O)[C@H]([C@@H](OC(C)=O)[C@](C)(OC(C)=O)[C@H]2OC(C)=O)[C@H]2OC(=O)CC[C@@]2(OC(C)=O)[C@@H]1OC(=O)C(C)C,812.815,1.7445692890723103,0.195659663267292,6.413727738108148
CNP0123008.1,C[C@]1(CC/C(=C/CO)CO)[C@H](CO)CC[C@@]23COC(=O)C2=CCC[C@@H]31,350.45500000000015,3.624453026012927,0.5035218821195313,5.30886354386895
CNP0394744.1,C[C@@H]1O[C@@H](O[C@H]2[C@H](O[C@H]3[C@H](O[C@H]4CC[C@@]5(C)[C@@H](CC[C@]6(C)[C@@H]5CC=C5[C@@H]7CC(C)(C)C[C@@H](O)[C@]7(C)CC[C@]56C)[C@@]4(C)CO)OC[C@H](O)[C@@H]3O)O[C@H](CO)[C@H](O)[C@@H]2O)[C@H](O)[C@H](O)[C@H]1O,899.1250000000007,2.664446081292081,0.1215566576099352,6.318031548994009
CNP0195813.2,O=C(O)C[C@@H]1CNC(=O)C2=CC(Br)=C(Br)N21,351.982,1.2650188073981314,0.8525727472698523,3.509305213530661
CNP0519238.1,COC1=CC2=C(C=C1OC)[C@@H](CC1=CC(OC)=C(OC)C(OC)=C1)[N+](C)(CCCOC(=O)CC/C=C/CCC(=O)OCCC[N+]1(C)CCC3=CC(OC)=C(OC)C=C3[C@H]1CC1=CC(OC)=C(OC)C(OC)=C1)CC2,1029.2779999999996,0.5105975696111801,0.0230912398641023,5.080202238052832
CNP0248461.1,COC1=CC2=C(C=C1OC)C1=C3OCOC3=C(OC)C3=C1[C@H](C2)NCC3,355.3900000000001,1.6913206165413237,0.913707842649628,3.3259491757676347
CNP0004975.1,CC1=C[C@@H](CNC(=O)COCC(=O)O)[C@H](C(C)C)C[C@H]1CC1=NC2=CC=CC=C2N1,413.51800000000014,-0.56947768940765,0.547880461795336,3.763342262488997
CNP0050904.1,COC(=O)C1=CC=C2NC(C[C@@H]3C[C@@H](C(C)C)[C@H](CNC(=O)COCC(=O)O)C=C3C)=NC2=C1,471.5540000000003,-0.6017767206140824,0.3586177234068468,3.866633879106251
CNP0383626.0,CC(C)=CCCC(C)=CCCC(C)=CCOC1=CC=C2OC(=O)C=CC2=C1,366.5010000000001,1.150669175492026,0.3710154028507577,2.7070656379513824
CNP0221194.3,CC(C)C1=CC2=C[C@H](O)[C@@H]3C(C)(C)CCC[C@]3(C)C2=C(O)C1=O,316.441,3.040347594282583,0.7655739942431933,4.372378953904607
CNP0279089.3,COC1=CC=C([C@H]2C[C@H](O)C3=C(O[C@@H]4OC(CO)[C@@H](O)[C@H](O)C4O)C(C)=C(O[C@@H]4OC(CO)[C@@H](O)[C@H](O)C4O)C(C)=C3O2)C=C1,640.6350000000003,1.3963289441058022,0.1551769759637934,5.005501108019892
CNP0341521.3,CC1(C)[C@H](O)C=C[C@]2(C)[C@H]3CC[C@]4(C)C(=CC(=O)O[C@H]4C4=COC=C4)[C@@]3(C)OC(=O)C[C@@H]12,440.5360000000002,2.87324169619878,0.5109839062827486,5.229165885223943
CNP0257454.0,COC1=C(OC)C(=O)C(C(=O)C=CC2=CC=CC=C2)=C(O)C1=O,314.29300000000006,0.8820722542336783,0.505628382459631,2.7040079048419656
CNP0078723.1,COC1=CC=CC=C1N1CCN(C(=O)C[C@@H]2CCNC[C@@H]2CC2=NOC(CSC3=CC=CC=C3)=C2)CC1,520.6990000000002,-1.343823257373562,0.4172375062324527,3.4196050615992157
CNP0167551.1,COC1=CC=CC=C1C1C2=C(C[C@H]3C(=O)N(C4CCCCC4)CC(=O)N13)C1=CC=CC=C1N2,443.5470000000002,-0.2786257754164121,0.6600575513115408,3.2449868211638053
CNP0517369.4,CCCCCCC[N@+]12[C@H](O)[C@@H](CC)[C@H]3C[C@H]1[C@@H]1N(C)C4=CC=CC=C4[C@]14C[C@H]2[C@@H]3[C@@H]4O,425.63700000000017,1.349692358670196,0.511853021146159,6.580098727230078
CNP0181964.2,COC(=O)CCCCC[C@@H]1NC(=O)N[C@H]1C,228.29200000000003,0.7531587031192125,0.5296258005607548,3.302388394470661
CNP0220037.12,C[C@@H]1C(=O)O[C@H]2C[C@]34[C@@H]5OC(=O)[C@]3(O[C@@H]3OC(=O)[C@H](O)[C@@]34[C@H](C(C)(C)C)[C@@H]5O)[C@]21O,424.4020000000001,3.269872931920645,0.3140501117996527,6.2830063414928965
CNP0361194.3,C=C1C[C@]23C[C@H]1[C@H](O)C[C@H]2[C@]1(C)CC[C@H](O)[C@@](C)(C(=O)O)[C@H]1[C@@H]3C(=O)O,364.43800000000005,3.3028745952300915,0.5564657136336663,6.089925200697201
CNP0325518.1,CC1(C)[C@H]2CC[C@]1(C)C(=O)C(Br)(Br)C2=O,338.03900000000004,1.2777406266252933,0.5025865954100929,4.766955135922334
CNP0398710.0,COC(=O)C1=CC(OC)=C(OC)C=C1NC(=O)CC1=CC=CC=C1C(=O)O,373.3610000000001,-0.7340699380471739,0.7168047495978789,1.9711550678671284
CNP0238948.17,CC(C)=CCC[C@](C)(O)[C@H]1CC[C@]2(C)[C@@H]1[C@H](O)C[C@@H]1[C@@]3(C)CC[C@H](O)C(C)(C)[C@@H]3CC[C@@]12C,460.74300000000034,3.145553896689037,0.4196199338384678,4.839648399673145
CNP0267426.1,COC(=O)C1=C(O)C=CC2=C1C(=O)C1=C(O)C3=C(C=C1O2)C[C@@]12C=C[C@@H]3C(=O)C1=C(O)C1=C(O)C=C(C)C=C1[C@@H]2OC(C)=O,596.5440000000003,2.1067753313366837,0.1451964201128679,5.69997872256308
CNP0055067.1,CCCCCCCCCCCCCCCCCCCC[C@@H](O)C(=O)N[C@@H](CO[C@@H]1O[C@H](CO)[C@@H](O[C@@H]2O[C@H](CO)[C@H](O)[C@H](O[C@]3(C(=O)O)C[C@H](O[C@H]4O[C@H](CO[C@H]5O[C@H](CO)[C@H](O)[C@H](O[C@@H]6O[C@@H](CO)[C@H](O)[C@H]6O)[C@H]5O)[C@H](O)[C@H](O[C@@H]5O[C@@H](CO)[C@H](O)[C@H]5O)[C@H]4O)[C@@H](NC(C)=O)[C@H]([C@H](O)[C@H](O)CO)O3)[C@H]2O)[C@H](O)[C@H]1O)[C@H](O)[C@H](O)CCCCCCCCCCC(C)C,1846.1130000000016,0.892703728403865,0.0253440142909848,7.384298393086575
CNP0543703.1,CC(C)CCCCCCCCCCCCCC(=O)OC[C@@H](COC(=O)CCCCCCCCC(C)C)OC(=O)CCCCCCCCCCC(C)C,737.2039999999997,0.3096223753725967,0.0355063216156515,3.011798789859077
CNP0163223.1,CCCCCC1OC(=O)[C@H](C)N(C)C(=O)C(CCCCC)OC(=O)[C@H](C)N(C)C(=O)C(CCCCC)OC(=O)[C@H](C)N(C)C1=O,639.8310000000004,0.5681216642548399,0.1759778131620385,4.902410013153442
CNP0159291.1,OC1=CC=C([C@H]2OC3=C(C(O)=CC(O)=C3[C@H]3C4=C(O)C=C(O)C=C4O[C@@H](C4=CC=C(O)C=C4)[C@H]3O)[C@@H](C3=C(O)C=C(O)C4=C3O[C@@H](C3=CC=C(O)C=C3)[C@@H](O)[C@@H]4O)[C@H]2O)C=C1,834.7830000000005,1.097456322391359,0.1108238517308895,5.167441371103449
CNP0232426.2,CC(=O)N1CCCC2=C(C[C@@H]3CCC[C@H]4C[C@H](C)C[C@H](C)N34)C[C@H](C)C[C@@H]21,372.59700000000015,0.4818443874443666,0.6254772579410972,4.551399766230231
CNP0538901.8,CC(C)(C[N+](C)(C)C)[C@@H]1O[C@@H]2CCCC[C@@H]2[C@H]2C=CCC[C@H]21,306.514,1.3005755465467497,0.559058307792614,4.723278051917199
CNP0110691.3,CCCC[C@H](CC)CNC(=O)[C@@H]1CCC(=O)N1[C@@H]1OC(=O)C2=C1C=CC(OC)=C2OC,432.5170000000002,0.2642113333515645,0.5708460197709023,3.6775202211119566
CNP0017816.0,CC1=CC=C2C(=C3N=C(N)N=C13)N(C)C(=N)N2C,242.286,-0.2497639681619722,0.6105655120546519,3.1042983145319463
CNP0407466.0,COC1=CC=C2C=C(C(=O)NC3CCCC4=C3NC3=CC=C(OC)C=C43)NC2=C1,389.4550000000001,-0.405990433097593,0.4816540962032932,2.876646014418604
CNP0508118.1,O[C@@H]1CSSC[C@H]1O,152.24000000000004,1.7905428702752502,0.4831030126357913,4.441474822863822
CNP0286325.1,CCC(=O)O[C@@H]1[C@@H]2[C@@H](OC(C)=O)[C@@]34CO[C@@](C)([C@H](OC(=O)C5=CC=CC=C5)[C@@]2(OC(C)=O)C[C@@H]1C)[C@@H]3[C@@H](C(C)(C)OC(C)=O)C=CC4=O,668.7360000000002,2.504296438211389,0.2908947784764826,6.105631563071173
CNP0381153.1,C[C@H](C[C@@H](O)[C@@H]1O[C@]1(C)[C@@H]1CCC[C@@H]1C1=CC=CC(N)=C1)C1=C2CC[C@H]3[C@@]4(C)C[C@@H](C5=CC=CC(O)=C5)C(=O)C(C)(C)[C@@H]4[C@@H](O)C[C@]3(C)[C@@]2(C)CC1=O,723.995,2.400789482438228,0.1670208949895811,5.854985686170339
CNP0413126.1,COC1=CC(OC)=C2C(=O)[C@@]3(OC2=C1Cl)C(=O)C=C(NCCC1=NN(C)C=N1)C[C@H]3C,446.8910000000002,0.6715661258698226,0.6726802108945351,4.652609012720358
CNP0070912.2,CC1=C(C(=O)OCC2=CC=CC=C2)[C@H](C2=CC=CO2)NC(=O)N1,312.32500000000005,-0.9569528446733736,0.8505430676099781,2.645543543193892
CNP0128544.0,CC1=CC=C(S(=O)(=O)OC2=CC=C3C(=O)C(=CC4=CC=CC=C4Br)OC3=C2)C=C1,471.3280000000001,-0.788043331910617,0.3894185322412551,2.3835230828720704
CNP0081172.3,C[C@@H]1CC[C@@]2(OC1)O[C@H]1C[C@H]3[C@@H]4CC=C5C[C@@H](O[C@@H]6O[C@H](CO)[C@@H](OS(=O)(=O)O)[C@H](O)[C@H]6O[C@@H]6O[C@@H](C)[C@H](O)[C@@H](O)[C@H]6O)CC[C@]5(C)[C@H]4CC[C@]3(C)[C@H]1[C@@H]2C,802.9769999999999,2.901863068497651,0.1606397855696403,6.390601124757352
CNP0316166.1,C[C@@H]1CC[C@H]2[C@@](C)(CO)C[C@]3(C)C(=O)C=C[C@]123,234.33899999999997,2.9605568173736594,0.7568213970560383,5.30130048105031
CNP0104108.2,C[C@H]1CCCC(O)CCCC(O)CC2=CC(O)=CC(O)=C2C(=O)O1,338.4000000000001,1.7194207699548905,0.5406248727209484,3.9962979608040383
CNP0114882.1,CC1(C)CC[C@]2(CO)[C@H](O)C[C@]3(C)C(=CC[C@@H]4[C@@]5(C)CC[C@H](O[C@@H]6OC[C@H](O[C@@H]7O[C@H](CO)[C@@H](O)[C@H](O)[C@H]7O[C@@H]7OC[C@H](O)[C@H](O)[C@H]7O)[C@H](O)[C@H]6O[C@@H]6O[C@H](CO)[C@@H](O)[C@H](O)[C@H]6O)[C@@](C)(CO)[C@@H]5CC[C@]43C)[C@@H]2C1,1063.2380000000005,2.3340887944551767,0.0719322693046975,6.869148583804376
CNP0003517.0,CCCCCCCCCCCCCCCCCCCCCCCCCCCCC(O)CC(O)CCCCC,538.9860000000004,0.4363832349531632,0.0815395724062511,2.6264110903364823
CNP0056678.2,C=C1C(=O)O[C@H]2[C@H]1[C@@H](OC(=O)[C@@H](C)CO)C[C@@]1(C)[C@H](O)CCC(=O)[C@H]21,352.3830000000001,3.0644661129516755,0.5577573319715275,4.714288807143674
CNP0343098.1,CC[C@@]1(O[C@@H]2C[C@@H](N(C)C)[C@@H](O)[C@@H](C)O2)CC2=C(O)C3=C(C(=O)C4=CC=CC(O)=C4C3=O)C(O)=C2[C@H](O[C@@H]2C[C@@H](N(C)C)[C@@H](O[C@H]3CC[C@H](O[C@H]4CC[C@H](O)[C@H](C)O4)[C@H](C)O3)[C@@H](C)O2)C1,913.0709999999999,1.172966583963957,0.1684219247517519,6.269000386439087
CNP0400408.3,CCOC(=O)[C@@H]1OC2=C(C(=O)OC3=CC=CC=C23)[C@H]1C1=CC=C(O)C(O)=C1,368.34100000000007,0.7510501233226411,0.4157670065071215,3.389160249749457
CNP0568393.3,CSC1=CC=CC(NC(=O)[C@H]2[C@H]3C=C[C@@]4(O3)[C@H]2C(=O)N(C(C)(C)C)[C@@H]4C(=O)N[C@@H]2CCC[C@H](C)[C@H]2C)=C1,525.7150000000004,-0.5177056358558462,0.4436662245665672,5.648991019306703
CNP0299949.1,CCCCCCCCCCCCCCCCCCCC(=O)CCC[C@H](O)CCCC,424.75400000000025,0.6537425552449767,0.1481660834443862,2.5842866877733623
CNP0254130.0,COC1=CC(=O)N(C)C2=C(OC)C=CC=C12,219.24,0.135102918283775,0.7691149829179105,2.051352671152527
CNP0596892.1,CCCCC/C=C\C/C=C\C/C=C\C/C=C\CCCC(=O)OC[C@H](COC(=O)CCCCCCCCCCCCC/C=C\CCCCCCCC)OC(=O)CCCCCCCCCCCCCCCCCCCCCCC,1077.7989999999984,0.408589271605734,0.0261331870757409,4.01942174982112
CNP0537650.0,COC1=CC=C([C](O)[C](N)C(=O)O)C=C1OC,239.22699999999995,0.0065072929952705,0.6923808030975374,2.518755812609788
CNP0142372.1,CC1=CC2C(=C(C)CC[C@@]3(C)[C@@H](C(C)C)CC[C@H]23)CC1,272.47600000000006,2.7833253828307307,0.5027554458115027,4.176980276919632
CNP0317498.0,CSC1=CC(=O)N2C3=CC=CC=C3C3=C2C1=NC=C3,266.325,-0.2711017289923632,0.4962722392163761,2.5396702022657767
CNP0390882.2,COC1=CC=C([C@H]2C=C3C4=CC(OC)=C(OC)C=C4CCN3C3=C2C(=O)CC(C)(C)C3)C=C1,445.5590000000003,0.1867925331101364,0.6347782622665703,3.210616076615244
CNP0244148.1,C/C=C(/C)C(=O)O[C@@H]1C[C@@H](C)[C@@](C)(CCC2=CC(=O)OC2)[C@@H]2CCC=C(C)[C@]12C,400.5590000000002,3.6078765585678334,0.3454990839908947,4.763980868985239
CNP0460082.1,CN1[C@@H](CCC(=O)NC2=CC=CC=C2)CNC(=O)[C@@H]2[C@H]1CCN2CC1CC1,370.49700000000024,-0.8747894330770072,0.7998630367699543,3.477834001778636
CNP0104357.1,C/C=C1/COC(=O)C2=C1C=C1C3=C(CCN1C2=O)C1=CC=CC(O[C@@H]2O[C@H](CO)[C@@H](O)[C@H](O)[C@H]2O)=C1N3,510.49900000000014,1.368073595771802,0.3120076028072199,4.594785806097642
CNP0174963.1,CCC1/C=C\[C@H](C(C)O)OC(=O)[C@@]2(C)C=CC(=O)NC3=C2C(=O)C2=C(C=C(C)C(O)=C2C(=O)CC1)C3=O,507.5390000000004,2.3697322008963706,0.4089950428076531,5.99720452807769
CNP0004223.1,COCC1=CC=C(CN(CC2=CC=C(COC)O2)[C@H]2C[C@@H](CC3=NOC(CCO)=C3)C2(C)C)O1,472.58200000000033,-0.3091079131527031,0.3924459014354334,4.044564685397268
CNP0599427.1,CC1=C[C@@H](CNS(=O)(=O)C(C)C)[C@H](C(C)C)C[C@H]1CC1=NC2=CC=CC=C2N1,403.59200000000016,-0.6479013264342679,0.677402120401285,3.835611488699183
CNP0466641.0,CC(=NNC(=S)NC1=CC=CC=C1)C1=C(O)N(C)C2=CC=CC=C2C1=O,366.44600000000014,-1.2189473727956497,0.3773339408561748,2.369917160696538
CNP0554874.0,C=C(C(=O)OC1C(C)C2(O)C(C=C(COC(=O)CCCCCCCCCCCCCCC)CC3(O)C(=O)C(C)=CC32)C2C(C)(C)C12OC(=O)C(C)CC)C(C)O,785.0720000000003,2.1152091155121413,0.0322831387280165,5.5371287034308
CNP0192597.1,C=CC[C@@H]1CC[C@H]2[C@@H](CC=C)CCC[C@@H]2N1,219.37199999999996,1.6590988580315562,0.7112859212706922,4.349352093392185
CNP0601644.0,CC(=O)NC1=CC=C(C(=O)O)C=C1N,194.18999999999997,-0.7918080511102428,0.6102668511712604,1.7391591719707264
CNP0143644.1,C=C1C(=O)O[C@@H]2[C@H]1[C@@H](O)C[C@H](C)[C@@H]1CCC(=O)[C@@]21C,264.3209999999999,3.512665571831706,0.531364323573118,4.584795550965072
CNP0119408.1,C=C1CC[C@]2(C)CC[C@]3(C)C(=CCC4[C@@]5(C)CCC(=O)C(C)(C)C5=CC[C@]43C)[C@H]2[C@@H]1C,420.6810000000002,3.370833863613877,0.3619943804294706,5.117204674602231
CNP0256065.2,CCCCCCCC[C@@H](C)O,158.285,1.157831616891882,0.5643412331132144,2.200254176447359
CNP0227786.1,CO[C@H]1[C@@H](OC(C)=O)[C@@]2(C)C3=CC[C@@H](C4=CC(=O)O[C@H]4O)[C@]3(C)CC[C@@H]2[C@@]2(C)C=CC(=O)C(C)(C)[C@H]12,498.6160000000003,3.752602612897339,0.4653064782324426,5.332108893761479
CNP0114763.0,O=C(O)C1CC2=C(NC3=CC=CC=C23)C(CC2=CC=CC=C2)N1,306.365,0.5849421634699129,0.6966052986833732,2.986666102700484
CNP0345172.4,CC1=CCC2C(C)(C)[C@@H](Br)CC[C@]2(C)O[C@H]1CBr,380.164,2.947080250258728,0.4557991217278263,4.671131585841787
CNP0152190.1,OCCC[C@@H]1C[C@H](NCC2=CC=C(CCC3=C(O)C(O)=C4C(O)=CC=CC4=C3/C=C/C3=CC=C(O)C(O)=C3)C=C2)CCO1,585.6970000000001,1.1827397449143882,0.087355563192041,3.8643588455430793
CNP0332333.1,CC(=O)O[C@@H]1[C@H]2[C@@H](OC(C)=O)[C@]3(OC2(C)C)[C@](C)([C@H](OC(=O)C2=CC=CC=C2)CC[C@@]3(C)O)[C@H]1OC(C)=O,532.5860000000002,2.269359631615045,0.4454542964178904,5.674243616234464
CNP0547352.2,CCCC[C@]1(O)C(=O)C=C(CCC(O)CC)C[C@@H]1O,270.3689999999999,2.011640563883484,0.6579995188492883,4.192619791245587
CNP0505680.1,CCCCCCC[C@@H](C/C=C/CCC(=O)N(C)C/C(=C/Cl)[C@]12O[C@H]1C[C@@H](OC(=O)O)[C@@H](C)C2=O)OC,528.0860000000001,2.089066519113845,0.1225152748376661,4.9210504491553415
CNP0000811.0,ON1C=CC2=CN=CN=C21,135.126,-0.7006541096115599,0.5398904292866125,2.938198279142357
CNP0015577.1,CCNC(=O)NC[C@@H]1C=C(C)[C@H](CC(=O)N2CCN(C3=CC=CC=N3)CC2)C[C@H]1C(C)C,441.6200000000002,-1.2577195326343222,0.6367486102720459,3.638761730388501
CNP0423265.2,CC1(C)CCC[C@@]2(C)[C@@H]1C(=O)C=C(CO)[C@@H]2/C=C/C1=COC=C1,314.42500000000007,2.7664147596730397,0.907421459627314,4.342940626351012
CNP0436168.1,CC(=O)OCC1=COC=C1[C@]1(C)CC[C@H]2C(C)(C)CCC[C@]2(C)[C@H]1C=O,360.49400000000014,2.324448540555612,0.5572818774419058,4.3796406113937065
CNP0287342.0,COC1=C(O)C=CC=C1C1=COC2=CC3=C(OCO3)C(O)=C2C1=O,328.27600000000007,1.6338545979537873,0.7457970628886884,2.8083049759357195
CNP0545433.3,CO/C(=C\C1=CC=C(O)C=C1)C(=O)OCC1=C(C(=O)O)N2C(=O)[C@@](NC(=O)CCC[C@H](N)C(=O)O)(OC)[C@H]2SC1,579.5840000000003,0.8362786286858676,0.0695674233918193,4.15685754171646
CNP0421639.0,C[N+]1(C)CCC2=CNC3=C2C1=C(O)C=C3,203.265,1.3701287637789266,0.631097489281039,3.5131232286940266
CNP0338489.1,CC(C)[C@@H](O)C(=O)N(C)[C@H](CC1=CC=CC=C1)C(=O)O,279.336,0.24566387428611,0.818782630486763,2.8953762845098083
CNP0387140.3,C[C@]12CCC(=O)C=C1CC[C@@H]1[C@@H]2[C@@H](O)C[C@@]2(C)[C@H]1CC[C@]2(O)C(=O)COC(=O)CCC(=O)N[C@H](CC(N)=O)C(=O)O,576.6430000000005,1.382304763054512,0.2280370344355434,4.574175171089458
CNP0487056.1,CC1=C(C(=O)OC[C@@H]2CCCO2)[C@@H](C2=CSC=C2)C2=C(CCCC2=O)N1,373.47400000000016,-1.3361898078256118,0.8193265103162244,3.4147481498447325
CNP0583398.0,O=C(NCCC1=CC=CC=C1)C1=CC=CC=C1Cl,259.736,-1.3265946120174663,0.8967850368594935,1.361289094630969
CNP0320492.2,CN[C@H]1CN2[C@@H](CC3=CC=C(OC)C=C3)[C@H](O)[C@@H]3C[C@]2(CC[C@H]3OP(=O)(O)O)C1,426.4500000000002,0.9845690357319378,0.5038956440971795,5.679432315063619
CNP0301280.1,COC1=C(C(=O)O)C=C(OC(C)=O)C(OC(C)=O)=C1[C@H]1O[C@H](COC(C)=O)[C@@H](OC(C)=O)[C@H](OC(C)=O)[C@H]1OC(C)=O,598.5100000000003,1.1214879327618192,0.2261558347968514,4.279772657965261
CNP0255500.0,CC(C)=CCC1=CC=C(O)C2=C1OC1=C(O)C=CC(O)=C1C2=O,312.321,1.8998773377425089,0.3821220359743515,2.8860870257210856
CNP0229816.4,C[C@@H]1CC[C@@]2(OC1)O[C@H]1C[C@H]3[C@H]4CC=C5C[C@@H](O)C[C@@H](O)[C@]5(C)[C@@H]4CC[C@]3(C)[C@H]1[C@@H]2C,430.62900000000025,3.513724791863474,0.5477871508634778,5.452930461270215
CNP0336930.1,CC[C@H](C)[C@@H]1NC(=O)[C@H]([C@@H](C)CC)N(C)C(=O)[C@H](CC(=O)O)N(C)C(=O)[C@H](C(C)C)NC(=O)[C@H](C(C)C)N(C)C(=O)[C@@H]2CCCCN2C(=O)[C@@H](C(C)C)OC(=O)[C@H](CC2=CC=C(OC)C=C2)NC(=O)[C@H](C(C)C)N(C)C(=O)CNC1=O,1140.4309999999996,0.9738563123270566,0.1776848951479175,6.6031653597833
CNP0390597.0,O=C(CCN1C2=C(CCCC2)C2=CC=CC=C21)N1CCC2=C(C1)NC1=CC=CC=C21,397.52200000000016,-0.9425165056734166,0.5205907057257325,2.472307394881666
CNP0375023.7,CO[C@@H](/C=C/[C@@H](OC(C)=O)[C@H](C)OC(C)=O)[C@H](O)[C@@H]1CC=CC(=O)O1,356.3710000000001,2.2902657769651884,0.3840600371448656,4.663372255651584
CNP0373669.0,CC1=C(C)C2=CC3=C(C=C2OC1=O)OC=C3C1=CC=C2C=CC=CC2=C1,340.37800000000004,0.0121578333153038,0.3527346754932838,2.32578148946366
CNP0277193.1,C=C(C)C(=O)O[C@H]1C2=C(C)[C@H](OC(=O)C=C(C)C)C[C@@H](O)[C@]2(C)C[C@H]2OC(=O)C(=C)[C@H]21,430.49700000000024,2.879043528223077,0.316803064357653,4.976220126736584
CNP0488798.0,CC(CCC(OC1OC(COC2OC(CO)C(O)C(O)C2O)C(O)C(O)C1OC1OC(CO)C(O)C(O)C1O)C(C)(C)O)C1CCC2(C)C3CC=C4C(CCC(O)C4(C)C)C3(C)C(=O)CC12C,961.1489999999995,2.376012261095488,0.094428395525646,6.513237059582237
CNP0598650.0,O=C(CN1C2=C(SC1=O)C(C1=CC=CC=C1)C1C3CCC(C3)C1S2)NC1=CC=C2C=CC=CC2=C1,498.67300000000023,-0.8325391961613601,0.3564916367618839,4.453089734530575
CNP0506505.0,CNC(CC(C)C)C(=O)NC1C(=O)NC(CC(=O)O)C(=O)NC2C3=CC(=C(OC4OC(CO)C(O)C(O)C4OC4CC(C)(N)C(O)C(C)O4)C(=C3)OC3=CC=C(C=C3Cl)C(O)C3NC(=O)C(NC2O)C2=CC=C(O)C(=C2)C2=C(O)C=C(O)C=C2C(C(=O)O)NC3=O)OC2=CC=C(C=C2Cl)C1O,1452.2710000000004,1.0933270039189138,0.0762860516807816,8.302043444734442
CNP0585965.1,C/C=C(\C)C(=O)O[C@H]1[C@H](OC(C)=O)[C@]2(C)O[C@]3(CC[C@]2(C)[C@H]2CCC[C@]4(CO4)[C@]12CO)COC(=O)C3,506.59200000000044,2.9078013137835086,0.265393243375458,6.059966905363187
CNP0255170.4,O=C1C(O[C@@H]2O[C@@H](CO)[C@H](O)[C@@H](O)[C@H]2O[C@@H]2OC[C@H](O)[C@H](O)[C@@H]2O)=C(C2=CC=C(O)C=C2)OC2=CC(O)=CC(O)=C12,580.4950000000003,2.1361572394762924,0.1562889017757633,4.6270321435586
CNP0195214.3,C[C@H]1CC=CC2=C1C(=O)[C@@H]1[C@H]3CCCN3CC[C@H]1O2,259.34899999999993,2.190980415577058,0.6682410583931205,4.451991467010753
CNP0288142.4,CC1O[C@@H](OC2[C@@H](O)[C@H](O)C(CO)O[C@H]2C2=C(O)C=C3OC(C4=CC=C(O)C(O)=C4)=CC(=O)C3=C2O)C(O)[C@@H](O)[C@H]1O,594.5220000000005,2.1828505837357595,0.1531322443225548,4.821960623348515
CNP0300439.1,CC(=O)C[C@@H](O)/C(C)=C/C=C/C(C)=C/C=C/C=C(C)/C=C/C=C(C)/C=C/C1=C(C)CCCC1(C)C,474.7290000000004,1.7691067852216935,0.3035890130725077,4.185625716704638
CNP0036714.1,CC1(C)CC(=O)[C@@](C)(C=O)C1,154.20899999999997,2.013037385881673,0.4242100708319462,3.9119424182056
CNP0511795.1,COC1=CC=C2C(=C1)[C@]1(CCN(C(=O)NC(C)(C)C)C1)C(=O)N2C,331.4160000000001,-0.5669824490994998,0.8573370977843798,3.430565809734061
CNP0514149.1,COC1=C2OCOC2=CC2=C1[C@H](C1=NN=NN1C1=CC=CC(C(=O)NC3CCCCC3)=C1)N(C)CC2,490.5640000000004,-0.7360399893986475,0.5822023628479345,3.310375784778266
CNP0282326.1,CC1=CCC[C@@]2(C)CC[C@](O)(C(C)C)C[C@H]12,222.372,3.1403415817446625,0.6666807797558786,4.21140148659671
CNP0261001.3,C[C@H]1C(=O)CC[C@H]2[C@]3(C)CC[C@@]4(C)[C@@H]5CC(C)(C)[C@@H](O)C[C@]5(C)CC[C@]4(C)[C@H]3C[C@@H](O)[C@]12C,458.72700000000026,2.7902115909788003,0.4415289561254701,5.126296721743782
CNP0332560.1,CCOC(C)(C)[C@H](O)COC1=C2OC=CC2=CC2=C1OC(=O)C=C2,332.35200000000003,1.5415148158928005,0.6985848602979025,3.5277898358737865
CNP0253248.1,C=C1C(=O)O[C@H]2[C@H](O)[C@@H](C)[C@@H]3[C@@H](OC(=O)[C@H](C)CC)C[C@@H](O)[C@@]3(C)[C@H](OC(C)=O)[C@H]12,424.4900000000002,3.0027019823198966,0.3945500703618659,5.051987955128644
CNP0378754.0,CC=C(C)C(=O)OCC1=CC=C(C2=CC=C(C#CCCOC(=O)CC(C)C)S2)S1,430.5910000000002,0.7828132554411102,0.2292432185317901,3.069676887333192
CNP0349029.6,C[C@H](NC(=O)[C@H](N)C[C@H](O)C(=O)O)[C@H](O)[C@@]12C[C@H]1CC=CC2=O,326.3490000000001,1.5727386627479218,0.3838859454257921,4.76231890025713
CNP0079694.0,CCCC(O)CC1CC2=CC(OC)=CC(O)=C2C(=O)O1,280.32,2.011219887154305,0.8071076711957093,3.3112134767515293
CNP0569569.1,CCCCCCCCCCCCCCCCC(=O)OC[C@H](COC(=O)CCCCCCCCCCCCCCC(C)C)OC(=O)CCCCCCCCCCCCCCCCCCCCC(C)CC,975.6629999999988,0.3404788978155077,0.0343213555066549,3.805169176717838
CNP0530159.1,CCCCC/C=C\C/C=C\C/C=C\CCCCC(=O)OC[C@H](COP(=O)(O)OCC(O)COP(=O)(O)OC[C@@H](COC(=O)CCCCCCCCC/C=C\CCCCCCCC)OC(=O)CCCCCCCCC/C=C\CCCCCCCC)OC(=O)CCCC/C=C\C/C=C\C/C=C\CCCCC,1506.0659999999996,0.4336228053406973,0.0168678052564645,5.992044801519461
CNP0187246.1,C=C1CC[C@@H]2CCC(C)=C([C@H](O)C[C@]3(C)O[C@@H]3CC1)C2(C)C,304.47400000000005,3.1967672814527406,0.5159173244718012,5.6537004791062895
CNP0014248.1,COC1=CC=C2C(C[C@H]3CN(C(=O)CC4=CC=CC=C4)CC[C@H]3CC(=O)O)=NCCC2=C1,434.5360000000003,-0.1836718903615936,0.7220377323531403,3.32374301147266
CNP0518909.1,C[C@@H]1CCCC[C@]1(N)C(=O)O,157.21300000000002,1.092312431712391,0.5959870248796,3.2964859993308213
CNP0485778.0,CCCCCC=CCC=CCC=CCC=CCCCCCC(=O)OCC(COC(=O)CCCCCC=CCC=CCC=CCC=CCCCCC)OC(=O)CCCCCCCCCCCC=CCCCCCCCC,1041.680999999999,0.4007519777340204,0.0261364387093766,3.813932423490252
CNP0411567.5,CC(=O)O[C@H]1CC[C@@]2(C)[C@@H](CC[C@@]3(C)CC4=CC[C@@H]5C(C)(C)[C@@H](O)CC[C@]5(C)[C@H]4CC[C@@H]32)C1(C)C,484.7650000000003,3.0944490110256058,0.3061200743717695,4.796596006109166
CNP0208185.2,C=C/C(C)=C/C[C@]1(C)[C@H]2C[C@H](OC(=O)[C@H](C)CC)C=C3[C@H](OC(C)=O)O[C@H](OC(C)=O)[C@]32CC[C@@H]1C,502.6480000000003,3.32271902530052,0.1835288084105433,5.691245764427912
CNP0140042.0,S=C1C=CSS1,134.25,-0.5645359519881833,0.3879301481324659,4.733874439688876
CNP0264548.2,O=C(/C=C\C1=CC=C(O)C=C1)O[C@@H]1[C@@H](O)[C@H](OC2=CC(O)=C3C(=O)C=C(C4=CC=C(O)C=C4)OC3=C2)O[C@H](CO)[C@H]1O,578.5260000000004,1.6937934048365162,0.1380769399231098,4.132649968652741
CNP0223630.1,CO[C@@H]1[C@@H](OC)[C@H](C)O[C@@H](O[C@H]2C[C@H]3[C@@H]4C=C5C(=O)[C@H](C)[C@@H](O[C@H]6CC[C@H](N(C)C)[C@@H](C)O6)CCC[C@H](C6CCC6)OC(=O)C[C@H]5[C@@H]4C=C(C)[C@@H]3C2)[C@@H]1OC,772.033,1.7896981450741103,0.195591865667566,6.602211235109893
CNP0026598.0,O=C1C(=CC2=CC=CC=C2)OC2=C1C=CC1=C2CN(CC2=CC=CN=C2)CO1,370.40800000000013,-0.9922746946454644,0.6512527439639373,2.572786599342922
CNP0468206.2,CC[C@H]1CN(C(=O)NC(C)C)CC[C@H]1CC(=O)NCC1=CC=C2OCOC2=C1,389.49600000000015,-0.9013261039407858,0.7840379418980562,3.146810099883073
CNP0043395.1,CCC=CCC=CCC=CCC=CCC=CCCCC(=O)OC[C@H](CO)OC(=O)CCCCCCCCCCCC=CCCCCCCCC,697.0979999999997,0.8769692860976305,0.0400908089097569,3.824500713347677
CNP0138172.2,CC(=O)OC[C@@H]1O[C@@H](OCC2O[C@@H](OC3=C(C4=CC=C(O)C=C4)OC4=CC(O)=CC(O)=C4C3=O)C(O)C(O)[C@@H]2O)C(OC(C)=O)[C@@H]1OC(C)=O,706.6060000000003,1.858136575700868,0.1189559872290726,4.826451487906043
CNP0052435.1,COC1=CC([C@H]2NN3C(=NN=C3C3=CC=CC=C3OC)S2)=CC=C1O,356.40700000000004,-0.552267689058664,0.7434920247252343,3.0142196917113857
CNP0485677.1,CCCCCCCCCCCCCCCCCCCCC(=O)O[C@H](COC(=O)CCCCCCCCCCCCCCCC)COC(=O)CCCCCCCCCCCCCCC(C)C,919.5549999999989,0.2670657833068465,0.0343536452011649,3.31314618525092
CNP0128930.1,COC1=CC=C2C(=C1)C(=O)OC1=C(C)C(OC(=O)[C@H](CC3=CNC4=CC=CC=C34)NC(=O)OCC3=CC=CC=C3)=CC=C12,576.6050000000002,-0.2374446487822309,0.0959871915105734,3.0858558694082445
CNP0105090.0,CCN1C2=CC=CC=C2C2=CC=NC(C)=C21,210.27999999999997,-0.2536697729391249,0.6005799199570625,2.0786876057831147
CNP0452359.1,COC[C@@H](CCO)C1=C(CO)C2=CC=C3O[C@@](C)([C@H]4C[C@@H]5C=CC6=CC=CC=C6[C@@H]5C4)[C@H]4OC(=O)/C(=C(/C)CO)CCC5=CC=C(C=C5)[C@@H]5CC[C@@H](C6=CC=CC(C7(C8=CC=CC=C8)CCCC7)=C6)C[C@H]5CC(=O)O[C@@H]4C3=C2OC1=O,1093.3669999999995,1.7665502227453451,0.0643091939414762,7.572235054420368
CNP0561971.1,CO[C@H]1C[C@H](O[C@H]2[C@@H](OC)C[C@H](O[C@@H]3[C@H](C)O[C@@H](O[C@H]4CC[C@@]5(C)C(=CC[C@]6(O)[C@@H]5C[C@H](OC(C)=O)[C@]5(C)[C@]6(O)CC[C@@]5(O)C(C)=O)C4)C[C@@H]3O)O[C@@H]2C)O[C@@H](C)[C@H]1O[C@H]1C[C@@H](OC)[C@@H](O)[C@@H](C)O1,985.1710000000002,2.044285853282568,0.1315648240969929,6.7252735631324
CNP0235295.0,CCC(O)C(C)C1OC1CC(C)C=CC=C(C)C1OC(=O)CC(OC(C)=O)CCC(O)(COC(C)=O)C(OC(C)=O)C=CC1C,636.7790000000005,2.302641676723708,0.1042893882670442,5.88148532456689
CNP0058072.6,CC(=CCOC1=CC=C2C=CC(=O)OC2=C1)CCC=C(C)CC[C@H](O)[C@](C)(O)CO,416.5140000000002,1.7404284203036569,0.3812287318207454,3.708104574490904
CNP0109976.0,COC1=CC=C(C2=C(OC)C(=O)C3=C(OC(C)=O)C(OC)=C(OC)C=C3O2)C(OC)=C1OC,460.4350000000003,0.9549005949925604,0.3659572937057677,2.660837968475043
CNP0164023.1,NCCCO[C@H]1O[C@@H]([C@H](CO)O[C@@H]2O[C@@H]([C@H](CO)O[C@@H]3O[C@H]([C@H](O)CO)[C@@H](O)[C@@H]3O)[C@@H](O)[C@H]2O)[C@@H](O)[C@@H]1O,561.5340000000003,1.1706711316530658,0.0878035997564389,5.516660125097492
CNP0259276.2,CC(=O)O[C@@H]1C[C@@]2(C)[C@H](CC[C@]3(C)[C@H]2CC=C2[C@H]4[C@](C(=O)O)(CC[C@@H](C)[C@@]4(C)O)CC[C@]23C)C(C)(C)[C@H]1O,530.7460000000005,3.316052259986295,0.3103979697981163,5.101244501018265
CNP0189596.4,COC1=CC(OC)=C2C(=O)C=C(C3=CC=C(O)C(O)=C3)OC2=C1[C@H]1O[C@H](CO)[C@@H](O)[C@@H](O)[C@H]1O,476.4340000000002,1.814324368226124,0.2807678705407886,4.0109428733512384
CNP0153122.1,CC(C)C[C@@](C)(O)CNCN[C@@H]1C#CC[C@H](CO)OC2=CC(=CC=C2O)[C@H]2OC3=C(C[C@@]21OCN[C@H]1CCC[C@]2(CCC[C@@H]2COC2CCCC2)C1)C1=C(C2=CC=C(O)C4=C2[C@@H](C1)[C@H](C1=CC=C2NC=CC2=C1)C(CNCCCC1=CC=CC=C1)=C4)C1=C3CC[C@@H](CO)O1,1278.6859999999995,1.1989353677799512,0.0164403354259145,7.8841015012806945
CNP0529131.0,COC1=CC(C=CC(=O)O)=C(C2(O)CC3CCC2(C)C3(C)C)C=C1O,346.42300000000006,1.56737437718816,0.7260990996926779,4.630988989027889
CNP0083884.0,CCCOC(=O)CCC,130.18699999999998,0.0160723488057888,0.5416729314973412,1.7636626226101717
CNP0392904.3,CC[C@@H](C)[C@H](NC(=O)N1CCC2=CC(OC)=C(OC)C=C2[C@@H]1C1=CC=C(OC)C(OC)=C1)C(=O)O,486.5650000000002,-0.2125169593599428,0.5540179699253023,3.278978858474199
CNP0170267.0,O=C1CC2=CC=C(Br)C=C2N1,212.046,-0.3018464829478363,0.6989932790081732,2.2206415273642275
CNP0218037.5,CC(C)=CCC[C@](C)(O[C@@H]1O[C@H](CO[C@@H]2OC[C@H](O)[C@H](O)[C@H]2O)[C@@H](O)[C@H](O)[C@H]1O)[C@H]1CC[C@]2(C)[C@@H]1[C@H](O)C[C@@H]1[C@@]3(C)CC[C@H](O[C@@H]4O[C@H](CO)[C@@H](O)[C@H](O)[C@H]4O[C@@H]4O[C@H](CO)[C@@H](O)[C@H](O)[C@H]4O)C(C)(C)[C@@H]3CC[C@]12C,1079.2810000000002,2.1488870254617902,0.0651150616581121,6.826710041496521
CNP0284185.2,OC[C@H](CC1=CC=C2OCOC2=C1)C(CO[C@@H]1O[C@H](CO)[C@@H](O)[C@H](O)[C@H]1O)CC1=CC=C2OCOC2=C1,520.5310000000003,1.3132197574795277,0.2866598908059495,4.260076694387932
CNP0247410.0,COC1=CC=C2C=C(C(=O)NCCC3=CNC=N3)SC(=O)C2=C1OC,359.40700000000015,-0.613652771577372,0.7018581354277084,2.7606013986901843
CNP0163214.1,CC1(C)CCC2=C(C1)[C@H]1CC[C@@H]3[C@@]4(C)CC[C@H](O)[C@@](C)(C=O)[C@@H]4CC[C@@]3(C)[C@]1(C)CC2=O,440.6680000000003,2.7975548972314197,0.4881567399235604,4.93440203398036
CNP0137986.1,CO[C@]12C[C@@H](C)CN[C@@H]1[C@@H](C)[C@H]1[C@@H](C[C@H]3[C@@H]4[C@@H](O)C[C@H]5C[C@@H](N)CC[C@]5(C)[C@H]4CC[C@]13C)O2,460.70300000000043,2.663132755320767,0.5527370531366026,5.508915731849799
CNP0113077.4,C=C1C(=O)O[C@@H]2[C@@H]1[C@H](OC(=O)C(C)C)C(=O)[C@@H](C)C[C@H](O)C[C@@](C)(O)[C@H]2OC(=O)C(C)C,454.51600000000025,2.649958421873715,0.3660767783361926,5.20166651912249
CNP0244297.1,CCC1=C(C)C(=O)C(C)=C([C@H](C)[C@@]2(O)O[C@@H]([C@@H](C)C3=C(C)C(=O)C(C)=C([C@@H](C)[C@@H](O)CC)O3)[C@@H](C)[C@H](OC(=O)CC(C)C)[C@@H]2C)O1,644.8460000000002,1.7852013868402377,0.2631649557946068,5.548824889358824
CNP0554265.3,C[C@@H]1CCCC[C@@H]1N1C(=O)[C@H]2[C@@H](C(=O)NC3=CC=C(Br)C=C3)[C@H]3C=C[C@@]2(O3)[C@@H]1C(=O)NC1CCCCC1,570.5279999999998,-0.3622001586383431,0.5084389949358054,5.306101792887201
CNP0104443.0,CC1=C(O)C=C(CCCC(C)C)OC1=O,210.273,1.4939703565550466,0.8306699911557204,2.5451646572654543
CNP0046977.1,C=CCNC(=O)NC1=NC2=C(C[C@]3(C)CC[C@@H]4[C@H](OC(=O)[C@H]4C)[C@H]3[C@@H]2C)S1,389.5210000000001,-0.0809444298111333,0.61006088699681,4.405977401857761
CNP0210398.29,C[C@H]1CC[C@H]2[C@@H]1[C@H]1[C@@H](CC[C@@]2(C)O)C1(C)C,222.37199999999996,3.1250013668576373,0.6651960715226423,4.217665618409217
CNP0545428.1,CCCCCCCCCCCCCCCCCCCCCC(=O)OC[C@@H](COC(=O)CCCCCCCCCCCCC(C)C)OC(=O)CCCCCCCCCCCCCCCCCC(C)C,961.6359999999988,0.2552834693374268,0.0343271015739186,3.407661573283973
CNP0407800.0,CC(C)(C)C1=CC(CC2(NCC3=CC=CC=C3O)COC2)=NO1,316.40100000000007,-0.707116145022535,0.8876259240762762,2.8725972248969107
CNP0181292.2,CC1=CC[C@]2(C)CC[C@@]3(C)CCC(=C(C)C)[C@H]3[C@H]2CC1,272.47600000000006,2.893842865560756,0.4547869265913296,4.397317899297253
CNP0054690.1,CC1(C)[C@H]2CC[C@]1(C)C(=O)[C@@H]2[C@H](Br)N(O)C1=CC=CC=C1,352.27200000000005,0.7238759461238191,0.5024330019919867,4.780367549974853
CNP0303216.1,CCCCCCCCCCCCO[C@@H]1O[C@@H](C)[C@H](O[C@H]2O[C@@H](C)[C@H](OC(C)=O)[C@@H](C[C@H]3O[C@@H](C)[C@H](OC(C)=O)[C@@H](OC(C)=O)[C@H]3OC(C)=O)[C@H]2OC(C)=O)[C@@H](OC(C)=O)[C@H]1OC(C)=O,917.0520000000001,0.9679829775718533,0.0735956803846166,5.5089260997938805
CNP0530361.1,CC/C=C\C/C=C\C/C=C\CCCCCCCC(=O)O[C@H](COC(=O)CCC/C=C\C/C=C\C/C=C\C/C=C\CCCCC)COC(=O)CCCCCCC/C=C\CCCCCCCC,903.426999999999,0.5587573095120234,0.0261980318543099,4.084431780480236
CNP0217087.1,COC(=O)C[C@](O)(CCC1=CC=CC=C1)C(=O)O[C@@H]1C(OC)=C[C@@]23CCCN2CCC2=CC4=C(C=C2[C@H]13)OCO4,549.6200000000003,1.7239005028717174,0.4971014860916511,4.7538074859137645
CNP0216713.0,CCC1=CCCN(CCC2=C(C3(C(=O)OC)CCC(C(=O)OC)=C4NC5=CC=CC=C5C43CCN3CCC=C(CC)C3)NC3=CC=CC=C23)C1,676.902,0.561073580285408,0.1644490914998865,4.641881408814907
CNP0579704.0,O=C(O)C1=CC([O-])=NC(O)=N1.[Na+],178.079,-0.38645702146665,0.4237759615178346,3.7869815614078375
CNP0061597.2,COC1=CC=C2C(=C1O)O[C@H]1C3=CC(CC=C(C)C)=C(O)C(O)=C3OC[C@@H]21,370.4010000000001,2.4297810531480013,0.560405329416274,3.8647227760652463
CNP0357042.0,CCCCCCCCCC=CCCCCC(O)C(CO)NC(=O)CCCCCCCCCCCCCCCCC,565.9680000000004,0.7496663738368075,0.0561028238140665,3.339721223424524
CNP0274987.2,CCCCCCCCCCCCCC[C@@H](O)[C@H]1CC[C@H]([C@H](O)CCCCCCCCCCCCC2=C[C@H](C)OC2=O)O1,592.9460000000006,1.5681339549030282,0.0698271785434673,4.225636443810866
CNP0142103.1,CC(=O)O[C@@H]1C[C@H](O)[C@@]2(C)[C@@H](C[C@@H](OC(C)=O)[C@]3(C)[C@H]2CC[C@@]2(C)[C@H](C4=COC=C4)C[C@H]4O[C@@]432)C1(C)C,514.6590000000003,3.202131555224324,0.4472784800998079,5.642199105649171
CNP0598276.1,CC1=C[C@@H]2C(=O)C3=CC=CC(O[C@@H]4O[C@H](CO)[C@@H](O)[C@@](O)(C[C@]56CCC[C@H]5CCC5=C[NH+]=C(N)C=C56)[C@H]4O)=C3C(=O)[C@@H]2C(O)=C1,619.6910000000005,2.4847195756469707,0.2869757764821642,5.929599511124391
CNP0291321.1,CC1=CC[C@]2(O)[C@]3(C)C[C@]4(O)O[C@@]2([C@H]1O)[C@]1(O)[C@]3(O)[C@H](OC(=O)C2=CC=CN2)[C@](O)(C(C)C)[C@]14C,491.5370000000002,2.274643186032685,0.2219382401140132,7.334197840026912
CNP0271980.3,C[C@@H]1CC[C@@]2(OC1)O[C@H]1C[C@H]3[C@@H]4CC=C5C[C@@H](O[C@@H]6O[C@H](CO)[C@@H](O[C@@H]7OC[C@@H](O)[C@@H](O)[C@@H]7O)[C@H](O)[C@H]6O[C@@H]6O[C@@H](C)[C@H](O)[C@@H](O)[C@H]6O)CC[C@]5(C)[C@H]4CC[C@]3(C)[C@H]1[C@@H]2C,855.028,2.718597373622429,0.1659317391672614,6.650267834451747
CNP0186515.2,C=CCN1C(=O)C(C(=O)N2CCOCC2)C2C[C@@]1(C)OC1=CC=CC=C12,356.422,-0.449059312078823,0.6118135343475277,4.422859655508812
CNP0321052.0,NC1=C2N=CN=C2C=CO1,135.12599999999998,-0.6415179871151301,0.5786319481114874,2.9989303746330727
CNP0134162.1,COC1=CC2=C(C=C1OC)[C@@H](C1=CC=C3OCOC3=C1)[C@H]1C(=O)OC[C@@H]1C2,368.38500000000016,1.4131067250151887,0.7765858351652112,3.452335062256621
CNP0377746.1,CCOC(=O)C[C@@H](C1=CC=C2N=CC=CC2=C1)C1=C(O)C(=O)C=C(CO)O1,369.37300000000016,0.0585097115187741,0.6423287688231133,3.157784903202724
CNP0557700.1,CC[C@H](C)[C@@H](NC(=O)[C@@H](O)CC1=CC(Cl)=C(O)C(Cl)=C1)C(=O)N1[C@H](C(=O)NCCCCN=C(N)N)C[C@@H]2CC[C@@H](O)C[C@@H]21,643.6129999999999,0.9189361220126446,0.0949754691763653,4.544203154594929
CNP0401912.2,CC(=O)O[C@H]1C[C@]2(C)OC(C)(C)[C@H]1C[C@H]1[C@H]2[C@H](OC(C)=O)C[C@H]1C,338.44400000000013,2.770117505670846,0.7241176093942946,5.310397407898396
CNP0508781.0,COC1=CC=CC(OC)=C1C1=NC2=CC(C(C)(C)C)=CC=C2O1,311.38100000000003,-0.8111636560219826,0.6960444497908989,2.155109003743064
CNP0372567.0,CC(=O)C=CC=CCCCCCC(=O)O,210.27299999999994,1.9141899649157537,0.3804935963573349,2.4511984096106705
CNP0538591.0,O=C(O)C1=CC=C([O-])C=C1.[Na+],160.10399999999998,-0.1350332808482727,0.4604080436632211,2.9666486879455825
CNP0474253.2,CN1C(O)=C(C2=NN(C3=CC=CC=C3)[C@@H](C3=CC=CS3)C2)C(=O)C2=CC=CC=C21,401.4910000000002,-1.1471084856301936,0.5431145875994869,2.9993295309021217
CNP0224141.2,CC(C)(O)[C@H](O)C(=O)O,134.131,1.3819701225573668,0.4618450223776117,3.211851957265795
CNP0251584.1,CC1(C)C[C@H](O)C[C@@]2(C)[C@H]1CC[C@H]1C[C@H]3C[C@]12CC[C@]3(C)O[C@@H]1O[C@H](CO)[C@@H](O)[C@H](O)[C@H]1O,468.63100000000014,2.877473190758643,0.4295247087743992,6.362632033738786
CNP0473805.0,ClC1=CC(Cl)=C(C2=CC=CC=C2Cl)C=C1Cl,291.9920000000001,-0.8598964042813124,0.5680942305590729,1.7459253984252552
CNP0263098.2,CO[C@H]1[C@H](O[C@H]2CC[C@]3(C)C4CC[C@@]5(C)C([C@@H]4C[C@@H](O)C3[C@H]2O)[C@@H](O)C[C@@H]5[C@H](C)CC[C@H](O[C@@H]2O[C@@H](CO)[C@H](O)[C@H]2O)C(C)C)OC[C@@H](O)[C@@H]1O,730.9330000000004,2.4695600652921983,0.1395321174401408,5.9205097374544176
CNP0458753.1,CN1C(O)=C(C(=O)C[C@H](NCC2=CC=CC=N2)C2=CC=CS2)C(=O)C2=CC=CC=C21,419.50600000000014,-1.199103302081677,0.4452419439560025,3.037710019578837
CNP0014287.1,CC(=O)N1CCC(NC[C@H]2COCC3=NC4=CC(S(C)(=O)=O)=CC=C4N32)CC1,406.50800000000015,-1.3615354570950713,0.8176659278878613,3.2628442085713107
CNP0474790.3,CCC[C@@H](O)[C@@]1(C)CC[C@H](C(=O)O)C(C)(C)O1,244.33099999999996,1.8680657149980764,0.7952367715743279,4.065750695707246
CNP0175131.0,COC1=CC=C(O)C(C)=C1,138.166,0.3421330573994099,0.6397107129957217,1.523489879496026
CNP0370269.0,O=C(NC1CCCC2=C1NC1=CC=CC=C21)C1=CC=CC2=C1C=CN2,329.4030000000001,-0.415804651495284,0.4995474112391896,2.738963870505565
CNP0425462.0,C=CC(C)(C)C1=C(OC)C(O)=C(OC)C2=C1OC1=C3OC(C)(C)C=CC3=CC=C1C2=O,422.4770000000002,2.30001287218369,0.4530638537783841,3.490603703602398
CNP0177220.0,NC1=NC=C(C2=CC=CC=C2)C(C2=CC=C(OCC3=CC=C(Cl)C=C3)C=C2O)=N1,403.8690000000001,-0.6119293918972689,0.4702737540961761,2.1620555808618853
CNP0164850.0,CC1=CC(O)=C(C(=O)C2=C(O)C=CC(O)=C2C)C(O)=C1C1=C(C)C=C(O)C(C(=O)C2=C(O)C=CC(O)=C2C)=C1O,546.5280000000004,0.6122868849316474,0.1283609463856587,3.114238721045432
CNP0194821.1,C=C1CC[C@H]2C(C)(C)[C@@H](O)CC[C@]2(C)[C@H]1CC[C@H](C)CC=O,306.49,3.320532371257633,0.5870369373388442,4.280931216257722
CNP0135528.1,CCCCCCCCCC/C=C\C[C@H](C)CCC(=O)OCC,310.52200000000005,1.1386106351606369,0.197442495710596,2.7071971477090937
CNP0493340.2,CCCCCCCCCCCCCCCCCCCCCC(=O)O[C@H](COC(=O)CCCCCCCCCCCCCCCCCCCCC(C)CC)COC(=O)CCCCCCCCCC(C)C,975.6629999999988,0.3404788978155077,0.0343213555066549,3.805169176717838
CNP0269248.1,CN[C@H]1[C@@H](O)[C@H](O[C@@H]2[C@@H](O)[C@@H](O[C@@H]3O[C@H](CO)[C@H](O)[C@H](O)[C@H]3N)[C@@H](N)C[C@H]2O)OC[C@@]1(C)O,483.5150000000002,1.813073803448112,0.169070252171311,5.195695550943748
CNP0172774.16,C[C@H]1CC[C@@]2(OC1)O[C@H]1C[C@H]3[C@H]4C[C@@H](O)[C@H]5C[C@@H](O)CC[C@]5(C)[C@@H]4CC[C@]3(C)[C@H]1[C@@H]2C,432.64500000000027,3.2102882430415423,0.5791352566080611,5.4151538159648345
CNP0479729.1,CC1=CC(C(=O)N2CCOC[C@H](OC3=CC=C(S(C)(=O)=O)C=C3)C2)=NO1,380.42200000000014,-1.9240431212950344,0.7883344983037194,2.847019388623273
CNP0244023.2,CCC(=O)[C@@H]1C[C@@H](C)[C@@]2(CC[C@]3(C)C4=C(CC[C@]32C)[C@]2(C)CC[C@H](O[C@@H]3O[C@H](CO[C@@H]5OC[C@H](O)[C@H](O)[C@@H]5O[C@@H]5O[C@@H](CO)[C@H](O)[C@H](O[C@H]6OC[C@@H](O)[C@H](O)[C@H]6O[C@@H]6OC[C@H](O)[C@@H](O)[C@@H]6O)[C@H]5O[C@H]5O[C@@H](C)[C@@H](O)[C@H](O)[C@@H]5O)[C@@H](O)[C@H](O)[C@@H]3O)[C@](C)(CO)[C@H]2CC4)O1,1325.4520000000011,1.9100546909551244,0.0610333691950165,6.52606631946883
CNP0488352.1,CCOCCCN1C(=O)[C@@H]2[C@H](C(=O)NC3=CC=C(C(C)C)C=C3)[C@@H]3C=C[C@@]2(O3)[C@H]1C(=O)NC1CCCCC1,523.6740000000003,-0.7495204117451477,0.3594990512244668,5.019997121795375
CNP0273650.9,C/C=C(\C)C(=O)O[C@@H]1C=C(C)C[C@H](OC(=O)C2=CC=C(O)C=C2)[C@@H]2[C@@]1(C)CC[C@@]2(O)C(C)C,456.5790000000002,2.3712259134849147,0.3699853847189853,4.487667409369251
CNP0299162.1,C=C1C(=O)O[C@@H]2/C=C(\C)C/C=C/[C@@](C)(O)CC/C=C(\C)CC[C@@H]12,316.4410000000001,3.595190924147313,0.412747596127991,4.783875359358284
CNP0131503.0,COC1=CC2=C(C=C(C3=CC=C(O)C=C3O)O2)C(OC)=C1CC=C(C)C,354.40200000000016,1.7178840992012805,0.6283331300299653,2.7237852586944307
CNP0351419.0,C=C(CC=C(C)CCC=C(C)C)CCC(C)(C)C=CCCC(C)=CCOC(COP(=O)(O)OC1OC(C(N)=O)C(C)(O)C(OC(N)=O)C1OC1OC(COC2OC(CO)C(O)C(O)C2O)C(OC2OC(C)C(OC3OC(C(N)=O)C(O)C(O)C3O)C(O)C2NC(C)=O)C(O)C1NC(C)=O)C(=O)O,1486.5130000000008,1.3913598750197826,0.0222666525902557,7.965517937385258
CNP0310101.1,C=C(C)[C@@H](CC/C(C)=C/COC1=C2C=COC2=CC2=C1C=CC(=O)O2)OC(C)(C)[C@H](O)CC/C(C)=C/COC1=C2C=COC2=CC2=C1C=CC(=O)O2,708.8040000000002,1.214490155924748,0.0765280175854748,4.6450240792742825
CNP0434465.1,C[C@]1(CO)[C@@H]2CC[C@]34C=C[C@](CO)(CC[C@@H]3[C@@]23CCC1(O)OC3)C4,334.45600000000013,3.113223820601959,0.6774612225800241,7.126263171820666
CNP0489740.0,O=[N+]([O-])C1=CC=CS1,129.14,-2.4200217189521256,0.4271285454240471,2.8352097289163183
CNP0216274.1,C/C(=C/C[C@H]1[C@]2(C)CCCC(C)(C)[C@H]2CC[C@@]1(C)O)CC(=O)O,322.48900000000003,2.9020315136559214,0.7315411704760924,4.193060157287766
CNP0361531.3,CCC1=CC2=C(C=C1O[C@@H](C)C(=O)N[C@H](CC(C)C)C(=O)NCC(N)=O)OC=C(C1=NC(C)=CS1)C2=O,528.6310000000003,-0.7726794164281487,0.3456969228037331,3.563781895937554
CNP0339541.1,CC(C)C/C=C/[C@@H](C)[C@H]1C=C[C@H]2[C@@H]3CC[C@H]4[C@@H](CO)CC[C@]4(C)[C@H]3CC[C@]12C,384.64800000000025,2.540909058149482,0.5122708651639777,4.986274408567988
CNP0172747.1,O=C1[C@@H]2CC3=C(CN2C(=O)CN1C1CCCCC1)NC1=CC=CC=C31,337.423,-0.34208263757126,0.8695006372312246,3.02177158844479
CNP0445700.1,CC[C@H](C)CCCCCOS(=O)(=O)O,224.322,1.3689139964935784,0.5077211196539597,2.7223861514139926
CNP0076790.1,CCOC1=C(O)C(=O)O[C@@H]1[C@@H](O)CO,204.178,1.478321538421386,0.5118993330974556,3.6883266473206096
CNP0411322.1,CC(C)(C)C1=CC=NC(N[C@H]2CO[C@H]3[C@@H]2OC[C@@H]3NC(=O)C2CCCCC2)=N1,388.5120000000002,-1.0672767493935469,0.8239562462833233,3.869118704512536
CNP0298968.0,COC1=CC(OC)=C2C(C)=C(CC(=O)NCC3=CC=C4OCOC4=C3)C(=O)OC2=C1,411.4100000000002,-0.4237775857361099,0.6231883510786487,2.3851723132811777
CNP0204648.0,O=C1C2=CN=CC=C2C=C2C3=C(CCN21)C1=CC=CC=C1N3,287.32199999999995,-0.0721633179333863,0.5400571681918563,2.548970694464863
CNP0597284.3,CC1=CC=CC(NC(=O)[C@H]2[C@H]3C=C[C@@]4(O3)[C@H]2C(=O)N(CCN(C)CC2=CC=CC=C2)[C@@H]4C(=O)N[C@@H]2CCC[C@@H](C)[C@H]2C)=C1,584.7610000000003,-0.8677629408029606,0.432391676318587,5.420219330110502
CNP0103126.2,C=C(C)[C@@H](/C=C/[C@@H](C)[C@H]1CC[C@H]2[C@@H]3CC=C4C[C@@H](O[C@@H]5O[C@H](CO)[C@@H](O)[C@H](O)[C@H]5O)CC[C@]4(C)[C@H]3CC[C@]12C)CC,572.827,2.935006318409235,0.2850044946567085,5.252769394014187
CNP0571264.1,CC(C)CCCCCCCCCCCCCCCCCCC(=O)OC[C@H](O)COC(=O)CCCCCCCCCCCCCCCCC(C)C,709.1939999999996,0.2888719308688806,0.0506574675216075,2.9070473963351557
CNP0542755.1,CC(C)CC1/N=C(\O)C(CCC(N)=O)N(C)C(=O)[C@@H]([C@H](C)O)N(C(=O)C(CS(=O)(=O)O)NC(=O)C(CCCNC(=N)N)NC(=O)C(CC2=CNC3=CC=CC=C23)NC(=O)C(NC(=O)C(NC(=O)C2CCCN2C(=O)C(CC2=CC=CC=C2)NC(=O)C(C)NC=O)C(C)(C)C)C(C)(C)C)C(=O)CN(C)C(=O)[C@H]([C@@H](C)O)/N=C(\O)C(CC(N)=O)/N=C/1O,1705.959999999999,0.1437378435260973,0.0092826303226196,7.12553425848788
CNP0395580.0,COCC1=CC(=O)C(O)=C(C(CC(=O)OC)C2=CN(C)N=C2)O1,322.317,-0.3994566126452999,0.7885651021893247,3.4466362504865997
CNP0164898.1,COC1=CC=CC=C1C1C2=C(C[C@H]3C(=O)N(CC4=CC=CO4)CC(=O)N13)C1=CC=CC=C1N2,441.48700000000014,-0.6421956589517457,0.5243829361016644,3.270997398086882
CNP0265526.5,O=C1CCC[C@@H]2[C@@H]3C[C@@H](CN12)[C@@H]1C[C@@H](O)CCN1C3,264.36899999999997,1.3569802364618468,0.7050144498049223,4.652864859681541
CNP0174156.5,C[C@@]1(O)C(=O)N2C3=C(NC[C@@]2(O)[C@H](C(=O)O[C@H]2[C@H](O)[C@@H](O)[C@H](O)[C@H](O)[C@@H]2O)[C@@]12C(=O)NC1=CC(Br)=CC=C12)NC(=O)NC3=O,684.4090000000001,1.1465221091678413,0.1325986737217801,5.797100029669121
CNP0253970.1,C=C[C@@]1(C)C=C2CC[C@@H]3[C@](C)(CCC[C@@]3(C)C=O)[C@H]2CC1,286.459,3.530202751405576,0.4957071388061069,4.6357312933771615
CNP0009438.1,COC1=CC2=C(C=C1)N(C(=O)C1=CC=C(Cl)C=C1)C(C)=C2CC(=O)N[C@]12C[C@H]3C[C@H](C[C@H](C3)C1)C2,491.03100000000046,-0.9419085032344572,0.4820073196904592,3.6704582226392
CNP0113366.5,CC(=O)[C@@]1(O)CC[C@H]2[C@H]3C=C(Cl)C4=CC(=O)[C@@H]5C[C@@H]5[C@]4(C)[C@@H]3CC[C@@]21C,374.9080000000002,1.8841787369948155,0.7532215562878001,4.790917167755597
CNP0324993.4,COC(=O)[C@]1(C)CCC[C@@H]2[C@H]1C[C@@H]1OC(=O)[C@]23C[C@@H](C2=COC=C2)OC(=O)[C@H]13,388.4160000000001,2.86331163805196,0.5680974861734844,5.530099643702491
CNP0318381.1,C=C1C[C@]23C[C@H]1[C@@H](OC(C)=O)C[C@H]2[C@]1(C)CCC[C@@](C)(C(=O)O)[C@H]1C[C@H]3O,376.49300000000005,3.4406707029436783,0.5686805124003627,5.891729334237791
CNP0308955.1,CC(=O)O[C@H]1[C@H](O[C@H]2C[C@H]3[C@@H]4CC=C5C[C@@H](O)CC[C@]5(C)[C@H]4CC[C@]3(C)[C@@]2(O)[C@H](C)C(=O)CCC(C)C)OC[C@H](O)[C@@H]1O[C@@H]1OC[C@@H](O)[C@H](O)[C@H]1O,738.9120000000006,2.175130660921264,0.1408501162573832,5.7481262350998845
CNP0300261.1,CO[C@@H]1O[C@H](C)[C@@H](OCC2=CC=CC=C2)[C@H](OCC2=CC=CC=C2)[C@H]1O[C@@H]1O[C@H](C)[C@@H](OC(C)=O)[C@H](OC(C)=O)[C@H]1OC(C)=O,630.6870000000001,0.87336309778576,0.2510954389145245,4.476830042222593
CNP0146912.1,CC1=CC=C2OCC(=O)N(CC(=O)N[C@H](CO)CC3=CC=CC=C3)C2=C1,354.40600000000006,-1.1423271631286729,0.8227927042161988,2.585972893023353
CNP0574382.1,CCCCCCCCCCCCCCCC(=O)O[C@@H](COC(=O)CCCCCCCCCCCC)COC(=O)CCCCCCCCCCCCCCC(C)C,793.3119999999996,0.3099870699097326,0.0347065357344585,3.11673852358752
CNP0401146.0,COC1=CC(C2=C3OC4=C(O)C(O)=CC=C4C3=NC3=C2C(=O)NN3C(C)C)=CC=C1OCC(=O)O,479.4450000000003,0.0933490027436914,0.2658826566080098,3.1675984402675192
CNP0395276.0,COC1=CC=C(N2C(C)=NC3=CC(C(=O)NCCC(C)C)=CC=C3C2=O)C=C1,379.4600000000001,-1.266600950329575,0.7116245946359633,2.056094526911183
CNP0104254.1,C=C1C(=O)O[C@H]2C[C@@]3(C)[C@@H](OC(=O)[C@@]4(C)O[C@H]4C)CC[C@@]4(CO4)[C@@H]3[C@@H](OC(C)=O)[C@H]12,420.45800000000025,3.27596819726158,0.294086466459372,5.530395180580626
CNP0298407.0,CC1=CC=C(C(C)C)C(O)=C1O,166.22,0.73597278585765,0.6292115483420839,2.1298705936659026
CNP0369652.1,CC1=CC=CC(C2=NOC([C@@H]3C[C@@H](O)CN3CC3=CNC4=CC=CC=C34)=N2)=C1,374.444,-1.2486868316102868,0.5675110225075255,3.1382112707097747
CNP0192639.1,COC1=CC([C@@H](O)[C@H](CO)OC2=C(OC)C=C([C@@H](O)[C@H](CO)OC3=C(OC)C=C([C@@H]4OC5=C(OC)C=C(/C=C/C=O)C=C5[C@H]4CO)C=C3OC)C=C2OC)=CC=C1O,808.8300000000003,1.2692448730048531,0.0552101465609499,4.998316044697718
CNP0396669.2,O=C(/C=C/C1=CC=C(O)C(C2=CC3=CC=C(O)C=C3O[C@H]2C2=CC=C(O)C=C2)=C1)C1=CC=C(O)C=C1O,494.4990000000002,0.8997390729893758,0.1756290416405177,3.39829474081378
CNP0253084.4,C=CC[C@H]1N2CC3C[C@@H](C2)CN2C(=O)CC=C[C@@]312,244.33799999999994,1.3021287113493498,0.6859775302178343,6.462809802003084
CNP0347082.1,N[C@@H](CO)C(=O)N[C@@H](CC1=CC=CC=C1)C(=O)O,252.27,0.3025532649467555,0.5248253935883873,2.4261374772678064
CNP0553003.0,COC1=CC=C(CN2C=CN(CC(=O)NCCC3=CC=CC=C3)C(=O)C2=O)C=C1,393.4430000000001,-1.1206082263835928,0.5871543057576966,2.0883197871375376
CNP0078106.1,COC(=O)[C@]1(C)CC[C@]2(C)CC[C@]3(C)[C@H]4CC[C@@]56CO[C@@](O)(CC[C@H]5[C@]4(C)CC[C@@]3(C)[C@@H]2C1)[C@@H]6C,486.73700000000036,2.887539768793551,0.4170596582335878,6.390246557848007
CNP0174980.1,O=C1C[C@@H](C2=CC=C(O)C=C2)[C@]2(O1)C(=O)O[C@H]([C@@H](O)CO)[C@H]2O,324.285,2.4024735081118704,0.509605196508139,4.7777665532156
CNP0509276.1,CC/C=C\C/C=C\C/C=C\C/C=C\C/C=C\CCCC(=O)O[C@H](COC(=O)CCCCCCC/C=C\C/C=C\C/C=C\CC)COC(=O)CCCCCCCCC/C=C\CCCCCC,901.4109999999994,0.5587573095120234,0.0262065516724641,4.173970242018696
CNP0427962.1,CCC[C@@H]1C[C@H](O)[C@H](O)[C@](O)(C(Br)Br)O1,348.031,2.1375671495270803,0.6685879684508602,4.512109337825386
CNP0484393.0,CC1=CC=CC2=C1N=C(C1=CC(N=CC3=CC=CC=C3)=CC=C1O)O2,328.3710000000001,-1.027082824439568,0.5218739870672734,2.399005925323113
CNP0414797.0,CC1=CC(=O)C(O)=C(C2(CC(=O)NCC3=CC=CC=N3)CCOCC2)O1,358.3940000000002,-0.674951714144954,0.8450821060961755,2.9370585954927666
CNP0477487.2,C[C@@H](C1=CC=CC=C1)N1C(=O)[C@@H]2CN(C(=O)[C@@H]3CSCN3)CCN2C1=O,374.4660000000001,-0.8284918635895729,0.79566711701264,3.724246857913605
CNP0010505.1,CCN(CC)CC[C@H]1CNCC[C@H]1CC(=O)OC,256.38999999999993,-0.1679562558156666,0.7010980524080717,3.3278094709883703
CNP0220505.2,CO[C@@H]1C[C@H](O[C@H]2[C@@H](O)C[C@H](O[C@@H]3[C@@H](C)O[C@@H](O[C@@H]4CC5=CC[C@H]6C(=O)[C@@H](C7=C(C)OC=C7)CC[C@@H]6[C@@]5(C)C[C@H]4O)C[C@H]3OC)O[C@@H]2C)O[C@@H](C)[C@@H]1O,748.9070000000004,1.911559715130428,0.310159047972253,6.040958308347883
CNP0014329.1,COC1=CC=C(CN2C(=O)[C@@H]3C[C@@H](CN3C3COC3)OC3=CC=CC=C32)C=C1,380.44400000000013,-0.1295235544297642,0.8156788817799754,3.943420250040189
CNP0561085.0,COC1=CC=CC(C=NC2=CC(C(=O)O)=CC=C2C)=C1O,285.299,-0.6572285160510666,0.8456272241585029,2.230409137673549
CNP0482763.2,CCCCC/C=C\C/C=C\C/C=C\CCCCC(=O)OC[C@@H](COC(=O)CCCCCCCCCCCCCCCCCCCCC)OC(=O)CCCCCCC/C=C\C/C=C\CCCCC,937.528999999999,0.4486029601500228,0.0261634322292994,3.7922481026990216
CNP0184970.1,COC1[C@@H](OC2OC(C)C(OC3CC(C)(O)C(O)C(C)O3)C(N(C)C)C2O)[C@@H](CC=O)C[C@@H](C)[C@H](OC2CCC(N(C)C)C(C)O2)/C=C/C=C/C[C@@H](C)OC(=O)C[C@H]1OC(C)=O,885.1019999999999,1.9157038105107769,0.1906976171867023,6.769483231246683
CNP0282126.0,COC(C)(C)CCCC(C)=CC=CC(C)=CC=CC(C)=CC=CC=C(C)CCC=C(C)CCC=C(C)CCCC(C)(C)O,590.9770000000003,1.4389934002020746,0.1063836106645441,3.867276970257015
CNP0342772.1,CC(=O)O[C@@H]1[C@H](OC(C)=O)[C@@]2(OC(C)=O)[C@H](COC(=O)C3=CC=CC=C3)[C@@H](OC(C)=O)[C@@H]3[C@@H](OC(C)=O)[C@@]24O[C@@]3(C)COC(=O)C2=CC=CN=C2[C@@H](C)[C@@H](C)C(=O)O[C@@H]1[C@]4(C)O,867.8539999999999,1.4444011974569824,0.2951085667224396,7.678384088848841
CNP0569236.0,CC1(C)OC2=CC=C3C=CC(=O)OC3=C2CC1=NNC(N)=S,317.37,0.2977488879221272,0.4725365843954419,3.1601057027100854
CNP0471321.1,COCC1=CC(C[C@H]2CNCC[C@H]2CC(=O)N2CCN(C3=CC=CC=C3OC)CC2)=NO1,442.56000000000023,-1.2538908637099004,0.6721300972040727,3.3740780206430125
CNP0333307.2,OC1=CC2=CC(=C1O)OC1=CC=C(C=C1)CCC1=CC=CC(O)=C1OC1=CC=CC(=C1)C[C@H]2O,456.49400000000014,2.295720049560085,0.2510784049114529,5.336747000812086
CNP0515027.2,CCOC(=O)[C@H](NC(C)C)C1=CC=C(Br)C=C1,300.19599999999997,-0.7638537625557116,0.8494282707120355,2.5062388835291447
CNP0258495.1,C=C(C(=O)C[C@@H](C)[C@H]1CC[C@@H]2[C@]1(C)C[C@H](O)[C@@H]1[C@@]3(C)CC[C@H](O)[C@@H](C)[C@@H]3CC[C@@]21O)C(C)C,460.6990000000003,2.973612749360721,0.4962072078719407,5.165939204261265
CNP0103590.0,CC1=CC=CC(C2=CC(=O)C3=CC(Cl)=C(C)C=C3O2)=C1,284.742,-0.46502512197402,0.6464806903944911,2.042289421765064
CNP0536828.2,CCC(C)CCCCCCCCCCCCCCCCC(=O)OC[C@@H](COC(=O)CCCCCCCCCCC(C)CC)OC(=O)CCCCCCCCCC(C)C,821.3659999999995,0.3802996702440521,0.0345809556756488,3.7453786816676473
CNP0604976.1,COC1=CC=C([C@H]2C[C@H](NC(=O)NC3=C(C)C=CC=C3C)C[C@@H]2C(=O)N2CCN(C)CC2)C=C1,464.61000000000035,-1.0785665918606122,0.7065727001274156,3.2763141573386587
CNP0217621.0,CCCCC=CCCCC(=O)CCCCCCCC(=O)OC,310.47799999999995,0.9653687440676044,0.2317053281656856,2.2701620668641773
CNP0243159.5,OC1=CC=C([C@H]2C3=C(O)C=C(O)C=C3[C@H]3C4=C(C=C(O)C5=C4[C@H]2[C@@H](C2=CC=C(O)C=C2)[C@@H]5C2=CC(O)=CC(O)=C2)O[C@@H]3C2=CC=C(O)C=C2)C=C1,680.7090000000003,1.05761301662831,0.0926934426778409,4.668060111890455
CNP0534672.2,CCCCCCCCCCCCCCC(=O)OC[C@H](COC(=O)CCCCCCCCCC(C)C)OC(=O)CCCCCCCCC(C)C,695.1229999999999,0.3542709370396944,0.0365752664280365,3.021239460477908
CNP0203088.2,CC(=O)O[C@H]1C[C@H]2OC[C@@]2(OC(C)=O)C2[C@H](OC(=O)C3=CC=CC=C3)[C@]3(C(C)(C)O)C[C@H](O)C(C)=C3[C@@]3(O)C(=O)OC[C@]213,600.6170000000002,2.868231849802969,0.2487221955953351,5.728065651809466
CNP0205726.0,COC1=C(C2=CC(CC=C(C)C)=C(O)C(CC=C(C)C)=C2)OC2=CC(O)=CC(O)=C2C1=O,436.50400000000013,1.6969867417867437,0.4348499766141996,3.0631055089741857
CNP0434318.1,CC(=O)O[C@@H]1C[C@@H](C)[C@@]2(C)OC([C@@H]3[C@@H](C(C)(C)OC(C)=O)[C@H](OC(C)=O)C=C(C)[C@@H]32)[C@@H](C)[C@H](OC(C)=O)C1,536.6620000000003,2.0560325527528214,0.2902252687147444,6.383740493021719
CNP0075863.1,CC1=C(C(=O)N[C@@H](CC2=CC=CC=C2)C(=O)O)C(C(=O)N[C@H](CC2=CC=CC=C2)C(=O)O)=C(C)O1,478.5010000000002,-0.2198714060809142,0.3504100385793221,3.0128392893876867
CNP0212554.1,COC1=CC([C@H]2[C@@H](C(=O)N3CCC=CC3=O)[C@H](C3=CC(OC)=C4OCOC4=C3)[C@@H]2C(=O)N2CCC=CC2=O)=CC(OC)=C1OC,618.6390000000002,0.6788700533040776,0.4068507144265217,4.288333751673326
CNP0106074.1,C=CC(C)(C)OC(C)[C@@H]1NC(=O)[C@H](C(C)CC)NC(=O)[C@@H]2CSC(=N2)[C@H](C)NC(=O)[C@H](C(C)O)NC(=O)[C@H](CC2=CC=CC=C2)NC1=O,686.8760000000001,1.5537713096829104,0.2077256153783382,6.348411626138315
CNP0163430.5,CO[C@H]1O[C@@H](CO)[C@H](O)[C@@H](O)[C@@H]1O,194.18300000000002,2.5744272516352456,0.3855013631600322,3.505332884024188
CNP0214722.1,CCN[C@@H](COC1=CC(CCC2=CC(CO)=C(CCCCCCCN)O2)=CC=C1O)C1=CC2=C(CC[C@H]3CCC[C@@H]3[C@@H]2CNC[C@H](C)O)N1,678.9590000000002,0.8959804805687253,0.0660275154328644,4.8913376813914935
CNP0278287.10,CO[C@H](/C=C\CC/C=C/C(=O)O)[C@@H](O)[C@H](C)[C@H](O)/C(C)=C/[C@@H](C)C(=O)CCCC1CC(=O)NC(=O)C1,507.6240000000004,1.4417864758265726,0.107768257039172,4.7952716877106
CNP0424908.1,CC1(C)C[C@H](C(=O)O[C@H]2O[C@@H](CO)[C@@H](O)[C@@H](O)[C@H]2O)[C@@H]2CC[C@@]3(C)C(=CC[C@@H]4[C@@]5(C)CC[C@@H](O[C@@H]6O[C@@H](C(=O)O)[C@H]7O[C@@](O)(C(=O)O)[C@@H](OCC(=O)O)O[C@H]7[C@H]6O)C(C)(C)[C@H]5CC[C@]43C)[C@@H]2C1,955.0570000000004,2.337984322014825,0.0851762117629479,6.580424002151403
CNP0150055.1,CN1C(O)=N[C@@]2(O)[C@@H]3NC(=O)C4=CC=C(Br)N4[C@@H]3C[C@@]12O,357.16400000000004,1.344540085076971,0.5025802910406846,5.300273343035078
CNP0242573.0,CC1CC2=C(C(=O)C3=C(O)C=C(O)C4=C3C23OC2C(C)OC(C)C5C(=O)C6=C(O)C=C(O)C=C6C4(O)C25O3)C(C)O1,564.5430000000002,1.5888253841154187,0.318045352581289,7.100648370525159
CNP0319733.1,COCC(=O)N[C@H]1[C@H](C2=CC=CS2)N(CC2=CC(C3=CC=CC=C3)=NO2)CC[C@@]1(C)O,441.5530000000002,-1.1558806362703484,0.5853658478315847,3.782701893842152
CNP0282117.5,CC(C)CCC[C@@H](C)[C@H]1CC[C@H]2[C@@H]3CC=C4C[C@@H](O)CC[C@]4(C=O)[C@@H]3CC[C@]12C,400.6470000000002,2.600850318476404,0.4043541254179403,4.523051985873112
CNP0276694.2,C=C1C(=O)O[C@H]2[C@H]1[C@H](OC(=O)/C(=C\CO)CO)CC(=C)[C@@H]1CC(=O)[C@@H](C)[C@H]21,376.40500000000014,3.439304136776608,0.4222850546257949,5.010806915029522
CNP0213216.15,CC1(C)CC[C@]2(C(=O)O)CC[C@]3(C)C(=CC[C@H]4[C@@]5(C)CC[C@H](O)C(C)(C)[C@H]5CC[C@]43C)[C@H]2C1,456.7110000000003,3.2717819823454004,0.4090545989913931,4.589099386039259
CNP0252173.1,COC1=C(C2=CC=C(O[C@@]3(O)C(=O)C4=C(O)C=C(O)C=C4O[C@]3(O)C3=CC=C(O)C(O)=C3)C(O)=C2CC=C(C)C)OC2=CC(O)=CC(O)=C2C1=O,702.6210000000002,1.7322371688932356,0.0657008272635991,4.6152437894142615
CNP0529136.2,CCCCCCCCCCCCCC(=O)OC[C@@H](COC(=O)CCCCCCCCCCCCCCCCC(C)CC)OC(=O)CCCCCCC,737.204,0.4198826344905967,0.0353154630451596,3.367615122315181
CNP0505335.2,CCCCCCCCCCCCCCCC(=O)OC[C@@H](COC(=O)CCCCCCCCCCCC(C)C)OC(=O)CCCCCCCCCCC(C)CC,779.2849999999997,0.4271462536230915,0.0348369965535486,3.506995795091976
CNP0386491.2,C[C@]12CCC(=O)C=C1CCC1C2C(O)C[C@@]2(C)C1CC[C@]2(O)C(=O)COC(=O)C1=CC=CC=C1,466.5740000000003,1.550183234459673,0.6572693315547046,4.160507309229676
CNP0560365.1,CCCCCCCCCCCCCCCCCCCCCC(=O)OC[C@@H](COC(=O)CCCCCCCCCCCCCCCCC)OC(=O)CCCCCCCCCCCCCCCCCC,961.6359999999986,0.1947968172736254,0.034326693225097,3.223954709620937
CNP0104835.1,C=C1C(=O)O[C@@H]2[C@@H]3[C@H](C=C[C@]3(C)O)[C@](C)(O)[C@H](O)C[C@@H]12,280.32,3.746162449002361,0.3339901233672183,5.071491191023243
CNP0409288.1,C=C1[C@@H](OC(=O)/C=C/C2=CC=CC=C2)C[C@H](OC(C)=O)[C@@]2(C)[C@@H](OC(C)=O)[C@H](O)C3=C(C)C(=O)C[C@@H]([C@@H](OC(C)=O)[C@H]12)C3(C)C,622.7110000000002,2.5538064522439017,0.2112374700064278,5.630129240337714
CNP0172689.1,O=C1C(O[C@@H]2O[C@H](CO)[C@@H](O)[C@H](O)[C@H]2O)=C(C2=CC=C(O)C(O)=C2)OC2=CC(O[C@@H]3O[C@H](CO)[C@@H](O)[C@H](O)[C@H]3O)=C(O)C(O)=C12,642.5190000000005,1.7114864105709402,0.1119505540448455,4.868676286142607
CNP0097395.0,COC1=CC=C(C(=O)C(=NNC2=CC(Cl)=CC=C2Cl)S(=O)(=O)C2=CC=CC=C2)C=C1,463.34200000000016,-1.2144648699334937,0.2384860330276233,2.3860663404305
CNP0277722.1,C=C[C@H]1CCC2C3CC=C4C[C@@H](O[C@@H]5O[C@@H](C)[C@@H](OC(C)=O)[C@@H](O)[C@@H]5O)CC[C@]4(C)C3CC[C@@]21C,488.66500000000036,3.0818150923012637,0.4466109289097957,4.880403430852561
CNP0308389.1,COC1=C(O)C=C2CCN(C)[C@@]3(C)CC4=C(C(O)=C(O)C=C4)C1=C23,327.38,1.5578258700984629,0.7025190714212018,3.6541204902939928
CNP0134577.1,C[C@@H]1O[C@@H](O[C@H]2C[C@](O)(C(=O)CO)CC3=C(O)C4=C(C(=O)C5=CC=CC=C5C4=O)C(O)=C32)C[C@H](N)[C@@H]1O,513.4990000000003,1.7389063116125596,0.2567033895859338,4.403451808858783
CNP0492400.1,CNCN[C@](O)(C(=O)O)[C@@H]1CC#C[C@H]2C[C@H]3CC[C@H]4CCCCC5(CCCC5)[C@@H](SC[C@@H](C(=O)N[C@@H](O)C(=O)O)NC(=O)C1)C1=C5[C@@H]4[C@]3(C2)C(CC2=CC=NC=C2)=C2[C@@H]3NCCC[C@@H]3CC3=CC=CC=C3CC#C[C@@]25C(=O)O1,1083.3619999999996,1.3492030407403062,0.0647805464340931,8.49002665675119
CNP0359399.1,CC1=CC[C@H](C(C)C)[C@@H](O)C1,154.253,2.674170331953236,0.5747594402184322,3.695131092169017
CNP0326970.1,CC(=O)O[C@@H]1C[C@H]([C@@H]2CC[C@]34C[C@]23CC[C@@H]2[C@@]3(C)CC[C@@H](OC(=O)C5=CC=CC=C5)C(C)(C)[C@@H]3C[C@@H](OC(C)=O)[C@]24C)CO[C@H]1C(C)(C)O,678.9070000000002,2.4660306394069327,0.2468041679253843,5.43615568176305
CNP0537726.0,CC(CCC1=C(C2=CC=CC=C2)C2=CC=CC=C2O1)=NNC1=CC=C([N+](=O)[O-])C=C1[N+](=O)[O-],444.4470000000002,-0.806267845012715,0.192129614339936,2.612028770439036
CNP0293981.2,C=C(C)[C@H]1CC[C@]2(C)C=CC(=O)C(C)=C2C1,216.32399999999996,2.9491818310150757,0.608829527220919,4.15138112499595
CNP0111253.1,CCNC[C@@](O)(CCCCC[C@@H]1CC[C@H]2C[C@@H]1CC[C@]21CC[C@@H](O)[C@H](C)N1)CC(=O)O,438.6530000000002,2.3961502709416878,0.3167885356124616,6.065883878430133
CNP0206797.1,C/C=C(\C)C(=O)O[C@@H]1[C@@H](C)[C@]2(O)[C@@H]3C=C(C)C(=O)[C@@H]3CC(CO)=C[C@H]2[C@@H]2C(C)(C)[C@]12OC(=O)C(C)CC,514.6590000000003,3.193618084602046,0.3139326698732473,5.368691450114202
CNP0156043.3,COC(=O)C1=CO[C@@H](O[C@@H]2O[C@H](CO)[C@@H](O)[C@H](O)[C@H]2O)[C@@H]2[C@@H](COC(=O)[C@H]3[C@H](C4=CC=C(O)C=C4)[C@H](C(=O)OC[C@@H]4[C@H]5[C@H](O[C@@H]6O[C@H](CO)[C@@H](O)[C@H](O)[C@H]6O)OC=C(C(=O)OC)[C@@H]5C[C@@H]4O)[C@@H]3C3=CC=C(O)C=C3)[C@@H](O)C[C@@H]12,1105.0580000000007,1.0653964587242,0.0588033329700259,6.594426683255299
CNP0572920.0,COC1=CC=C(COC2=NN(C3=CC=C(C(=O)NCC4=CC=CC=C4OC)C=C3)C(=O)C=C2)C=C1,471.5130000000002,-1.4458479622602254,0.399751694870357,2.174033179316366
CNP0454584.2,O=C(NC1=CC=CC=C1)N[C@H](OC(=O)NC1=CC=C(Cl)C(Cl)=C1)C(Cl)(Cl)Cl,471.55500000000006,-1.315879365026667,0.3745981661138164,2.8486273695557163
CNP0378470.1,COC1=CC=C(C[C@@H]2C3=CC(OC)=C(OC)C=C3CCN2C(=O)C2=CC=CO2)C=C1OC,437.49200000000025,-0.2205404987959063,0.549066473316287,2.775285607905321
CNP0273835.1,CCCCCC(=O)OC[C@]12CCC(=C(C)C)[C@@H]1[C@H](OC(=O)C1=CC=CN=C1)C[C@]1(C)O[C@@H]1CC/C(C)=C/[C@@H]2OC(=O)C1=CC=CN=C1,644.8090000000003,1.5441589965183593,0.085883777151986,5.228202061267774
CNP0184310.1,C=C[C@@]1(C)C[C@H](O)[C@@H]2[C@@]3(C)[C@H](O)CCC(C)(C)[C@@H]3CC[C@@]2(C)O1,322.4890000000001,3.576839656801748,0.7240358371980551,4.8904981660597775
CNP0592818.0,CCC1=C2C=C3NC(=CC4=C(C)C=C(C=C5NC(=CC(=C1C)N2)C=C5C)N4)C(C)=C3CCC(=O)OC,482.6280000000003,0.0501468184723388,0.2967261196321957,5.857189565120431
CNP0597567.0,CNCC1=CCC(NC(=O)CNC=O)C(OC2C(N)CC(OC)C(NC)C2O)O1,415.49100000000016,1.41885960000568,0.2067032560665856,4.945327980433147
CNP0185007.14,CC(=O)[C@H]1CC[C@@H]2[C@@H]3CC=C4C[C@@H](O)CC[C@]4(C)[C@@H]3CC[C@]12C,316.48500000000007,2.5956481432372267,0.7224207015753511,4.079407639578063
CNP0595967.2,O=[N+]([O-])C1=CC=C(Cl)C(CN2C=CC3=CC=CC=C3[C@@H]2C(Br)(Br)Br)=C1,551.46,-0.9785750854573604,0.2450257127839598,3.487486079671253
CNP0207686.2,CC(=O)O[C@@H]([C@H]1C[C@@H](C)C2=C(O1)[C@H](O)[C@@]1(C)[C@@H]3CC[C@H]4C(C)(C)[C@@H](O[C@@H]5OC[C@@H](O)[C@H](O)[C@H]5O)CC[C@@]45C[C@@]35CC[C@]21C)C(C)(C)O,662.861,2.766932219825519,0.2179636065869011,6.486991729036494
CNP0196861.1,C[C@@]1(CO)CCC[C@@]2(C)C3=CC=C(O)C=C3C(CO)C12,276.37600000000003,2.4455792093786006,0.7776671713062465,4.187689647549002
CNP0504221.1,CCCCCCCC/C=C\CCCCCCCCCCCC(=O)O[C@H](COC(=O)CCCCCCCCC/C=C\CCCCCCCC)COP(=O)(O)OC[C@@H](O)CO,859.22,0.7354597066864833,0.0233662748160309,4.221914312773485
CNP0094328.0,COC1=CC(NC(=O)C2=CC(OC)=C(OC)C(OC)=C2)=C(OC)C=C1Cl,381.8120000000001,-0.9427945863176116,0.7888317495894469,1.9221341481852203
CNP0500229.1,CCCC/C=C\CCCCCCCC(=O)OC[C@@H](COC(=O)CCCCC/C=C\C/C=C\C/C=C\C/C=C\CCCCC)OC(=O)CCCCCCCCCCCCCCCCCCCCCCC,965.5829999999986,0.4691590362668337,0.0261511604145277,3.856379498874386
CNP0568126.1,CCCCCCCCCC(=O)OC[C@H](COC(=O)CCCCCCCCCCCCC(C)C)OC(=O)CCCCCCCCCCCCCCCCC(C)C,779.2849999999995,0.3156231984535459,0.0348369965535486,3.1252935131553743
CNP0148555.1,C=C1[C@H](C)CC[C@]2(C)CC[C@]3(C)[C@H](CC[C@@H]4[C@@]5(C)CC[C@H](OC(C)=O)C(C)(C)C5CC[C@]43C)[C@@H]12,468.76600000000036,2.9968560460891007,0.2843283868885112,4.863124141438085
CNP0073702.1,C/C1=C/[C@@H](C=O)[C@H](O)[C@H](C)[C@@H](O)[C@@H](C)[C@@H](O)[C@H](C)[C@@H](O)[C@@H](C)/C=C\C=C(\CO)C(=O)NC2=CC(=O)C3=C(C2=O)C(O)=C(C)C(O)=C3C1=O,669.7240000000002,1.845678686133404,0.2074340359258958,6.848710114618105
CNP0226348.1,CC[C@](C)(C#N)O[C@@H]1O[C@H](CO[C@@H]2O[C@H](CO)[C@@H](O)[C@H](O)[C@H]2O)[C@@H](O)[C@H](O)[C@H]1O,423.415,1.3851341028533168,0.2115876757284959,4.774778015449307
CNP0584311.1,CCCCCCCCCCCCC(=O)OC[C@H](COC(=O)CCCCCCCCC(C)CC)OC(=O)CCCCCCCCCCCCCCCCC(C)CC,793.3119999999993,0.3898910177412684,0.0347252506134367,3.680948933629299
CNP0189541.1,COC1=CC=C2C=C1OC1=CC=C(C=C1)CC1=NCCC3=C1C=C(OC)C(=C3)OC1=C(OC)C(OC)=CC3=C1[C@@H](C2)N(C)CC3,606.719,1.909293420661165,0.2483166767935584,5.731929229008428
CNP0425433.1,CO[C@@H]1[C@@H](O)[C@H](O[C@@H]2[C@@H](O)[C@H](O[C@H]3[C@@H](O)[C@@H](O)[C@H](O[C@H]4[C@H](O[C@H]5CC[C@]6(C)[C@H]7CC[C@]89C(=O)O[C@@](C)(CCC=C(C)C)[C@@]8(O)[C@@H](OC(C)=O)C[C@@]9(C)C7=CC[C@H]6C5(C)C)OC[C@@H](OS(=O)(=O)O)[C@@H]4O)O[C@@H]3C)OC[C@H]2O)O[C@H](CO)[C@H]1O,1195.3340000000003,2.5087747821924657,0.0540334054257104,7.6919355189271235
CNP0108800.2,O=C(OC[C@@H]1OC[C@@H](O)[C@H](OC(=O)C2=CC(O)=C(O)C(O)=C2)[C@@H]1O)C1=CC(O)=C(O)C(O)=C1,468.36700000000013,1.2534274841830213,0.203362370121189,3.983290437745831
CNP0361219.0,CC1=CC=C(S(=O)(=O)NCCCCCC(=O)OC2=CC(O)=C3C(=O)C=C(C4=CC=CC=C4)OC3=C2)C=C1,521.5910000000002,-0.0844004933128134,0.1725121831706161,2.494232549015301
CNP0178403.1,C[C@]1(CO)CCC[C@@]2(C)C1CC[C@@]1(C)C3=C(CCC21)C(=O)OC3O,334.456,3.3209914318720117,0.7229244943566746,4.593009111142626
CNP0215862.2,CCN1C[C@]2(C)CC[C@H](O)[C@@]34[C@@H]5C[C@H]6[C@H](O)[C@@H]5[C@@]5(C[C@@H]6OC)OCO[C@@]5([C@@H](OC)[C@H]23)[C@@H]14,435.56100000000026,3.5127460309267806,0.6848843594141071,7.797935860915477
CNP0481472.2,C[C@H]1[C@H](C)CCC[C@@H]1NC(=O)[C@@H]1N(C2CCCCCCC2)C(=O)[C@@H]2[C@H](C(=O)NC3=CC(Cl)=CC(Cl)=C3)[C@@H]3C=C[C@]21O3,602.6030000000003,-0.4814034089546268,0.3969605162313867,5.569850836005202
CNP0091062.1,O=C1C[C@H](C2=CC(O)=C(O)C=C2O[C@@H]2OC[C@H](O)[C@H](O)[C@H]2O)OC2=CC(O[C@@H]3O[C@H](CO)[C@@H](O)[C@H](O)[C@H]3O)=CC(O)=C12,598.5100000000003,2.088762502963721,0.1540864992101764,4.916199965013714
CNP0334924.2,CC1(C)C[C@@]2(CCO1)OC1=CC=C(Br)C=C1[C@@H]1CC(C3=CC=C4OCOC4=C3)=NN12,471.3510000000003,-0.5029118897054766,0.5858147537287632,4.1063062680174
CNP0344807.2,CC(=O)C(C(C)=O)=C1C=CC2=N[C@]34CCCC[C@H]3CC3=C(CCCC3)N4C2=C1,376.50000000000017,0.5851040073232393,0.741611624775779,4.804846968270784
CNP0085097.1,C[C@@]1(CO)CC[C@]2(C(=O)O)[C@H](O)C[C@]3(C)C(=CC[C@@H]4[C@@]5(C)CCC(=O)[C@@](C)(CO)[C@@H]5CC[C@]43C)[C@@H]2C1,502.69200000000046,3.534438316153562,0.4264995881657152,5.163318432450028
CNP0417328.3,COC1=NC(C/C=C(\C)C/C(C)=C/C(C)=C/[C@@H](C)[C@@H](O)/C(C)=C/C(C)C)=C(C)C(O)=C1OC,457.65500000000026,1.4924039293097515,0.2937016497976705,4.440593551933036
CNP0431097.1,CC1=C(CC/C(C)=C/CO)[C@@]2(C)CCCC(C)(C)[C@@H]2[C@H](O)C1,306.49,3.1894921883006457,0.7440863030944153,4.220186865387926
CNP0571770.0,O=[N+]([O-])C1=CC=C(C=CC2=CC=CC=C2C=NNC2=CC=CC=C2)C([N+](=O)[O-])=C1,388.3830000000001,-1.099713474020276,0.2613137208209923,2.408107553587953
CNP0461467.1,C[C@@]1(C2=CC=C(OC3=CC=CC=C3)C=C2)OC(=O)N(NC2=CC=CC=C2)C1=O,374.3960000000001,-0.3491997695968679,0.7010614830472137,2.799871299342705
CNP0379412.4,CC1(C)C=C2C3=CC4=C(C=C3C(O)C2C(C)(C)O1)C1=C(N4)[C@@]2(C)[C@@H](CC[C@@]3(O)C4=CC(=O)C5O[C@@]4(CC[C@@]32C)OC5(C)C)C1,599.7680000000001,3.0001335695039626,0.3458138632539746,6.78728153530723
CNP0151342.0,COC1=CC(C2CC(=O)OC3=CC=C4C(=O)CC(C)(C)OC4=C32)=CC2=C1OCCO2,410.42200000000025,0.8678462261871034,0.5521868400825378,3.462931673793298
CNP0535697.1,C[C@H]1[C@H](O)C[C@H](N2C=CN=C2)[C@H]2C[C@]3(O)[C@@H]4[C@@H](C=C[C@@H]3CN21)[C@H]1C[C@]23CCC[C@H]2C=C1C[C@H]4C1=CC=CC(=C1)C[C@@H]1C[C@](C)(C[C@H](N)N1)NC[C@](O)(CC(=O)O)C[C@@H]3O,811.081,1.8994310046237597,0.2117234015634169,8.113292587025501
CNP0245168.2,COC(=O)C[C@H]1[C@]2(C)C3=C(C)[C@H](C4=COC=C4)C[C@H]3O[C@@H]2[C@H](O)[C@H]2[C@]1(C)C(=O)C=C[C@@]2(C)O,456.5350000000002,3.112022193761636,0.5320519116330983,5.282121045398119
CNP0570671.0,CC[N+]([O-])(CC)CC(=O)NC1=C(C)C=CC=C1C,250.342,-0.8096269153963777,0.6447931513528197,2.736571195222684
CNP0137660.1,C=C1[C@@H]([C@H](C)CC/C=C(/C)C(=O)O)CC[C@@]2(C)C3=CC[C@H]4C(C)(C)C(=O)CC[C@]4(C)C3=C[C@@H]12,450.6630000000003,3.4110948107945678,0.3529282056130319,5.060857173404031
CNP0438898.0,CC1(C)OC2=CC=C(O)C=C2C2=C1CCC(C(=O)O)=C2,272.29999999999995,1.46886321689269,0.8239126370716172,3.087906005181648
CNP0222674.1,C/C=C(\C)C(=O)N[C@H](C)C(=O)O[C@H]1C/C=C\C=C\C=C\[C@H](OC)CC(=O)NC2=CC(O)=CC(=C2O)CC/C=C(\C)[C@H](O)[C@@H]1C,610.7480000000003,1.6410934187122166,0.1050255992793512,6.066045634338842
CNP0496013.0,OCCCCCCCCCO,160.257,0.5633470821817274,0.530515444766483,1.5635507308826604
CNP0236123.4,C=C1C(=O)O[C@@H]2C[C@H](C)[C@]3(O)C[C@H](O)[C@@](C)(C[C@@H](OC(=O)[C@@H](C)CC)[C@@H]12)O3,382.45300000000015,3.153346682360478,0.5656539112631843,6.141567321592901
CNP0380141.0,CCC1=C(O)C(=O)C2=C(O)C(O)=C(C3=C(O)C(O)=C4C(=O)C(O)=C(CC)C(=O)C4=C3O)C(O)=C2C1=O,498.39600000000036,0.7526845575063915,0.2254649823625603,3.3257462131803166
CNP0527457.0,CC(C)OC1=CC=CC(C2=NN3C=NC4=C(C3=N2)C2(CCCCC2)CC2=CC=CC=C24)=C1,424.5480000000003,-1.2176409477610033,0.4044748998848348,3.2205639949846887
CNP0318698.2,CC1=C(C)[C@H]2[C@H](CC3=CC=CC=C3)NC(=O)[C@]23OC(=O)C/C=C(/C)C(=O)[C@@H](C)CC=C[C@H]3[C@@H]1O,463.57400000000024,2.315955542528093,0.5177137688233662,5.58486373483794
CNP0087896.1,C=C(/C=C/C=C(/COCC)[C@@H]1CC[C@]2([C@@H]1O)[C@@H]1/C(=C(/C)C=O)[C@@H](C=C[C@H]1CCO)C[C@@]2(C)O)CCC=C(C)C,538.7690000000003,3.5277687998948,0.1221210059882505,6.773104763198304
CNP0256957.1,C/C=C(/C)C(=O)O[C@@H]1C2=CC3=C(OCO3)C(OC)=C2C2=C(C=C(OC)C(OC)=C2O)[C@@H](OC(=O)/C(C)=C\C)[C@@](C)(O)[C@H]1C,598.6450000000003,2.184161980181755,0.3163670389142791,4.622189973141531
CNP0015415.1,C[C@@H](NS(=O)(=O)C1=CC=CC=C1)C1=C(C(=O)O)C(C2=CC=CC=C2)=NO1,372.4020000000001,-1.1321367267813691,0.6880567685135462,2.667292518233386
CNP0175339.0,CCC=CCC=CCCCC=CC=CC=CCCCC(=O)O,302.458,1.5986567406779228,0.2575002214041621,3.0466508297142294
CNP0290353.2,CC[C@@H](C(=O)[C@@H](C)[C@@H](O)[C@H](C)[C@H]1O[C@@](O)(CC)[C@H](C)C[C@@H]1C)[C@H]1O[C@](C)([C@@]23O[C@@H](C)[C@@](CC)(C[C@H]2C)O3)C[C@@H]1C,566.8200000000003,1.66172334287637,0.3410839239070865,6.827034205828899
CNP0489694.1,C=C1NC(=O)CC[C@H](C(=O)O)NC(=O)[C@@H](C)[C@H](/C=C/C(C)=C/[C@H](C)[C@H](CC2=CC=CC=C2)OC)NC(=O)[C@H](CCCN=C(N)N)NC(=O)[C@@H](C)[C@H](C(=O)O)NC(=O)[C@H](CCC2=CC=CC=C2)NC(=O)[C@@H](C)NC1=O,1029.2059999999994,1.001616970620249,0.0365591945486589,6.4199292186516494
CNP0496148.2,CCCCCCCCCCCCCCCCCCCCC(=O)OC[C@H](COC(=O)CCCCCCCCCCCCCCCCC(C)C)OC(=O)CCCCCCCCCCCCCCCCC(C)C,989.6899999999987,0.2479896559277861,0.0343167426348596,3.456562014563371
CNP0565453.2,COC1=CC=C2C(=C1OC)C(=O)N1C3=CC=C(O[C@H](C)C(=O)NCC4=CC=C(S(N)(=O)=O)C=C4)C=C3C3=C1C2=NC=C3,586.6260000000001,-0.8858848245742524,0.2578424149938494,3.2332870318701064
CNP0349424.1,CCCC1=CC(=O)OC2=C3CCC(C)(C)OC3=CC(OCC(=O)NC[C@H]3CC[C@H](C(=O)O)CC3)=C12,485.57700000000034,0.1674829676863971,0.5376392827792245,2.9230836075303
CNP0392871.1,COC1=CC=C(C2=COC3=C4C(=CC(OC)=C3C2=O)OC(=O)C[C@@H]4C2=CC3=CC=CC=C3OC2)C=C1,482.4880000000002,0.9571900965540724,0.2865260184432864,3.458901156714022
CNP0336556.1,C=C1[C@@H]2C[C@@]3(OC(C)=O)[C@@]4(C)[C@@H](OC(C)=O)CC=C(C)[C@@H]4[C@@]3(O)[C@]3(O2)[C@@H](C)C(=O)O[C@H]3[C@H]1Cl,480.94100000000014,3.239241313698976,0.2771847486002352,6.857349431672875
CNP0107883.1,CC1=COC2=C1C(C)=CC1=C2C(C)=C(CC(=O)N[C@@H](CC2=CC=CC=C2)C(=O)O)C(=O)O1,433.46000000000015,-0.1075874903189968,0.4475277607733791,3.0166551331078635
CNP0432093.1,NCCC(=O)C1=CC=CC2=C1N[C@H](CNC(=O)C1=CC(Br)=C(Br)N1)[C@@H](C1=CN=C(N)N1)O2,567.242,0.5183928642602594,0.2392331637697352,4.307337325853931
CNP0553032.1,O=[N+]([O-])C1=CC=C(N[C@@H]2O[C@H](CO)[C@@H](O)[C@H]2O)C=C1,270.241,0.2966895780571052,0.4268154322132804,3.354989067871431
CNP0423680.1,CC[C@@H](C)[C@H](NC(=O)CNC(=O)CC1=C(C)C2=C(C=C(C)C3=C2OC=C3C)OC1=O)C(=O)O,456.49500000000023,-0.3022252605480454,0.4429844765862452,3.501824839746347
CNP0511919.0,CCOC(=O)C1=CC=C(NC(=O)N2CCC3(CC2)NC2=CC=CC=C2N2C=CC=C23)C=C1,430.50800000000004,-1.1730905049377005,0.595604857829911,2.954986401404625
CNP0235173.1,C[C@@H]1O[C@@H](O[C@H]2[C@H](OC(=O)[C@]34CCC(C)(C)C[C@H]3C3=CC[C@@H]5[C@@]6(C)C[C@H](O)[C@H](O[C@@H]7O[C@H](CO)[C@@H](O)[C@H](O)[C@H]7O[C@@H]7O[C@H](CO)[C@@H](O)[C@H](O)[C@H]7O)[C@@](C)(CO)[C@@H]6CC[C@@]5(C)[C@]3(C)C[C@H]4O)OC[C@H](O)[C@@H]2O)[C@H](O)[C@H](O[C@@H]2OC[C@](O)(CO)[C@H]2O)[C@H]1O[C@@H]1OC[C@@H](O)[C@H](O)[C@H]1O,1371.477000000001,2.1068614261058656,0.0388094781499396,7.869556461653473
CNP0131730.0,CC1OC(OC2C(OC3=CC(O)=C4C(=O)C(O)=C(C5=CC=C(O)C=C5)OC4=C3O)OC(CO)C(O)C2O)C(O)C(O)C1O,610.5210000000004,2.300421258037128,0.1395178432216246,4.814280263298538
CNP0567267.1,CO[C@H]1/C=C/O[C@@]2(C)OC3=C(C)C(O)=C4C(O)=C(NC(=O)/C(C)=C\C=C\[C@H](C)[C@H](O)[C@@H](C)[C@H](O)[C@H](C)[C@H](OC(C)=O)[C@@H]1C)C(/C=N/[NH+]=C/N1CCCCC1)=C(O)C4=C3C2=O,835.9719999999996,1.7958368699602214,0.057024376775681,7.554395707639111
CNP0529302.2,C[C@H]1CCC[C@]2(C)C[C@H]3OC(=O)[C@H](CN4CCN(C5=CC=CC=[NH+]5)CC4)[C@H]3C=C12,396.5550000000001,0.8505461792838309,0.5822035445285079,4.888721048426051
CNP0208645.1,COC1=CC=C2C3=C(NC2=C1)[C@H](C=C(C)C)N1C(=O)[C@@H]2CCCN2C(=O)[C@@H]1C3,379.4600000000002,0.8412769209503465,0.8161912593908079,3.810946305780835
CNP0171786.1,C=C1[C@@H](OO)CC[C@@H]2[C@@](C)(CC/C(C)=C/C(=O)OC)[C@H](C)CC[C@@]12C,350.49900000000014,3.113004071950656,0.2447735398168051,4.641387869888094
CNP0393635.0,COCCNCC1=C(O)C=CC2=C1OC(=O)C=C2C1=CC=C(OC)C=C1,355.3900000000001,-0.1150833086386923,0.5009901702421488,2.266708283642455
CNP0029391.1,COC1=CC=C(C2=C3[C@@H]4C[C@@H](CN(C(=O)C5=CC=CO5)C4)CN3C(=O)C=C2)C=C1,390.43900000000014,-0.939562205039414,0.6878051476117364,3.84658971481084
CNP0559082.1,COC1=CC(OC)=C2C(=O)[C@@]3(OC2=C1Cl)C(=O)C1=C(C[C@H]3C)OC(C2=CC=CC=C2)=C1CC(=O)NCCC(=O)NC1=NC=CS1,650.1090000000002,-0.200818747466811,0.2350794768035439,4.497393333798014
CNP0218245.3,COC1=C2OCOC2=CC2=C1[C@H](C/C(=N/O)[C@H]1CCOC(C)(C)C1)N(C)CC2,390.48000000000025,0.8520889590703249,0.4827324093178682,3.9642870229599954
CNP0022987.0,COC1=CC=CC=C1C(=O)OC1=CC=C2C(=O)C(=CC3=C(C)C=CS3)OC2=C1,392.4320000000001,-0.9205669067572498,0.3589847227578183,2.4280473523549717
CNP0229986.1,OC[C@H]1O[C@@H](O[C@H]2[C@H](OCCC3=CC=CC=C3)O[C@H](CO)[C@@H](O)[C@@H]2O)[C@H](O)[C@@H](O)[C@@H]1O,446.44900000000007,1.56594587870479,0.2146704208069691,4.139329890207883
CNP0346993.1,C/C(=C/C(=O)N(O)CCC[C@H](NC(=O)[C@H](CCCN(O)C(=O)/C=C(/C)CC(=O)O)NC(=O)[C@@H](N)CCCN(O)C(=O)/C=C(/C)CC(=O)O)C(=O)O)CC(=O)O,786.7890000000002,0.3097649589374763,0.030346338013988,4.779353301669586
CNP0046358.3,COC1=CC2=C(C(OC)=C1OC)C1=C(C=C3OCOC3=C1OC)[C@@H](C)[C@H](C)C2,386.4440000000002,1.482361954205764,0.7757243531954352,3.484376027528941
CNP0566844.1,CCC1=CC=C2C=CC=CC2=C1CC1=C(OC)C(O)=CC=C1C[C@H](CC1=CN=CC1)[C@H](O)CC(=O)[C@H](CC1=CC=C(O)C2=C1CSSC[C@](C)(O)CNCO2)C1=CC(O)=CC(C2(NC)CCCC2)=C1,974.2989999999996,1.1184093952701168,0.0440695195884298,6.291349651606546
CNP0290541.1,C=C(C)COC1=CC2=C(C=C1Cl)C(C)=C(CC(=O)N1C[C@H]3C[C@@H](C1)C1=CC=CC(=O)N1C3)C(=O)O2,494.9750000000003,-0.8273174919738405,0.3944204388306531,4.298331163771249
CNP0512632.3,CC1(C)[C@H]2CC[C@@]1(C)[C@@H](OC(=O)C[N+]1(CC(=O)O[C@H]3C[C@H]4CC[C@@]3(C)C4(C)C)CCCCC1)C2,474.7060000000005,0.7845501768007208,0.3765773306835931,5.71540558590965
CNP0222045.0,COC1=CC(C2CC(=O)OC3=CC=C4C(=O)C(=CC5=CC=C(OC)C(OC)=C5)OC4=C32)=CC=C1O,474.46500000000026,0.5630091084658029,0.3283738009865495,3.219172378463933
CNP0315957.1,CC1(C)C=CC2=CC3=C(C=C2O1)OC[C@H]1C2=CC=C(O)C=C2O[C@@H]31,322.36,2.9069043451099628,0.7900344440174772,3.7925578857757714
CNP0304557.1,C=C1OC(=O)/C(=C\CCCCC/C=C\C/C=C\CCCCC)[C@H]1O,332.4840000000001,1.7310269655431,0.2258608441179902,3.76505465318992
CNP0215021.0,COC1=CC(O)=C2C3=CC=C(O)C=C3CCC2=C1C(=O)C1=CC=C(O)C=C1,362.38100000000003,1.0043172663755628,0.6169446327098419,2.4906156379513824
CNP0264114.1,C=C[C@@](C)(CC/C=C(/C)CCC=C(C)C)O[C@@H]1O[C@H](CO)[C@@H](O)[C@H](O)[C@H]1O[C@@H]1O[C@@H](C)[C@H](O)[C@@H](O)[C@H]1O,530.6550000000002,2.579410126130574,0.2016455318619094,5.018524823762562
CNP0265281.4,CC1=CC[C@@H]2C[C@H](C[C@@]3(CC[C@H](C)[C@H](C)O3)O2)OC(=O)[C@@H]2C=C(C)C(=O)[C@H]3OCC(=C/C=C/[C@@H](C)C1)[C@@]32O,526.6700000000003,2.539564330882742,0.3600310166465946,6.98657719871474
CNP0586034.0,COC1=CC=C(OC)C(C=CC(=O)NCC(=O)O)=C1,265.265,-0.1991038252041473,0.746958209287111,1.972526754175405
CNP0299885.2,C/C=C(\C)C(=O)O[C@@H]1C[C@H]2[C@@H](CC=C3C[C@@H](O[C@H]4C[C@H](OC)[C@@H](O[C@H]5C[C@H](OC)[C@@H](O[C@@H]6O[C@H](C)[C@@H](O[C@H]7O[C@H](CO)[C@@H](O)[C@H](O)[C@H]7O)[C@@H](OC)[C@H]6O)[C@@H](C)O5)[C@@H](C)O4)CC[C@@]32C)[C@@]2(O)CC[C@H]([C@H](C)OC(C)=O)[C@@]12C,1085.288,2.259923630127562,0.0736646406285596,6.932237425527513
CNP0349125.0,CC1=NC=C2COC(C3=C(O)N(C4=CC=CC=C4Cl)C(=S)NC3=O)C2=C1O,403.84700000000015,-0.610052652129474,0.567588715008624,3.4753293404496874
CNP0104572.2,CCC(=O)O[C@@H]1[C@@H](OC2C(C)/C=C/C(=O)OC(C)C(CO[C@@H]3O[C@H](C)[C@@H](OC(=O)CC)[C@@H](OC)[C@H]3OC)C3OC3/C=C/C(=O)C(C)(O)CC2C)O[C@@H](C)C[C@H]1OC,812.9470000000001,2.02266581880816,0.1711496967096491,6.582762874883923
CNP0405808.0,CC1=NC2=CC(NC(=O)CCCCCN3C(=O)C4=CC=CC=C4N4C(=O)C5=CC=CC=C5C34)=CC=C2N1,493.56700000000006,-1.125918734163076,0.3464798665590294,3.096889519493047
CNP0144193.2,COC1=CC[C@@]2(C)[C@@](O)(CC[C@H]3CC4=C(NC5=CC=CC=C45)[C@@]32C)[C@@]12CC(=O)[C@](O)(C(C)(C)OC(C)=O)O2,523.6260000000003,1.900726448192137,0.5236431824171719,5.571576264808171
CNP0295981.1,COC1=CC=C(NC(C)=O)C=C1NC(=O)[C@@H](NC1=CC=C2C(=CC1=O)[C@@H](NC(C)=O)CCC1=CC(OC)=C(OC)C(OC)=C12)C(C)C,646.7410000000002,-0.1185736808449702,0.2277571748851315,3.6590371017477175
CNP0103424.13,O=C1C=C(C2=CC=C(O)C=C2)OC2=CC(O[C@@H]3O[C@@H](CO)[C@@H](O)[C@@H](O)[C@H]3O)=CC(O)=C12,432.3810000000001,1.934301821540732,0.3310267553587243,3.804459638838427
CNP0256830.1,CC(C)(O)[C@@H]1OC[C@H]([C@@H]2CC[C@]3(C)C4=CC[C@H]5C(C)(C)[C@@H](O)CC[C@]5(C)[C@@H]4CC[C@@]23C)C[C@H]1O,474.72600000000034,3.451244753828915,0.46300019663225,5.06571444244143
CNP0341978.1,O=C(CCCC[C@@H]1CCSS1)NC1=CC=C(N2C=NN=N2)C=C1,349.48500000000007,-1.8714058544442604,0.6105658699206675,3.010215694571926
CNP0129773.0,COC1=CC2=CC3=C4C(=CC(OC)=C(OC)C4=C2C=C1O)CCN3C,339.3910000000001,1.122848842819812,0.737254630439838,2.6721523350777403
CNP0169340.2,CO[C@H]1C[C@@H](C)[C@H]2C[C@H]3OC(=O)C[C@H]4C(C)=CC(=O)[C@@H]([C@@]2(C)[C@@H]1O)[C@@]34C,362.46600000000007,3.042243661306737,0.7258083919194904,5.128961577375749
CNP0422250.2,CC1(C)[C@@H](O)CC[C@@]2(C)[C@H]1CC[C@]1(C)[C@H]2CC=C2[C@@H]3C[C@@](C)(C=O)CC[C@]3(CO)[C@H](O)C[C@]21C,472.7100000000003,3.459872829431684,0.3768476586199946,5.193172803645441
CNP0519533.1,CCCCCCCCCCCCCCCCCCCCC(=O)OC[C@H](O)COC(=O)CCCCCCCCCCCCCCCC(C)C,681.1399999999998,0.3271356028961257,0.0516534394846801,2.9350320380703216
CNP0182026.1,C[C@@](O)(CC(=O)O)CC(=O)OC[C@H]1O[C@@H](OC2=C(C3=CC=C(O)C(O)=C3)OC3=CC(O)=CC(O)=C3C2=O)[C@H](O)[C@@H](O)[C@@H]1O,608.5050000000005,2.019137625151661,0.1106318415032502,4.501306510605828
CNP0526467.0,O=C(NC1=CC=CC=C1)C1=CC([N+](=O)[O-])=CC(S(=O)(=O)O)=C1,322.298,-1.7373093045250452,0.5039202912439842,1.8765925879559864
CNP0165682.0,COC1=CC=C(C)C2=C1OC(=O)C=C2OC,220.22399999999996,0.5504131256981688,0.7271780475612354,2.099615957865815
CNP0285883.0,CCCCC=CCC=CCC=CCC=CCC=CCCCC(=O)O,330.5120000000001,0.9397978394336376,0.265487428030084,2.9774756133545672
CNP0497451.0,[O-][Cl+2]([O-])O,84.458,-0.0195283948612499,0.3416258917593271,6.650469200314134
CNP0550083.0,COC(=O)C1=CC=C2C(=O)N(CCC3=CNC4=CC=C(OC)C=C34)C(S)=NC2=C1,409.4670000000001,-1.0405064532356862,0.3003358828484226,2.5500011316525573
CNP0208193.2,COC(=O)[C@H]1CCC(=O)N1CC1=CC(O)=C(O)C(Br)=C1Br,423.057,0.7999445996714049,0.5759629689746917,3.2629997133295507
CNP0073112.1,C/C(=C\[C@H]1C[C@@]2(C)OC3=C(C[C@H]2O1)C(=O)CC[C@@H]3O)CCC(O)C(C)(C)O,380.4810000000001,3.1084349404288663,0.6327326216237145,5.094843288501992
CNP0276829.1,CO[C@@H]1[C@@H](O)[C@H](O[C@H]2CC[C@@]3(C)[C@@H](C=C[C@@H]4[C@@H]3CC[C@@]3(C)[C@H]4CC[C@]3(O)[C@H](C)O[C@H]3C[C@@H](O)[C@H](O[C@@H]4O[C@H](CO)[C@@H](O)[C@H](O)[C@H]4O)[C@@H](C)O3)C2)O[C@H](C)[C@@H]1O[C@H]1C[C@@H](OC)[C@H](OC(C)=O)[C@H](C)O1,973.1600000000004,2.1796136741984644,0.1021532274163093,6.675468856235109
CNP0055236.3,C=C(C(=O)OC)[C@H]1[C@@H](O)[C@H]2C(=O)CC[C@@H](O)[C@@]2(C)C[C@H]1OC(=O)/C(C)=C\COC(C)=O,438.47300000000024,2.5511450878866966,0.3514113599812074,4.774912246811631
CNP0171556.1,CC1=C[C@@H](O)C[C@@H](C)[C@]1(C)CCC1=COC=C1,234.33899999999997,2.574854320790994,0.8110940864772248,4.209715276870762
CNP0148429.1,CC[C@H]1[C@H]([C@@H](O)[C@](C)(O)[C@H]2CC[C@@]3(O)C4=CC(=O)[C@@H]5C[C@@H](O)[C@@H](O)C[C@]5(C)[C@H]4CC[C@]23C)OC(=O)[C@H]1C,520.6630000000004,3.6680791642708166,0.3536073080754434,5.533557441572782
CNP0091408.1,C[C@@H]1[C@@H](C)[C@H](CO)O[C@@H]1[C@@H](O)[C@@](C)(O)[C@H]1CC[C@@]2(O)C3=CC(=O)[C@@H]4C[C@@H](O)CC[C@]4(C)[C@H]3CC[C@]12C,506.6800000000004,3.7527218142910064,0.3960808386892522,5.433689980434122
CNP0145563.2,C=C/C(C)=C/C[C@H]1[C@](C)(O)[C@@H](O)[C@@H](O)[C@@H]2C(C)(C)CCC[C@@]21C,322.48900000000015,3.275022722897265,0.6975714722515293,4.7383093668397285
CNP0503236.0,CC1=C(CCCCC(C)O)C(=O)OC1=O,212.24499999999998,2.060304981074993,0.4239431676979439,3.234710035877121
CNP0179135.1,C=C1/C=C(\C)[C@@H](C)[C@@H](O)CC(=O)[C@@H](C)CC(=O)C[C@@H]2CC[C@@H](O2)[C@H](/C=C/C=C(C)C)OC(=O)C[C@H]2O[C@H](C[C@@H]2C)[C@@H](O)[C@@H]1O,616.7920000000004,2.1108996279967323,0.305541494408391,7.215093832393453
CNP0444307.2,CCNC(=O)O[C@H]1CO[C@@H]2[C@@H]1OC[C@@H]2NC1=NC=CC(C(C)(C)C)=N1,350.4190000000001,-0.7749137845997918,0.8488557084255229,3.991605747674866
CNP0155279.0,O=CNC1=CC=C2C(=C1)CC1=CC(O)=CC=C12,225.24699999999996,0.0721907513168647,0.6582856035747483,2.319114619517165
CNP0557320.1,CCCCC/C=C\C/C=C\C/C=C\C/C=C\CCCCCC(=O)OC[C@H](COC(=O)CCCCCCC/C=C\CCCCCCCC)OC(=O)CCCCCCCCCCC/C=C\C/C=C\CCCCC,989.6049999999989,0.4233295539443877,0.0261448699867395,4.019853927897317
CNP0167785.1,OC[C@H]1O[C@@H](OCCC2=CC=C(O)C(O)=C2)[C@H](O)[C@@H](O)[C@@H]1O,316.30600000000004,2.054156924978586,0.3590927554965998,3.5674866269487246
CNP0142747.1,CCC(=O)[C@@H]1CCCN1C(=O)[C@H](CC1=CC=CC=C1)N(C)C(=O)[C@@H](CC(C)C)NC(=O)[C@@H]1CSC([C@@H]2C[C@H](C)CN2C(=O)[C@@H](CC2=CC=C(O)C(Br)=C2)N(C)C(=O)[C@H](C)NC(=O)C(C)(C)C)=N1,1009.1219999999997,0.0564802293601656,0.1758761163052404,5.497676304093494
CNP0256496.2,C[C@H](CCC(=O)O)[C@H]1[C@H](O)C[C@H]2[C@@H]3CC[C@@H]4C[C@H](O)CC[C@]4(C)[C@H]3C[C@H](O)[C@]12C,408.5790000000002,2.8297564517660616,0.571136456131648,4.678654728609564
CNP0415600.1,COC1=CC=C(N2N=C(C)C3=C2C=C2OC4=C(C5=CC=C6C(=O)NC(=S)NC6=N5)C(O)=C(C)C(O)=C4[C@@]2(C)C3=O)C=C1,581.6100000000001,0.069273746828557,0.2207896200699933,4.139669119925466
CNP0583829.2,COC1=CC=CC=C1/C=C/[C@@H]1OC[C@@H](C/C=C/C2=C(OC)C=CC=C2OC)[C@H](C2=CC=C(OC)C(OC)=C2)O1,532.6330000000004,0.6168182642350873,0.2764966391020113,3.801419533228695
CNP0233559.1,CC(=O)O[C@@H]1C[C@H]2CC[C@@H](C1)N2,169.22400000000002,1.8713219958163585,0.5908375688028301,4.302089802541653
CNP0391286.0,COC(=O)COC1=CC=C2C(C3=CC4=CC(Cl)=CC=C4OC3=O)=CC(=O)OC2=C1,412.7810000000002,-0.4957305849213412,0.3715290427006928,2.41734484647432
CNP0223975.4,O=C1C(O[C@@H]2O[C@H](CO)[C@H](O)[C@H]2O)=C(C2=CC=C(O)C=C2)OC2=CC(O)=CC(O)=C12,418.35400000000016,2.1212201014920664,0.348366297790273,3.707639914552845
CNP0590761.2,CCN(CC)CCN1C(=O)[C@@H]2[C@H](C(=O)NC3=CC=CC(C)=C3)[C@@H]3C=C[C@@]2(O3)[C@@H]1C(=O)N[C@@H]1CCC[C@H](C)[C@@H]1C,536.7170000000003,-0.836312053496982,0.472576639188445,5.44443391487104
CNP0153923.27,O=C1C2=C(O)C=C(O)C=C2O[C@H](C2=CC=C(O)C(O)=C2)[C@@H]1O[C@@H]1OC[C@H](O)[C@H](O)[C@H]1O,436.3690000000001,2.4333006711863554,0.3117660064373062,4.300338998825758
CNP0223614.0,CCCCCCCCOC1=CC=C(C2CC(=O)OC3=CC=C4C(=O)C(=CC5=CC=CC=C5OC)OC4=C32)C=C1,526.6290000000004,0.0553063123379845,0.1115540357131668,3.210637514045212
CNP0152102.2,C=C(C)[C@H](CC=C(C)C)CC1=C(O)C=C(OC)C(C(=O)C=CC2=CC=C(O)C=C2O)=C1O,438.52000000000015,1.9771080052535523,0.2337704080267706,3.579224562868069
CNP0166055.2,C[C@@H]1O[C@@H](O[C@H]2[C@H](O)[C@@H](O)[C@H](OC(C)(C)[C@@H]3CC[C@]4(C)[C@H]5CC[C@@H]6[C@@]7(C)CC[C@H](O[C@@H]8OC[C@H](O)[C@H](O)[C@H]8O)C(C)(C)[C@@H]7C(=O)C[C@@]6(C)[C@]5(C)[C@H](O)C[C@@H]34)O[C@@H]2CO)[C@H](O)[C@H](O)[C@H]1O,915.1240000000005,2.406885970302116,0.1486633650754177,6.521507388838857
CNP0120843.1,CC(C)=CCC1=C2OC(C)(C)[C@@H](O)CC2=C(O)C2=C1OC=C(C1=CC=C(O)C=C1O)C2=O,438.47600000000017,2.690025482678465,0.453267164018668,3.803906723129618
CNP0261609.1,CC[C@H]1N[C@@H]2C[C@@]3(C(=O)N(OC)C4=CC(OC)=CC=C43)[C@@H]3C[C@]1(O)[C@H]2CO3,374.4370000000001,1.8497656383564929,0.8257687479404134,6.453921426149259
CNP0497773.1,CC/C=C\C/C=C\C/C=C\C/C=C\C/C=C\C/C=C\CCC(=O)OC[C@H](COC(=O)CCCCCCC/C=C\C/C=C\CCCCC)OC(=O)CCCCCCCCCCC/C=C\CCCCCCCC,985.572999999999,0.5566314322243877,0.0261470975641357,4.271161612002255
CNP0584691.0,C=CC1(C(C)CCC)C(=O)NC(=O)NC1=O,224.26000000000002,0.4501690425074311,0.5513835393856523,3.837952645168789
CNP0509038.0,CCCCCCCCC=CCCCCCCCCCCCCCC(=O)OCC(COC(=O)CCCCCCCCCCCCCC=CCCCCCCCC)OC(=O)CCCCCCCCCCCCCC,1013.7119999999985,0.3291661948108546,0.0261393931409175,3.203100005832903
CNP0293856.1,C=C1CC/C=C(\C)CC[C@@H]2C[C@@H](O)[C@](C)(CC[C@H]1OO)OC2(C)C,338.48800000000006,3.7446397741395856,0.4154389551822854,5.710279275021977
CNP0037772.0,COC1=CC(C=CC(=O)C2=C(OC)C=CC=C2OC)=CC(OC)=C1OC,358.39000000000016,0.2444915162992385,0.5304139100498404,2.081687181771354
CNP0243709.1,CC1=C2[C@@H](O)C3=C(C[C@H]2OC1=O)[C@]1(C)CCC[C@@](C)(CO)[C@H]1CC3,332.44000000000005,3.1392798278625538,0.5722556170583183,4.789800968856882
CNP0003518.0,CCCCCCCCCCCCCCCCCCCC(O)CC(O)CCCCCCC,440.79700000000025,0.5349213847812968,0.1314092590540201,2.5880411948237665
CNP0233129.1,C[C@H]1CC[C@@H]2C(C)(C)[C@H](O)CC[C@]2(C)[C@@]12CC1=C(O)C=C3C(=O)N([C@@H](CCCNC(=N)N)C(=O)O)CC3=C1O2,542.6770000000002,2.152818432827864,0.1810442760066454,5.208387805086698
CNP0454026.0,CC(C)C(NC(=O)C(NC(=O)NC(CC1=CC=CC=C1)C(=O)O)C1CCNC(=N)N1)C(=O)NC(CO)CC1=CC=CC=C1,595.7010000000001,0.2287035398241139,0.146093249447186,4.201092122841425
CNP0196897.3,C/C=C(\C)C(=O)O[C@H]1[C@H](O)C(C)(C)C[C@H]2C3=CC[C@H]4[C@@]5(C)CC[C@H](O)C(C)(C)[C@H]5CC[C@@]4(C)[C@]3(C)[C@@H](O)[C@@H](O)[C@]21CO,588.8260000000004,3.39103050683803,0.1860877833573718,5.470377522582407
CNP0382504.12,C[C@]12CCC(=O)C[C@@H]1CC[C@@H]1[C@H]2CC[C@]2(C)[C@@H](C(=O)COC(=O)CCC(=O)O)CC[C@H]12,432.5570000000003,1.5400578242859548,0.6321191913234189,4.164912558578721
CNP0315960.0,CC1CC(=O)C2=NC=C(O)C=C21,163.176,1.0050074528859334,0.62975043928591,3.359092184774749
CNP0364393.1,CC(C)(C)OC(=O)N[C@@H](CC1=CC=CC=C1)C(=O)OC1=CC=C2C3=C(CCC3)C(=O)OC2=C1,449.5030000000003,-0.427582106482412,0.3540875908190179,2.834904414084228
CNP0449787.1,C[C@H]1C(O)=CC(=O)[C@H]2[C@]3(C)CC[C@@]4(C)[C@@H]5CC(C)(C)CC[C@]5(C)CC[C@]4(C)[C@@H]3CC[C@]12C=O,454.69500000000033,2.914239466201612,0.422966480085692,5.152368962424914
CNP0481329.1,CC1=C(Cl)C=CC(O)=C1C(=O)O[C@@H]1C[C@H](O[C@H]2[C@H](O)C[C@H](O[C@H]3CCC[C@@H]4[C@@H]3C=C[C@H]3CCCC/C=C\[C@@H]5C=C(C(=O)O)[C@H](C)CC56OC(O)=C(OC(=O)[C@@]43C)C6=O)O[C@@H]2C)O[C@H](C)[C@H]1O,941.4640000000004,1.6318971829564215,0.1421141657003084,4.207546817707309
CNP0358912.0,N#CCCCO,85.106,0.3621635614910001,0.4893531523036807,2.507972855978469
CNP0178417.1,CC(=O)O[C@H]1C[C@@H]2[C@@]3(C)CCCC(C)(C)[C@@H]3CC[C@@]2(C)[C@@H]2C[C@@H]3OC(=O)C[C@]3(O)C(=O)[C@@]12C,460.6110000000003,2.836370096085979,0.58968633985546,5.022163776599503
CNP0194718.2,C/C=C(\C)[C@@H](O)[C@@]1(C)[C@H](/C(C)=C/[C@]2(C)[C@H]3OC(=O)[C@]2(C)C(=O)[C@@H]3C)[C@]2(C)C=C(C)C=C(C)[C@@H]21,452.6350000000002,2.1956234375646426,0.3434774782065408,6.563876020627133
CNP0435511.1,C=C(C)[C@@H](CC)CC[C@@H](C)[C@H]1CCC2C3C(CC[C@@]21C)[C@@]1(C)CCC(=O)C=C1C[C@H]3O[C@H]1O[C@@H](C)[C@@H](O)[C@@H](O)[C@@H]1O,572.8270000000006,2.8390119709109687,0.3100276809633621,5.206973699664289
CNP0563056.1,CCCCCC/C=C\CCCCCCCC(=O)OC[C@@H](COC(=O)CCCCCCC/C=C\CCCCCCCC)OC(=O)CCCCCCCCC/C=C\CCCCCCCC,885.4529999999991,0.3761899369266909,0.0262042034458715,3.5100929249343213
CNP0480902.1,CC(=O)N[C@H]1[C@H](O[C@H]2[C@H](O[C@H]3O[C@H](C)[C@H](O)[C@H](O)[C@H]3O)[C@@H](NC(C)=O)[C@H](OCC[Si](C)(C)C)O[C@@H]2CO)O[C@H](CO)[C@H](O)[C@@H]1O,670.7820000000005,1.219045816619562,0.0900048198352009,5.22565586073589
CNP0587488.1,CC12CCC3(CC1)C(=C[C@H]1OC[C@@]4(O)CCC[C@@]3(C)[C@@H]14)C2,288.431,2.247024492381191,0.6864044780282293,6.189031511582472
CNP0592328.1,CC1=C[C@@H](CNC(=O)C2=CC=CN=C2)[C@H](C(C)C)C[C@H]1CC(=O)N1CCN(C2=CC=CC=[NH+]2)CC1,476.6450000000004,-0.6088444385988372,0.6225859211340163,4.315043743089583
CNP0184875.4,CC(C)C1=CC=C2C(=C1O)C(=O)C[C@@H]1C3=C(CC[C@]21C)C(=O)OC3,326.39200000000005,2.420869700346121,0.8006367866848624,3.94354125458088
CNP0538001.1,CC/C=C\C/C=C\C/C=C\C/C=C\C/C=C\CCCCCC(=O)OC[C@H](COC(=O)CCCC/C=C\C/C=C\C/C=C\CCCCC)OC(=O)CCC/C=C\C/C=C\C/C=C\CCCCCCCC,953.4869999999994,0.5263655814243698,0.0261650279773181,4.362764584415416
CNP0518063.1,C[N+]1([O-])CC[C@]23C4=C5C=CC(O)=C4O[C@H]2[C@@H](O)C=C[C@H]3[C@H]1C5,301.34200000000004,2.643218267445596,0.4290935016914748,5.899063813866729
CNP0452517.1,CN1[C@H](CCCN(O)C(=O)CCNC(=O)CNC(=O)[C@@H]2COC(C3=CC=CC=C3O)=N2)C(=O)N([C@@H]2CCCN(O)C2=O)C1(C)C,631.687,0.2319287580278111,0.1465858655974368,4.639414036515039
CNP0385545.1,CC[C@]12CN3C[C@](CC)(CN(C1)C3C1=CC=CN=C1)C2O,287.407,-0.0550631094047571,0.921219397632749,4.247679011051272
CNP0169972.0,COC1=CC(CCCO)=CC(OC)=C1OC(CO)CO,286.324,1.0984251752303202,0.6073201825094093,2.363163068118711
CNP0225788.1,C=C1[C@@H]2[C@@H](OC(C)=O)[C@H](OC(C)=O)[C@@]3(C)[C@H](C4=COC=C4)OC(=O)C[C@]13O[C@@]1(C)OC(C)(C)[C@H]([C@H](OC(C)=O)C(=O)OC)[C@@]21C,632.6590000000002,2.2487443706300656,0.255108078260381,6.83315941088566
CNP0151347.2,COC1=CC2=C(C=C1OC)[C@@H](C)N(CC(=O)NC1=CC=CC=C1)CC2,340.42300000000006,-0.8045818110473515,0.9075991916553452,2.407330038406944
CNP0138414.1,C[C@@H]1CC[C@@]2(OC1)O[C@H]1C[C@H]3[C@@H]4CC=C5C[C@@H](O[C@@H]6O[C@H](CO)[C@@H](O[C@@H]7O[C@@H](C)[C@H](O[C@@H]8O[C@H](CO[C@@H]9O[C@H](CO)[C@@H](O)[C@H](O)[C@H]9O)[C@@H](O[C@@H]9O[C@H](CO)[C@@H](O)[C@H](O)[C@H]9O)[C@H](O)[C@H]8O)[C@@H](O)[C@H]7O)[C@H](O)[C@H]6O[C@@H]6O[C@@H](C)[C@H](O)[C@@H](O)[C@H]6O)CC[C@]5(C)[C@H]4CC[C@]3(C)[C@H]1[C@@H]2C,1355.478000000001,1.8337577107279228,0.0642035748216715,5.778229820793841
CNP0342229.1,COC1=CC(O)=C2C(=O)C3=C(C(=O)C2=C1C1=C(OC)C=C(O)C2=C1C(=O)C1=CC(C)=C(O)C=C1C2=O)[C@@H](O)[C@](C)(O)[C@H](O)[C@H]3O,618.5470000000004,1.4621639030442108,0.1708037958214454,4.549706275369867
CNP0343867.0,CC(C)=CCCC(C)=CC=CC(C)=CC=CC(C)=CC=CC=C(C)C=CC=C(C)C=CC=C(C)C=O,482.75200000000024,1.4079273342102585,0.1040938983830696,3.757345682032522
CNP0236935.0,COC1=CC(Br)=CC(Br)=C1OC1=CC(Br)=CC(Br)=C1O,531.8200000000002,0.48076862551897,0.5093358125243748,2.434872205647848
CNP0378358.1,CCCCCCCC[C@H](O)CCCCC(=O)O,244.37499999999994,0.958981177626724,0.5140631923057061,2.3548960030054147
CNP0378756.0,NC1=NC=NC2=C1N=CN2CCNCCC1=CC=CC=C1,282.35099999999994,-0.8677182531489901,0.6647778462723015,2.162367689911079
CNP0141601.0,CC1=C2C=CCC2(C)CC2C(C1)OC(=O)C2C,232.32299999999998,2.9048746841230715,0.599259144211505,4.656353036289446
CNP0483539.1,CCCCC/C=C\C/C=C\CCCCCCCC(=O)OC[C@H](COP(=O)(O)OCC(O)COP(=O)(O)OC[C@@H](COC(=O)CCCCCCCCCCCCCCCCC)OC(=O)CCCCCCCCC/C=C\CCCCCC)OC(=O)CCCCCCCCCCC/C=C\CCCCCC,1486.0759999999996,0.4421252132885541,0.0168678064035869,5.73467356699227
CNP0070642.1,O=C(O)C[C@@H]1CCN(C(=O)C2CCCC2)C[C@@H]1CCN1CCN(C2=CC=CC=N2)CC1,428.5770000000002,-1.4538777194584127,0.7196458301819774,3.1828531332142385
CNP0208909.1,CC(=O)OC1=CC2=C(C=C1C)C(=O)C[C@@]1(C)C(C)=CCC[C@]21C,312.40900000000005,1.541606438912717,0.4351356300909144,3.827764984223392
CNP0195704.2,C=C1/C=C\[C@H](OC(C)=O)[C@@]2(C)[C@@H](OC(C)=O)[C@@H](OC(C)=O)[C@@H](O)[C@]3(CO3)[C@@H]2[C@H](OC(C)=O)[C@]2(O)[C@@H](C)C(=O)O[C@H]2[C@H]1Cl,615.0280000000004,3.003510518869289,0.1932390495842584,6.491265127282585
CNP0050173.1,C[C@@H](OCC1=CC=CC=C1)[C@@H](C(=O)O)N(C)C(=O)OC(C)(C)C,323.38900000000007,-0.233592717836326,0.8708648858586603,2.9896302366335927
CNP0452897.1,CCC(CC)C1=CC([C@H]2C[N@]3CC[C@H]2C[C@@H]3CNC)=NC(C2=CC=NC=C2)=N1,379.552,-0.5670788013621607,0.792070973533636,4.676998860620103
CNP0558993.1,O=C(O)CC(=O)OC[C@H]1O[C@@H](OC2=CC(O)=CC3=[O+]C(C4=CC=C(O)C(O)=C4)=C(O[C@@H]4O[C@@H](COC(=O)/C=C/C5=CC=C(O)C=C5)[C@@H](O)[C@H](O)[C@H]4O[C@@H]4O[C@@H](COC(=O)/C=C/C5=CC=C(O)C=C5)[C@@H](O)[C@H](O)[C@H]4O)C=C23)[C@H](O)[C@@H](O)[C@@H]1O,1152.0060000000008,1.2397754124699103,0.0125394821335363,6.361943814888565
CNP0046421.2,COC1=CC2=C(C=C1O)OC[C@@H](C1=CC(OC)=C3OCOC3=C1O)C2,346.33500000000015,1.4145642856887355,0.8830787220845461,3.2564932020039103
CNP0153172.1,O=C1C2=CC=CC=C2C=C2C(O)=C(CO)C=C(O)[C@@H]12,256.25699999999995,0.8260866592266738,0.7190249084399973,3.7395813322958342
CNP0343760.1,CC=C1CN(CC(=O)[C@H](NC(=O)[C@H](N)[C@H](O)[C@H](O)COC(N)=O)[C@H]2O[C@H](N3C=CC(=O)NC3=O)[C@H](O)[C@@H]2O)[C@@H]1C(=O)O,600.5380000000005,1.070311257440725,0.1008585701071162,5.29903501561642
CNP0400286.1,COC1=C(O)C(CN2CCC(C)CC2)=C2C(=O)O[C@@H]3[C@@H](O)[C@H](O)[C@@H](CO)O[C@H]3C2=C1O,439.46100000000007,1.3465614922164515,0.406846969512364,4.200676385129072
CNP0509317.1,C[C@@H]1C[C@]2(C[C@@H](C)[C@H]3[C@@H](C[C@@]4(C)CC/C=C5\C6=CC(CC[C@]34C)OC6=CC(=O)OC5(C)C)O2)OC1=O,496.64400000000035,2.7104591968125606,0.3967556869506304,7.220864770906772
CNP0349476.1,CC1=C[C@@H](O)CC(C)(C)/C1=C\C=C(C)\C=C\C=C(C)\C=C\C=C\C(C)=C\C=C\C(C)=C\C=C1\C(C)=C[C@@H](O)CC1(C)C,566.8700000000001,1.1195463885629309,0.2725798748406612,5.006222684586239
CNP0292261.1,CCCCCCCCCCCCCC/C=C\CC[C@H]1O[C@@H]1CCCCCCCCCCC1=C[C@@H](C)OC1=O,530.8780000000005,1.698973508124532,0.0458540356103468,3.8413184081018414
CNP0504054.0,COC(=O)C1=CC=C(OC(=O)C2=CC=CC([N+](=O)[O-])=C2)C=C1,301.254,-0.9683589852522412,0.3725623846860771,1.7385142777416132
CNP0078408.0,CC(=O)N1C(=C2N=C3C=CC=CC3=C2C2=C(C3=NC4=CC=CC=C4C3=O)NC3=CC=CC=C23)C(=O)C2=CC=CC=C21,532.5590000000002,0.4937552629288586,0.3317463580932149,3.2501037889356086
CNP0558036.2,C[N+]1=CC=CC([C@@H]2CCCCN2C(=O)C2=CC=CC=C2)=C1,281.37899999999996,-0.6163429748624903,0.7766993357255079,2.647143664869814
CNP0140475.1,C=C1CC[C@H]2C(C)(C)CCC[C@]2(C)[C@@H]1C/C=C(C=O)\C=C/OC(C)=O,344.49500000000006,3.169506025258772,0.1679400861284373,4.570485206069659
CNP0597917.1,C/C=C(/C)C(=O)O[C@H]1CC(C)(C)C[C@H]2C3=CC[C@@H]4[C@@]5(C)CC[C@H]([C@@H]6O[C@H](C(=O)O)[C@@H](O)[C@H](O[C@@H]7O[C@H](CO)[C@H](O)[C@H](O)[C@H]7O[C@@H]7O[C@@H](C)[C@H](O)[C@@H](O)[C@]7(O)[C@@H]7O[C@H](CO)[C@@H](O)[C@H](O)[C@H]7O)[C@H]6O[C@@H]6O[C@H](CO)[C@@H](O)[C@H](O)[C@H]6O)C(C)(C)[C@@H]5CC[C@@]4(C)[C@]3(C)C[C@@H](O)[C@@]12CO,1349.5180000000007,2.2932146154517685,0.0429729675171278,7.885187721003101
CNP0236091.0,O=C1CCN2C3=C(CCN=C13)C1=CC=C(O)C=C12,240.262,0.768069500918322,0.7610824222700616,3.0443263727374763
CNP0516026.1,COC(=O)[C@@]12CC=C(C)[C@@H](C)[C@@H]1[C@@H]1[C@H](OC)[C@H](OC)[C@H]3[C@]4(C)CC[C@@H](OC5=CC=C(OC)C=C5)C(C)(C)[C@H]4CC[C@]3(C)[C@@]1(C)CC2,636.914,2.127330842878526,0.2304610846119375,5.305463816728729
CNP0571367.1,CCCCCCCCCCCC(=O)OC[C@@H](COC(=O)CCCCCCCCCCCCCCCCCCCCC(C)C)OC(=O)CCCCCCC,751.231,0.3275335078291514,0.0351060970724547,3.0589567521632963
CNP0605822.1,C[C@H]1C2=CC=CC(O)=C2C(=O)C2=C(O)[C@]3(O)C(=O)C(C(N)=O)=C(O)[C@@H](N(C)C)[C@@H]3C[C@@H]21,428.4410000000002,1.597453143324184,0.4297347979969943,4.433193615015397
CNP0593211.0,CCCCCCCCCCCCCCCC(=O)CCO,284.4839999999999,0.727810084057815,0.3842297924410202,2.0145408966060128
CNP0060165.0,COC1=CC=C(OC)C(NC(=O)CSC2=NC3=C(N=CNC3=O)N2C2=CC=C(C)C=C2)=C1,451.50800000000015,-1.8121519620787188,0.4152757763351843,2.4908866789977964
CNP0158666.0,C=C1C(OC(=O)CCC)C(OC(C)=O)C(=O)C(C)(C)C=CC(C)C(=O)C2(O)CC(C)C(OC(=O)C3=CC=CC=C3)C2C1OC(C)=O,640.7260000000003,2.1602869827524285,0.2596882839713169,5.551473761340511
CNP0041374.1,CC1=CC=C(C(=O)N[C@H]2CO[C@H]3[C@@H]2OC[C@H]3OCC2=CC=CC=C2)C=C1,353.418,-0.5151412158699921,0.8972304049096069,3.27609868575078
CNP0340433.0,CC1=C2OC=C(C3=CC=C4OCOC4=C3)C2=CC2=C1OC(=O)C1=C2CCC1,360.3650000000002,-0.0235771709877185,0.4592359811099845,2.661874549958762
CNP0481744.1,CC[C@@](O)(CC(C)C)C(=O)OC(C1=CC=C(O)C=C1)C1=CC=C(O)C=C1,358.4340000000001,0.4373223371013731,0.6531925153463821,3.041838085843475
CNP0115822.3,CC(C)=CC/C=C(/C)[C@H]1CC[C@@H]2CCC=C3CO[C@H](O)[C@@H]3[C@H]21,302.4579999999999,2.639965267686232,0.7710361864599373,4.871949902382968
CNP0195870.3,COC1=CC(O)=CC=C1[C@H]1OC2=CC3=C(C=CC(=O)O3)C=C2C2C=C(C)CC(C3=CC=C(O)C=C3)[C@@H]21,482.5320000000002,1.6618976928593336,0.2677554955031415,4.097185928013696
CNP0081022.1,CO[C@@H]1[C@H](C)O[C@@H](O[C@H]2C[C@H](OC3=CC4=CC5=C(C(=O)[C@]6(O[C@H]7C[C@@H](O[C@H]8C[C@H](O[C@@H]9C[C@@](C)(O)[C@@H](OC(C)=O)[C@@H](C)O9)[C@H](O)[C@H](C)O8)[C@H](O)[C@H](C)O7)C(=O)C(C(C)=O)=C(O)[C@@H](OC)[C@@H]6C5)C(O)=C4C(O)=C3C)O[C@@H](C)[C@H]2OC(C)=O)C[C@@H]1O,1191.236,1.398114945579343,0.0765263076325633,7.322671138533157
CNP0197572.0,C=CCC1(O)C(=O)C=C2OC(C)(C)C(O)CC2C1O,268.30899999999997,2.6207764099878004,0.6268999940313492,4.9524747956820825
CNP0206790.1,CC(=O)O[C@@H]1/C=C\C(C)=C/C[C@H](O)/C=C\C(C)=C/[C@@H](NC(=O)C(C)O)[C@]2(C)C(=O)O[C@H](C1)[C@@H](C)C2=O,503.5920000000003,1.973376499732548,0.3929838627266445,6.256081995829501
CNP0193692.2,CC(/C=C/C(O)=C1/C(=O)CNC1=O)=C\[C@@H](C)[C@H]1O[C@]2(C)O[C@@H](C=C[C@@]23CO3)[C@@H]1C,401.4590000000002,2.305133220699928,0.1870248524808468,6.289635019813159
CNP0474760.1,C=CC(C)(C)[C@H](/C=C(\C)COC(C)=O)OC(C)=O,254.32599999999994,1.7117851383784723,0.5398575819346247,3.688336891560102
CNP0365961.0,CC1=C(C2=CC=CC=C2)C2=CC3=C(C=C2O1)OC(=O)C1=C3CCCC1,330.38300000000015,-0.1529729216624839,0.4392605182581363,2.378872100244081
CNP0462027.0,CCC(C)C1NC(=O)C(NC(=O)NC(CCCCN)C(=O)O)CCCCNC(=O)C(CC2=CC=CC=C2)NC(=O)C(CC(N)=O)N(C)C(=O)C(CCC2=CC=CC=C2)NC1=O,850.031,0.6286847029365902,0.1061999848353499,5.328904201171845
CNP0078323.1,CC(C)(C)C(=O)NC1=NC2=C(C[C@@H]3[C@](C)(CO)[C@H](O)CC[C@@]3(C)[C@@H]2CC(=O)NC2CC2)S1,463.6440000000003,-0.1554233595508312,0.5357767368614947,4.221139144537153
CNP0229620.1,CC(=O)N[C@H]1CC(=O)OCC(O)C2=CC=C3C(=C2Cl)C2=CC=C[C@]2(O[C@@H]2OC(C)(C)[C@@H](N(C)C)[C@@H](O)[C@H]2O)[C@@H]3OC2=C(O)C=C1C=C2Cl,705.5880000000003,1.551116671484004,0.2957888933420244,7.224960866879702
CNP0189596.3,COC1=CC(OC)=C2C(=O)C=C(C3=CC=C(O)C(O)=C3)OC2=C1[C@H]1O[C@H](CO)[C@@H](O)[C@H](O)[C@H]1O,476.4340000000002,1.814324368226124,0.2807678705407886,4.0109428733512384
CNP0527424.2,CCCCCCCCCCCCCCCCCCC(=O)OC[C@@H](COC(=O)CCCCCCCCCCCCC)OC(=O)CCCCCCCCCCC(C)C,793.3119999999996,0.3099870699097326,0.0347065357344585,3.11673852358752
CNP0216149.2,CC[C@H]1OC(=O)C[C@@H](O)[C@H](C)[C@@H](O[C@@H]2O[C@H](C)[C@@H](O[C@H]3C[C@@](C)(O)[C@@H](OC(=O)CC(C)C)[C@H](C)O3)[C@H](N(C)C)[C@H]2O)[C@@H](CC=O)C[C@@H](C)C(=O)/C=C/C(C)=C/[C@@H]1CO[C@@H]1O[C@H](C)[C@@H](O)[C@@H](OC)[C@H]1OC,1000.2300000000001,1.859762125960653,0.1278455938042825,7.011958622349284
CNP0325166.7,CC(C)(O)[C@H](O)CC[C@@H](CO)[C@H]1CC[C@@]2(C)C3=C(C[C@H](O)[C@]12C)[C@@]1(C)C[C@@H](O)[C@H](OC(=O)C[C@@](C)(O)CC(=O)NCC(=O)O)C(C)(C)[C@@H]1CC3,709.918,2.704965340576328,0.1028522881233735,5.696691571632645
CNP0054764.1,C#CCNC(=O)C[C@@H]1C2=C(C[C@@H]3[C@](C)(CO)[C@H](O)CC[C@]31C)SC(NC1=CC(OC)=CC=C1OC)=N2,513.6600000000003,-0.189382095941625,0.4000179047301152,4.276030840763731
CNP0161360.1,CN[C@@H]1CC2=C(C#C[C@]3(CC[C@H](CC4=CC=CC=C4)C3)C[C@]34CC[C@H]5[C@@](O)([C@H](O)[C@@H]6C[C@H]([C@@H](C)C7CCCC7)CC[C@H]7[C@@H](O)[C@]8(CC[C@@H]9C[C@H](C%10=CC=CC=C%10)CC[C@@H]98)C[C@@]5(C=O)[C@@]76O)[C@@]3(O)C[C@@H]3C[C@@H]1[C@@H]1OC(=O)C=C1[C@@H]34)C=CC=C2CO,1140.5559999999998,2.242897213272102,0.0652959818110045,8.589676362675792
CNP0280608.3,CCCCC[C@@]1(O)O[C@H]2[C@H](O)COC23COC(=O)[C@@H]31,272.29699999999997,2.130597280936126,0.5514432531577611,5.201069420635452
CNP0283493.0,COC(=O)CC(C1=C(O)C(=O)C=C(C)O1)C1=CC2=CC=CC3=C2N(CC3)C1=O,381.3840000000002,0.1460033749574964,0.6960164660615907,3.501330142209241
CNP0349623.2,CC1=C(CC2=CC=CC=C2)C(=O)OC2=CC(OCC(=O)N[C@H](CC3=CC=C(Cl)C=C3)C(=O)O)=CC=C12,505.9540000000001,-0.4919572482972749,0.3235261692823412,2.705205429251439
CNP0284093.1,C[C@H]1[C@@H]2C[C@H](O[C@@H]3O[C@H](CO)[C@@H](O)[C@H](O)[C@H]3O)C(C)(C)[C@]23O[C@]12CC[C@@H]1C[C@@]2(C[C@H]3O)C[C@@]1(C)O,498.61300000000045,2.60469219153232,0.317771988647531,7.510682925599548
CNP0289863.1,O=C(OC[C@@H]1OCO[C@H](COC(=O)C2=CC=CC=C2)[C@H]1O)C1=CC=CC=C1,372.37300000000005,0.4285920220663594,0.7733225236492324,3.1684303285288085
CNP0105558.1,C[C@@H]1O[C@@H](O[C@H]2[C@H](O[C@H]3CC[C@@]4(C)[C@@H]([C@@H](O[C@@H]5O[C@H](CO)[C@@H](O)[C@H](O)[C@H]5O)C[C@H]5[C@]6(C)C[C@H](O)[C@H]([C@@]7(C)CC[C@@H](C(C)(C)O)O7)[C@@]6(C)CC[C@]54C)C3(C)C)OC[C@@H](O)[C@@H]2O)[C@H](O)[C@H](O)[C@H]1O,947.1659999999999,2.450750534913927,0.1378774252769846,6.58116207941493
CNP0317426.1,C/C=C(/C)C(=O)O[C@H]1[C@H](O[C@@H]2O[C@H](C)[C@H](OC(=O)CC(C)C)[C@H](O)[C@H]2O)[C@@H](O)[C@H](OC2=C(C(C)C)C=CC(C)=C2O)O[C@@H]1C,624.7240000000002,1.8209179325452711,0.2220179636952074,4.958838138170082
CNP0092501.1,COC1=CC2=C3C4=C1C1=CC=C(O)C=C1[C@@H](C4)C[C@@H]1CC[C@H](SSCC[C@H]1C)[C@H]3[C@@H](O)[C@H](C1=CC(OCCC(C)C)=C(O)C(OC)=C1O)O2,708.9390000000001,2.003985796471161,0.1776234626129575,6.644185068919017
CNP0198685.3,CC(C)[C@H](C)/C=C/[C@@H](CO)[C@@]1(O)CC[C@H]2[C@@H]3CC[C@H]4CC(=O)C=C[C@]4(C)[C@H]3CC[C@@]21C,428.6570000000002,2.5054266635556486,0.5635292224601186,5.005319450208733
CNP0047882.0,CCC1=CC2=C(C=C1OCC1=CC=C(Cl)C=C1)OC(C)=C(C1=CC=C3OCCOC3=C1)C2=O,462.9290000000003,-0.4434257867780938,0.3463629116871312,2.4519348105803065
CNP0330926.1,C[C@@H]1C[C@H](C[C@@H]2CCCCN2)N2[C@H](CC3=C4CCCN(C)[C@H]4C[C@@H](C)C3)CCC[C@H]2C1,427.72100000000034,0.6821245202775065,0.5762468063962066,4.866159070206628
CNP0183557.4,C[C@H]1[C@H]2[C@H](C[C@H]3[C@@H]4CC[C@H]5C[C@@H](O)CC[C@]5(C)[C@H]4CC[C@]23C)O[C@]12CC[C@](C)(O)CO2,432.6450000000004,3.053207337321877,0.5710410258470495,5.38341481140284
CNP0596786.1,COCC(=O)NC[C@H]1C(=O)N2C[C@@H](NC(=O)NC(C)C)C[C@H]2CN1C(C)C,383.4930000000002,-1.2109836339194333,0.550988004505359,3.78606382127421
CNP0505125.1,CN1C(=O)CC[C@]1(C)C(=O)O,157.169,0.5546087832655818,0.5861254057349462,3.1430556050187866
CNP0582190.0,O=C1NCCC2=CC=C(OC3=C(O)C=CC(=C3)CCNC(=O)C(=NO)CC3=CC(=C(OS(=O)(=O)O)C(Br)=C3)OC3=C(Br)C=C(C=C3Br)CC1=NO)C(Br)=C2,1020.298,1.1555514693415505,0.0682220294933803,6.022502310647747
CNP0375820.1,CCCC[C@H](NC(=O)OCC1=CC=CC=C1)C(=O)OC1=CC=C2C(C)=C(CC3=CC=CC=C3)C(=O)OC2=C1C,527.6170000000003,-0.2718417144426666,0.145859104610207,2.935224830292705
CNP0006070.1,O=C(C[C@@H]1C[C@H]2O[C@H](CNC3CCOCC3)[C@@H](O)[C@H]2O1)N1CCS(=O)(=O)CC1,418.5120000000002,0.2689296641618144,0.5656269163268292,4.292476968270785
CNP0320888.1,COC1=CC=C(CN2CCC3=CC(O)=C(OC)C=C3[C@@H]2C)C=C1O,329.3960000000001,0.1969402422575042,0.901575144928196,2.724547585586759
CNP0181252.3,C[C@H]1O[C@@H](O[C@H]2CC[C@@]3(CO)[C@H](CC[C@@H]4[C@@H]3[C@H](O)C[C@]3(C)[C@@H](C5=CC(=O)OC5)CC[C@]43O)C2)[C@H](O)[C@H](O)[C@H]1O,552.6610000000005,3.2488676911654144,0.212299661921463,5.385523724441436
CNP0362939.0,CCOC1=CC=C(N2C(=O)C3CC4=C(NC5=CC=CC=C45)C(C4=CC=C(OC)C(OC)=C4)N3C2=S)C=C1,513.6190000000003,-0.6449308133491649,0.3562749377184751,3.244791976553742
CNP0305316.2,C=C1C2C(=O)[C@]3(C)[C@H](CC(=O)OC)C(C)(C)[C@@H](OC(C)=O)[C@@H](OC(=O)C(C)C)[C@@H]3O[C@@]13[C@H](OC(C)=O)C(=O)O[C@@H](C1=COC=C1)[C@]3(C)[C@H]2O,688.7230000000004,2.786020236606724,0.2498555761668616,6.8863937866454
CNP0010446.4,COC1=CC=CC([C@@H]2N[C@](CCSC)(C(=O)O)[C@H]3C(=O)N(C(C)C)C(=O)[C@H]23)=C1O,422.50300000000016,-0.0711278733852965,0.5680197907088005,3.930008004448021
CNP0067841.0,COC1=CC(CCC2=NCCC3=CC(OC)=C(OCC4=CC=CC=C4)C=C23)=CC=C1OCC1=CC=CC=C1,507.6300000000002,0.1448343045370894,0.2230255193014166,2.434474565787923
CNP0566361.1,CC1=C(CC/C(C)=C/C(=O)O)[C@@]2(C)CCC[C@@](C)(CO)[C@@H]2CC1=O,334.4560000000001,2.8571099646945126,0.7480032603153306,4.151461782367198
CNP0267713.1,C[C@@H]1CC[C@@](O)(C2CC2)C[C@@H]1O,170.25199999999998,3.059816740684349,0.6225939574696941,3.90278183786194
CNP0298567.1,C[C@@](O)(C(=O)O)[C@H](O)COC1=CC=C(CCNC(=O)C2=CC=CC=C2)C=C1,373.40500000000003,-0.0591204378193766,0.5254694684969374,2.8603984683729387
CNP0050805.0,CC(=O)NOC(C)=O,117.10399999999998,-0.0631935356747125,0.4390659913355064,2.649816022622611
CNP0313845.1,COCC(=O)N[C@H]1[C@H](C2=CC=CC=C2)N(CC2=CC=CN=C2)CC[C@@]1(C)O,369.46500000000015,-0.4910660820479184,0.813650157354478,3.512517718062353
CNP0434369.1,C=C(C)[C@@H]1CC=C2C(=O)O[C@@H](C[C@@]3(C)O[C@@H]3C3=CC(C=O)=C(C1)O3)[C@@H]2OC(C)=O,400.4270000000002,2.7418531448808685,0.3326010741033292,6.270751075898579
CNP0545178.1,CCCCCCCCCCCCCCCCCCCCCC(=O)O[C@H](COC(=O)CCCCCCCCCCCCCCCC)COC(=O)CCCCCCCCCCC(C)C,877.4739999999991,0.2799883212087907,0.0344055247285801,3.244204008353845
CNP0348084.1,C=C1[C@H]2C[C@@H]3[C@H]4N5C[C@@]6(C)C[C@@H](OC(=O)C7=CC=CC=C7)[C@@H](O)[C@@]47[C@@H]6[C@@H]5C[C@]3([C@@H]1O)[C@@]7(O)C2,449.5470000000002,2.568086286463385,0.4708731407395936,7.631526167090498
CNP0212200.7,COC1=CC(O)=C2C(=O)C(C3=CC=C(O[C@H]4O[C@@H](CO[C@@H]5OC[C@@](O)(CO)[C@H]5O)[C@H](O)[C@@H](O)[C@@H]4O)C(OC)=C3)=COC2=C1,608.5490000000002,1.947684340167214,0.1518010253723186,4.666885773065904
CNP0144230.1,CN[C@H]1CCC2=CC(OC)=C(OC)C(OC)=C2C2=CC=C(NCCC3=CC=CC=C3)C(=O)C=C21,460.5740000000002,0.4643192367298852,0.5121042062756207,3.0062223076722727
CNP0226843.8,C[C@]12C3=CC=CC=C3[C@H](C3=CC=CC=C31)[C@@H]1C(=O)N(CC3=CC=CC=C3)C(=O)[C@@H]12,379.4590000000001,-0.2408693683528414,0.6243528380958919,3.704580923602049
CNP0031828.3,CC(C)[C@@H]1CC[C@H](C)[C@@H](CO)C1=O,184.27899999999997,2.2818096083095303,0.7109867896451862,3.758090235738946
CNP0328434.0,O=C1C=C(CO)OC=C1O,142.10999999999999,1.5060357253976695,0.5710344964963259,2.7063462897524357
CNP0121979.0,C=C1CCCC(C(=O)O)CC2OC(=O)C(=C)C2C(OC(C)=O)C1OC(C)=O,380.39300000000014,2.2836078122552887,0.3408149066208548,4.719474994827041
CNP0176086.2,CC(C)(CO[P@@](=O)(O)O[P@@](=O)(O)OC[C@H]1O[C@@H](N2C=NC3=C(N)N=CN=C32)[C@@H](O)[C@H]1OP(=O)(O)O)[C@@H](O)C(=O)NCCC(=O)NCCSC(=O)CC1=CC=CC=C1,885.676,0.3967788072269807,0.0498237449107037,5.1344833396813385
CNP0214241.0,O=C(COC1=CC=C2C(=C1)OC(=O)C1=CC=CC=C12)NCCC1=CNC2=CC=CC=C12,412.4450000000001,-0.5774543539324396,0.3239214915357576,2.194538530314148
CNP0305755.1,COC(=O)CC[C@]1(C)[C@H]2CC[C@@H]3[C@@H]([C@]4(C)CC[C@](O)(C(C)(C)O)O4)CC[C@@]3(C)[C@]2(C)CC[C@H]1C(C)(C)O,522.7670000000004,2.5884401520221703,0.3928491428810772,5.106901654195836
CNP0126574.3,COC1=NC(C/C=C(\C)C/C(C)=C/C(C)=C/[C@@H](C)[C@@H](O)[C@]2(C)O[C@@H]2C(C)C)=C(C)C(O)=C1OC,473.6540000000003,1.635254969611112,0.2438014089952828,4.941151867657505
CNP0578684.1,CCCCCC1=CC=CC(C[C@H]2CNC(N)=[NH+][C@@]23CCCC2=C4C[C@H]5C[C@H](CO)[C@@H](CCCO)[C@]4(CC2=O)[C@@]5(C)CCSSC3)=C1,669.0340000000002,2.36533777438464,0.1773743076599945,7.955422459822653
CNP0584392.0,O=C(NC1=CC=CC=C1C(=O)NCCC1=CC=CC=C1)C1=CC=C([N+](=O)[O-])C=C1,389.41100000000006,-1.3934251094048418,0.4736781650131488,1.7564892032635804
CNP0226963.4,CC(C)(C)C1=CC=C(C2=CN(C[C@H]3C[C@H]4CCN3C[C@@H]4C(=O)NCC3=CC=CN=C3)N=N2)C=C1,458.6100000000001,-1.5944164818198674,0.6100854058323796,4.389009648917696
CNP0308182.3,C[C@@H]1O[C@@H](O[C@H]2[C@@H]3C=CO[C@@H](O[C@@H]4O[C@H](CO)[C@@H](O)[C@H](O)[C@H]4O)[C@@H]3[C@@]3(CO)O[C@@H]23)[C@H](O)[C@H](O)[C@H]1O,508.4730000000001,2.7349329639146003,0.1579894318922307,5.400132280851553
CNP0157529.1,CC1(C)OC2=C(C=O)C=C3C(=C2C[C@H]1O)NC1=CC(O)=CC=C13,311.33700000000005,2.002821749390801,0.6034766814560022,3.576345728508577
CNP0491492.1,CCCCCCCCCCCCCC(=O)OC[C@H](COC(=O)CCCCCCCCC(C)CC)OC(=O)CCCCCCCCCCCCCCCC(C)C,779.2849999999994,0.4271462536230915,0.0348369965535486,3.506995795091976
CNP0345502.2,CC[C@]12[C@H]3OC(C(=O)OC)([C@@H]4N(C)C5=CC=CC=C5[C@@]45CCN(C[C@@H]3O)[C@@H]51)[C@@H]2OC(C)=O,442.5120000000003,1.946528443379319,0.6895509345250832,6.15527756196067
CNP0118747.1,COC1=CC=C2C[C@H]3C(=O)OC[C@H]3CC3=CC4=C(C=C3C2=C1OC)OCO4,368.38500000000016,1.51399824679287,0.7596990475063365,3.458487344112584
CNP0143145.0,CCCCCCOCC1=CC=C(CN2CCOCC2)C=C1,291.435,-1.0458819836817903,0.6487062614640149,1.8113565236579772
CNP0519077.3,C[C@@H]1N=C(O)[C@H](CC2=CNC3=CC=CC=C23)N=C1O,257.293,0.0524962388315773,0.7717312571335099,3.65629888595687
CNP0292733.1,CCCCC/C=C\C/C=C\C/C=C\C/C=C\C/C=C\CCC(=O)OC[C@H](CO)OC(=O)CCCCCCC/C=C\CCCCCCCC,669.0439999999999,0.8790045764560733,0.0419547699241934,3.7810353054510575
CNP0392132.1,CC1=COC2=CC3=C(C=C12)C(C)=C(CC(=O)N[C@H](CO)CC1=CC=CC=C1)C(=O)O3,405.4500000000001,-0.2356256673813533,0.4796918777524745,2.961692759766148
CNP0348818.1,CC(=O)[C@@H](O)NCCCCNC(=O)CC(O)(CC(=O)NCCCCN[C@H](O)C(C)=O)C(=O)O,476.52700000000027,0.2162775614730576,0.071249880275017,3.945012433051917
CNP0235018.2,COC1=C(CO)C(OC2O[C@H](COC3OC[C@@H](O)[C@H](O)[C@H]3O)[C@@H](O)[C@H](O)[C@H]2O)=CC2=C1C(=O)C1=CC=CC=C1C2=O,578.5230000000001,1.6971574591505,0.1554268763541018,4.6389275826328005
CNP0495730.1,CCCC/C=C\CCCCCCCC(=O)O[C@H](COC(=O)CC/C=C\C/C=C\C/C=C\C/C=C\C/C=C\CCCCC)COC(=O)CCCCCCCCCCCCCC,837.323999999999,0.6163092609275254,0.0263202047505001,3.834609448840002
CNP0554278.2,CCCCCCCCCCCCCCCCCCCC(=O)OC[C@@H](COC(=O)CCCCCCCCCCCCCCC(C)C)OC(=O)CCCCCCC,779.2849999999996,0.3156231984535459,0.0348101257521691,3.097000355172506
CNP0217873.2,CC(=O)OC[C@@H]1O[C@@H](O[C@H]2CC[C@]3(C)[C@H]4C[C@@H](O[C@@H]5O[C@@H](C)[C@H](O)[C@@H](O)[C@H]5O)[C@@H]5[C@@H]([C@]6(C)CC[C@H](C(C)(C)O)O6)CC[C@@]5(C)[C@]4(C)CC[C@H]3C2(C)C)[C@H](O)[C@H]1O,797.036,2.7309166338489006,0.1544148964396649,5.933136047767021
CNP0582371.4,CC1=CC=C(C(=O)O[C@@H]2C[C@@H](C)CC[C@@H]2C(C)C)C=C1[N+](=O)[O-],319.401,-0.1326793257927043,0.4645585186532496,3.162075443348531
CNP0476613.1,CC(=O)NCCNC(=O)C[C@@H]1CCNC[C@@H]1CC1=NOC(COC2=CC=CC=C2)=C1,414.50600000000014,-1.0645220717916366,0.5108968719391599,3.31576075677974
CNP0441026.1,COC1=CC=C(CNC(=O)CC[C@H]2CNC(=O)[C@@H]3[C@@H](CCN3CC3=CC=CC=N3)N2C)C=C1,451.5710000000002,-1.1242843388284514,0.6335971522127173,3.522236660921048
CNP0268432.7,C=C1C(=O)O[C@@H]2/C=C(/C)C[C@H](O)/C=C(/C)C[C@@H](OC(=O)[C@@]3(CO)O[C@H]3C)[C@@H]12,378.4210000000001,2.968587110548341,0.3288683210122852,5.363062857392505
CNP0283587.2,NC1=NC=NC2=C1N=C(N/N=C/C1=CC=CS1)N2[C@H]1O[C@@H](CO)[C@@H](O)[C@H]1O,391.4130000000001,-0.4281292244304222,0.2854715585524042,3.981069244565016
CNP0182127.1,CC(C)C1=CC=C(O)C2=C1[C@H](O)[C@@](C)(O)CC2,236.31099999999995,1.8380701859423996,0.7005306203819729,3.567403703760088
CNP0558289.0,[C-]1=CC=C2CCCCCCCCCCCC[N+]3=CC=CC(=C3)CCCCCCCCCCCCN1C2,492.8360000000005,0.6999977437412166,0.2583909606999809,5.6888057698443735
CNP0076311.0,CCCCCCCCC#CCCCCCCCCCC,278.52399999999994,0.43293758326216,0.2313439550000594,1.9035747864577264
CNP0295769.9,C=C[C@@](C)(O)CC/C=C(/C)CO[C@H]1O[C@H](CO)[C@@H](O)[C@H](O)[C@H]1O,332.393,2.781369669389531,0.3789294986140804,4.349313099500511
CNP0488007.1,COC1=CC2=C3C(=C1)C1=CC(OC)=C(OC)C=C1C[C@@H]3N(C)CC2,325.4080000000001,0.860895640174229,0.8645757663392543,2.8354523907464806
CNP0327784.2,C=C(C)[C@@H](O)CC[C@]1(C)CC[C@]2(C)[C@H]3CC=C4[C@@H](CC[C@H](O)C4(C)C)[C@]3(C)CC[C@@]2(C)C1,442.72800000000035,3.441567340808973,0.4438177202436345,5.107214877111566
CNP0119373.1,COC1=CC(C[C@@H]2CO[C@@H](C3=CC=C(O)C(OC)=C3)[C@@H]2COC(=O)/C=C/C2=CC=C(O)C=C2)=CC=C1O,506.5510000000002,1.2408882556555323,0.2844819707573401,3.688866822722151
CNP0222070.4,CC(=O)[C@H]1CC[C@@]2(O)[C@]1(C)CC[C@@H]1[C@@]3(C)CC[C@H](O)CC3=CC[C@]12O,348.48300000000006,3.186370912950648,0.6368792337624135,4.691819046219786
CNP0367167.1,COC1=CC(C)=C2C(=O)OC3=C(OC2=C1CO)C1=C(C(=O)O[C@H]1O)C(O)=C3C,388.32800000000015,1.957851774114911,0.521828504631883,3.719150089266232
CNP0264741.1,COC(=O)[C@@H](C)[C@@H]1CC[C@](C)(CCC(=O)C(C)(C)CCCC(C)=O)OO1,370.48600000000016,2.405357248905377,0.4298092037981623,4.186024928961242
CNP0285704.1,CN(C[C@@H]1CCCN2CCCC[C@H]12)C(=O)CC[C@@H]1NC(=O)N(CC2=CC=CO2)C1=O,416.52200000000016,-0.9579424891064704,0.6889773040091671,3.646847079764745
CNP0107766.1,CC/C=C/[C@H]1CCC[C@H](O)[C@@H](C)C(=O)C2=C[C@@H]3[C@@H](C=C(C)[C@@H]4C[C@@H](O[C@@H]5O[C@@H](C)[C@H](OC)[C@@H](OC)[C@H]5OC)C[C@@H]34)[C@@H]2CC(=O)O1,630.8190000000002,2.472070916383823,0.3086023588945529,6.293199498977989
CNP0165693.1,CC(=O)OC[C@@H](C)/C=C/C(=O)O[C@H]1CCC2=CC(=O)C(=C(C)C)C[C@@]2(C)[C@@H]1C,388.5040000000002,2.613118266088604,0.5179549957844659,4.508808473743306
CNP0180489.4,CC1=C[C@@H]2[C@@H](CC1)[C@H](C)CC[C@@]2(O)C(C)C,222.37199999999999,2.790714090175726,0.6694749175341462,4.334977783677632
CNP0338755.0,COC1=CC2=C(C(O)=C1CC1OC1(C)C)C(=O)C(C1=CC=C(O)C=C1O)=CO2,384.38400000000007,2.031341057561685,0.5916147550344132,3.415216081169067
CNP0364637.1,CCCCC[C@@H](O)CC(=O)OC,174.23999999999998,1.221155675136017,0.489926499005197,2.404331170788735
CNP0260217.30,C=C/C(C)=C/C[C@@H]1C(=C)CC[C@H]2[C@@]1(C)CCC[C@@]2(C)C(=O)O,302.45799999999997,3.289878165092196,0.5594909562807153,4.287507118079654
CNP0078262.2,COC(=O)[C@]1(O)C[C@@]2(C)C(=CC[C@H]3[C@@H]4CC[C@H]([C@H](C)/C=C/C(C)C(C)C)[C@@]4(C)CC[C@@H]32)C1=O,456.66700000000026,2.838337195823791,0.3253123767682273,4.915241909702356
CNP0257458.4,C[C@@H]1CC[C@@]2(OC1)O[C@H]1C[C@@H]3[C@H]4CC[C@H]5C[C@@H](O)CC[C@]5(C)[C@H]4[C@H](O)C[C@]3(C)[C@H]1[C@@H]2C,432.6450000000002,3.165348052519929,0.5791352566080611,5.4514530202088665
CNP0464000.0,O=C(O)C1=NC2=C(OS(=O)(=O)O)C=CC=C2C(=O)C1,285.23300000000006,0.4643001053141158,0.777699607677086,2.979181975198726
CNP0174630.2,CC1=C([C@H](CO)C[C@@H](C)CO[C@@H]2O[C@H](CO)[C@@H](O)[C@H](O)[C@H]2O)O[C@@H]2C[C@H]3[C@@H]4CC(=O)[C@H]5C[C@@H](O[C@@H]6O[C@H](CO[C@H]7OC[C@H](O)[C@H](O)[C@H]7O)[C@@H](O)[C@H](O)[C@H]6O)CC[C@]5(C)[C@H]4CC[C@]3(C)[C@H]12,917.0520000000001,1.998661116119014,0.0909443231499962,6.502495401117277
CNP0565070.1,CCCCC/C=C\C/C=C\C/C=C\CCCCC(=O)O[C@H](COC(=O)CCCCCCCCC/C=C\CCCCCC)COP(=O)(O)OCC(O)COP(=O)(O)OC[C@@H](COC(=O)CCCCCCCCCCC/C=C\CCCCCCCC)OC(=O)CCCCCCCCCCC/C=C\CCCCCCCC,1566.2060000000008,0.41756270143919,0.01686780309328,6.0025533469477965
CNP0590388.2,CC(C)N1CCC2(CC1)N=C(C1=CC=C3OCOC3=C1)C[C@@H](C1=CC=CC=C1O)N2,407.5140000000001,-0.1482320601369266,0.809205404949393,3.7553215538872537
CNP0246821.1,COC1=CC2=C(C=C1O)O[C@@]1(C)CC[C@H]3C(C)(C)CCC[C@]3(C)[C@H]1[C@@H]2OC,374.5210000000002,2.828457215757973,0.7442820373851993,4.210023743034501
CNP0103684.1,C[C@H]1CCC[C@@H](O)CC(=O)O1,158.19699999999997,2.23624351637766,0.5315603032184922,3.1021159197552226
CNP0199704.2,CC1=C(/C=C/C(C)=C\CC[C@H](C)O)[C@@](C)(CO)CCC1=O,292.41900000000004,2.6835859329402805,0.738294548945846,4.055244753340714
CNP0421336.2,O=CC1=CC=C([C@H](CN2CC23CCCCC3)C2CCCCC2)C=C1,325.49600000000004,0.6883592366119085,0.5487950321442715,3.9147228343153673
CNP0263863.7,CC1=CC(=O)OC[C@@]23[C@@H](C=C(C)[C@@H]4O[C@@H]42)O[C@@H]2C[C@@H](OC(=O)/C=C\C=C[C@@H]([C@H](C)O)OCC1)[C@@]3(C)[C@@]21CO1,528.5980000000003,2.963142465938439,0.3109427096977782,7.533944372560991
CNP0553094.2,CCCCCCCCCCCCCCCCCCCC(=O)O[C@@H](COC(=O)CCCCCCCCCCC)COC(=O)CCCCCCCCCCCC,765.2579999999996,0.2452996958260468,0.0349138871324968,2.910313924054164
CNP0283304.1,CCCCCC[C@@H](C)/C=C(C)/C=C/C(=O)N[C@H]1C[C@]2(O[C@H]1OC)[C@H](O)[C@H](Br)C(=O)[C@H](Br)[C@H]2O,595.3690000000001,1.6282822572520663,0.1546197584999195,5.517617322991463
CNP0411779.1,CNC[C@H](C[C@@H](C1=CNC=N1)[C@@H]1NC(=O)C2(CCCC2)[C@H]1C[C@@H]1[C@@H](O)[C@@H](O[C@@H]2OC[C@@H](O)[C@H](O)[C@H]2O)[C@@](C)(CO)[C@H]2CC[C@]3(C)[C@H](CC=C4[C@@H]5C[C@@](C)(CO)CC[C@]5(C(=O)O)[C@@H](CO)[C@H](CC5=CN=CN5)[C@]43C)[C@@]12C)[C@@H](N)O,1094.4019999999996,1.914310094897805,0.0614026725320456,7.996862328986431
CNP0324753.0,O=C(O)C=CC1=CC=C(C2=CC3=C(OCO3)C(C3C4CC5CC(C4)CC3C5)=C2)C=C1,402.4900000000002,0.3738455977936334,0.6647318013701917,3.793190017762889
CNP0120757.1,COCCCN1CC(=O)N2C(C3=CC=CC(Cl)=C3)C3=C(C[C@H]2C1=O)C1=CC=CC=C1N3,437.92700000000025,-0.7788715497811418,0.6207028872869166,3.243160099506372
CNP0003532.0,CC(C)CC(O)CC(C)C,144.25799999999995,0.7661556375994703,0.6422180957890578,2.2143862897524365
CNP0140669.1,O[C@H]1C2=CC=CC3=CC=C4C5=CC=CC=C5C=C(C4=C23)[C@@H]1O,286.33,0.591323297098982,0.4749473267064725,3.0835400464139813
CNP0428166.1,C/C1=C/CC[C@H](C)[C@@H](C)OC(=O)C[C@@H](O)[C@](C)(O)/C=C/[C@@H]1O,312.406,2.563649123738919,0.4681228291744817,4.991061581157208
CNP0298416.1,CC1=CC(CNC(=O)[C@@H]2CCC[C@@H](NC(=O)C3=CN=CN=C3)CN(C)C(=O)C2)=NO1,414.4660000000002,-1.8834785335424555,0.7411047446299015,3.781989519694729
CNP0303614.2,COC1=CC=C2C=C1C1=CC(=CC=C1O)C[C@@H]1NCCC3=CC4=C(C=C31)OC1=C(O4)C(OC)=CC3=C1[C@H](C2)NCC3,548.6390000000002,1.62363572663462,0.2442812618114533,5.854287131184159
CNP0077058.1,CC1(C)C=CC2=C(O1)C(O)=CC1=C2OC[C@@H]2C3=CC=C4OCOC4=C3O[C@H]12,366.36900000000014,2.8392999566525448,0.7624518582337089,4.117235864822642
CNP0310225.1,C[C@H](CO)[C@H]1[C@@H](O[C@@H]2O[C@H](CO)[C@@H](O)[C@H](O)[C@H]2O)C[C@]2(C(=O)O)[C@H]3CC[C@@H]4[C@@]5(C)CCC[C@](C)(CO[C@@H]6O[C@H](CO[C@@H]7O[C@H](CO)[C@@H](O)[C@H](O)[C@H]7O)[C@@H](O)[C@H](O)[C@H]6O[C@@H]6O[C@@H](CO)[C@H](O)[C@H]6O)[C@@H]5CC[C@@]4(C)[C@]3(C)CC[C@@H]12,1109.2630000000006,1.7188509243428798,0.073467680343261,6.998469122291916
CNP0259904.1,OC1=CC(O)=C(CC(O)C(C2=CC=C(O)C(O)=C2)C2=C(O)C=C3O[C@H](C4=CC=C(O)C(O)=C4)[C@@H](O)CC3=C2O)C(O)=C1,580.5420000000004,1.6529918789521174,0.147855293816883,4.491792373507382
CNP0269723.1,C/C=C(\C)C(=O)O[C@H]1CC[C@]23C[C@]24CC[C@]2(C)[C@@H]([C@H](C)CCCC(C)C)CC[C@@]2(C)[C@@H]4CC[C@H]3C1(C)C,510.84700000000043,2.936123653494212,0.251526535948914,5.48153041078904
CNP0335082.1,C=CC(=C)C[C@@H](O)[C@H]1C(=C)CC[C@H]2C(C)(C)C(=O)CC[C@]12C,302.458,3.3274981507511097,0.6148085052982077,4.657855034278008
CNP0085483.1,CC1CCC2(NC1)O[C@H]1C[C@H]3[C@@H]4CCC5CCCC[C@]5(C)[C@H]4CC[C@]3(C)[C@H]1[C@@H]2C,399.6630000000002,2.768044081354735,0.5089585302789675,5.248321265466676
CNP0529716.1,C[S@+]([O-])CCCCCCCCCCCNC(N)=O,276.44599999999997,-0.2821422175347888,0.424234865567784,3.263990804603581
CNP0581278.0,CC1=CC=C2NC3=C(C[N+](C)(C)CC3)C2=C1.[I-],342.22399999999993,0.0999384229203118,0.4961127325516061,3.133407050067982
CNP0070762.0,C1=CC(C2=CN=C3C=CC=CC3=N2)=CC(C2=CN=C3C=CC=CC3=N2)=C1,334.382,-0.7264854315083499,0.4602696239418077,1.9697354255713293
CNP0237825.2,C=C1C(=O)O[C@H]2[C@H]1[C@H](OC(=O)C(C)C)CC(=C)[C@]1(O)C=C[C@](C)(O)[C@H]21,348.395,2.866163196243909,0.4435951027052179,5.059778592280298
CNP0596765.1,CC/C=C\C/C=C\C/C=C\C/C=C\C/C=C\C/C=C\CCC(=O)OC[C@H](COC(=O)CCCCCCC/C=C\CCCCCCCC)OC(=O)CC/C=C\C/C=C\C/C=C\C/C=C\C/C=C\C/C=C\CC,977.5089999999996,0.5566314322243877,0.0261574612412828,4.574677331065801
CNP0182993.1,CO/C=C(C(=O)OC)\C(C)=C/C=C/C1=CC=C2OC[C@H](OCC=C(C)C)C(C)(C)OC2=C1,442.5520000000003,1.7625791346047786,0.1801294636071676,3.860842086042569
CNP0372338.2,C[C@@]1(CO)[C@H](O)CC[C@@]2(C)[C@H]1C[C@H](O)[C@H]1C[C@@H]3C[C@@]12CC[C@]3(O)CO,354.48700000000014,3.3154153007893283,0.5103723941191858,6.119497311368475
CNP0235136.2,C[C@H]1[C@H](C)CC[C@]2(C(=O)O)CC[C@]3(C)C4=CC[C@H]5C(C)(C)[C@@H](O)CC[C@]5(C)[C@H]4CC[C@@]3(C)[C@H]12,456.7110000000003,3.312248862696794,0.4141086905846976,4.888546042479777
CNP0173137.2,CO[C@H]1[C@@H](O)[C@@]2(C)C3=CC=C4C(=O)CCC4=C3C3=C2C(=COC3=O)[C@@H]1O,354.35800000000006,2.172926258410382,0.8051172383128319,4.606180264698148
CNP0471325.1,NCC1=CN(C[C@H]2C[C@@H]3CC[N@@]2C[C@@H]3C(=O)NCC2=CC=CO2)N=N1,344.419,-1.7905288744401482,0.7842185595070366,4.499662104879661
CNP0586664.1,O=C(C1=CC=CO1)N1C2=NC=NN2C2(CCCCC2)[C@@H]2CCCC[C@@H]21,340.42700000000013,-0.62299025172368,0.7929255998490857,4.207164609888714
CNP0325998.1,C=CC(=C)CC[C@]1(C)[C@H]2C[C@H](OC(=O)CCC)C=C3[C@H](OC(=O)CCC)O[C@H](OC(C)=O)[C@@]32[C@H](O)[C@H](OC(C)=O)[C@@H]1C,590.7100000000003,3.0638548100551706,0.147594666585382,5.899747875750989
CNP0404616.1,COC1=CC=C(C2=NN(C)C(C(=O)NC[C@@H]3CCCN4CCCC[C@H]34)=C2)C=C1OC,412.5340000000003,-0.7709332009162335,0.78966744817104,3.1133011367686354
CNP0200167.2,COC[C@H](CC1=CC=C(OC)C(OC)=C1)[C@H](COC)CC1=CC(OC)=C2OCOC2=C1,432.51300000000026,0.6219933255445881,0.5060758521088599,3.3123791122352166
CNP0430099.1,CC[C@H](C)C(=O)O[C@@H]1C(=O)[C@]2(OC(=O)C(C)C)C3=C(CC[C@]4(C)C3=CC(=O)O[C@H]4C3=COC=C3)[C@]3(C)[C@@H](CC(=O)OC)[C@]1(C)C[C@]23O,652.7370000000002,2.35583801539635,0.3063211267654624,6.379183200658877
CNP0356841.1,CC(C)[C@@H](C)/C=C/[C@@H](C)C1CC[C@H]2C3=C(O)C=C4C[C@@H](O)CC[C@]4(C)C3CC[C@]12C,412.6580000000003,2.707284257108467,0.4786222780420725,4.827486925732979
CNP0355787.1,CC(=O)O[C@H]1CC[C@]2(C)C3CC[C@@]4(C)[C@@H](C[C@H]5CCCC[C@]54C(C)=O)[C@@H]3C[C@H](C)[C@@]2(O)C1,444.65600000000035,2.051215072908369,0.5552205034029037,4.80514689387376
CNP0487893.0,O=S(=O)(O)C1=CC=C2C=C(S(=O)(=O)O)C=CC2=C1,288.302,-0.4490124472731944,0.8069062865734278,2.00241927214576
CNP0424945.1,C/C(=C\CO)[C@H]1OC2=NC=C(C3=CC=CC=C3)C(O)=C2[C@@]1(C)C=O,325.3640000000001,1.145275173612467,0.6670929780292166,4.094327216380274
CNP0595330.0,O=C1C2=CC=CC=C2[N+]2=CC=C3C(=C12)NC1=CC=CC=C13.[Cl-],306.75200000000007,1.1338427854106363,0.4062442023210357,2.8580750055384048
CNP0271454.1,O=C(O)[C@H](C[C@H](O)C(=O)N[C@H]1OCC=C1CO)NC[C@@]1(O)OC[C@@H](O)[C@@H](O)[C@@H]1O,422.3870000000001,1.6473136775100554,0.1594858404437687,5.097417329545573
CNP0324201.0,COC1=CC2=C(C(=O)C3=C(O)C=C(C)C=C3C2=O)C(O)=C1CC=C(C)C,352.38600000000014,1.7918025334531344,0.7023529035836197,2.686612786166957
CNP0567042.1,CCCCCNC(=O)[C@H](CC1=CC=C(OC(C(=O)O)C(=O)O)C=C1)NC(=O)N[C@@H](CC1=CC=CC=C1)C(=O)O,543.5730000000002,-0.2613336682906333,0.1353365824231477,3.164160128694127
CNP0226889.1,COC1=CC2=C(C3=CC=C(N[C@@H](CCSC)C(=O)NC4=C5CSCC5=NN4C)C(=O)C=C3[C@@H](NC(C)=O)CC2)C(OC)=C1OC,653.8270000000001,-0.412035447680309,0.2715252825261356,4.074855314362605
CNP0570442.2,CCOCCCN1C(=O)[C@H]2[C@H](C(=O)NC3=CC=C(C)C(Cl)=C3)[C@H]3C=C[C@@]2(O3)[C@@H]1C(=O)N[C@@H]1CCC[C@H](C)[C@H]1C,558.1190000000003,-0.8559382032086489,0.3517937406640242,5.4529003933466935
CNP0522841.0,COC(=O)C1=COC(OC2OC(CO)C(O)C(O)C2O)C2C(C)(OC(C)=O)CC3OC(C)(C)OC132,504.48500000000035,2.5638858475122497,0.3163741000324175,5.650282782880305
CNP0575486.0,CCCCCCCCCCCC(=O)[O-].CCCCCCCCCCCC(=O)[O-].[Mg+2],422.93300000000033,0.0659025860659069,0.2055344637084211,2.5620323792300432
CNP0524944.1,CCC[C@H](C)CC[C@H](C[C@H]1CC[C@]2(C1)C[C@@]1(C)[C@H](C[C@H]2O)[C@@H](O)C[C@H]2[C@@H]3CC[C@H]4[C@@H](CN5C[C@@H](C)CC[C@H]5[C@@]4(C)O)[C@H]3C[C@@H]21)C1=CC=C2C=C3C=CC=C(CCC4=CC=CC=C4)C3=CC2=C1,892.366,1.978541479357728,0.1313079578627161,6.471185472489951
CNP0550583.1,CC/C=C\C/C=C\C/C=C\CCCCCCCC(=O)O[C@@H](COC(=O)CCCCCCC/C=C\CCCCCC)COC(=O)CCCCCCCCCCCCC/C=C\CCCCCCCC,937.5289999999987,0.5211082020103213,0.0261634322292994,3.867103705052891
CNP0055724.1,C=C1C[C@@H]2C[C@@H](OC(=O)C3=CC=CC=C3)CC[C@]2(C)C2CC[C@]3(C)[C@@H](OC(=O)C4=CC=CC=C4)CC[C@H]3[C@@H]12,512.6900000000004,1.3313666216782023,0.3118809649299577,4.215807670147202
CNP0305192.2,CC(=O)O[C@@H]1O[C@@H](C2=CC(=O)O[C@H]2O)C[C@@H]2[C@@H]1CC[C@H]1[C@@]2(C)CC[C@H]2C(C)(C)CCC[C@]12C,460.6110000000004,3.2990952740559427,0.5995365091159355,4.899734029337258
CNP0180345.1,C=C1C(=O)O[C@]2(C)CC[C@@H]1C[C@H](OC(C)=O)[C@]1(C)CC[C@H](O1)[C@](C)(O)CC[C@H]2O,410.50700000000023,3.1558912770961856,0.5054686670995472,6.283849873924272
CNP0149050.1,C[C@H]1O[C@@H]1C1=CC=C2C=CC=CC2=N1,185.226,0.2348220669208285,0.6380999545627463,2.91302847684244
CNP0295746.2,C[C@H](C(=O)O[C@@H]1O[C@H](C(=O)O)[C@@H](O)[C@H](O)[C@H]1O)C1=CC=CC=C1,326.30100000000004,1.1775865146453344,0.5298581677104788,3.6264432626213656
CNP0090655.1,COC1=CC(CC[C@@H](O)[C@@H](CC2=CC=CC(O)=C2CO)C(=O)CC2(C3=CC(O)=C(O)C(OC)=C3)CCCC2)=CC=C1O,580.6740000000004,1.530391584747402,0.1585099848761506,3.9320877863102552
CNP0585128.1,COC1=C2OCOC2=CC2=C1[C@@H](C[C@@H](O)CC1=CC=CC=C1)[N+](C)(C)CC2,370.4690000000001,1.247610419026944,0.8219868700721249,3.615312234606704
CNP0534351.0,CCCCC1=[O+]C(CCC2=CC=C(O)C(OCC[C+]3C=C(C(C)C)C=N3)=C2)=CC1CO,425.56900000000013,0.5441115588484097,0.3616726402223708,4.713341914381896
CNP0119557.0,COC1=CC(OC2=C(OC)C(=O)C3=C(O)C(C)=C(OC)C(C)=C3O2)=CC=C1O,388.3720000000001,1.586722354929482,0.6821003676463319,2.8520241438529457
CNP0500419.1,CC(=O)N[C@H]1C[C@H]2CN(CC3=NOC(C)=C3)C[C@H](NC(=O)C3CC3)C(=O)N2C1,389.4560000000002,-1.5931878982442285,0.7221348575500797,3.680626112536883
CNP0417112.2,C[C@H]1O[C@@H](OC[C@@H]2O[C@@H](O[C@H]3C(=O)C4=C(O)C=C(O)C=C4O[C@H]3C3=CC=C(O)C(O)=C3)[C@H](O)[C@@H](O)[C@@H]2O)[C@H](O)[C@H](O)[C@H]1O,612.5370000000004,2.2709932604196794,0.1560214935800631,5.008888879350461
CNP0498351.0,O=C1C2=C(N=C(SCCC3=CC=CC=C3)N1C1CCCC1)C1=CC=CC=C1CC21CCCC1,456.6550000000005,-0.8989952672314394,0.3153689329565349,3.048472844731921
CNP0605124.1,CCC=CCC=CCC=CCCCCCCCC(=O)O[C@H](COC(=O)CCCC=CCC=CCC=CCC=CCCCCC)COP(=O)([O-])OCC[N+](C)(C)C,804.1029999999998,0.816991281773063,0.0200638972222962,4.80675159716471
CNP0302100.1,COC(=O)[C@]1(CCC2=COC=C2)[C@H](C)CC[C@H]2C(C)=CC(=O)C[C@@H]21,330.4240000000001,2.3681453256094165,0.7843684175730464,4.405096208386388
CNP0364789.1,C[C@H](C[C@@H](O)[C@@H]1O[C@]1(C)[C@@H]1CCC[C@H]1C1=CC=CC(O)=C1)C1=C2CC[C@H]3[C@@]4(C)C[C@H](C5=CC=CC(O)=C5)C(=O)C(C)(C)[C@@H]4CC[C@]3(CCO)[C@@]2(C)CC1=O,739.0059999999999,2.339956294426348,0.1895406833327819,5.878923483698788
CNP0186774.2,C[C@]12CC[C@H](OC(=O)CCCCCCC(=O)N[C@@H](CCCNC(=N)N)C(=O)O)C[C@H]1CC[C@H]1[C@@H]2[C@H](O)C[C@]2(C)[C@@H](C3=CC(=O)OC3)CC[C@]12O,702.89,2.006642065269016,0.0567838406280441,5.109605312499072
CNP0288111.1,O=C(/C=C/C1=CC=C(O)C(O)=C1)O[C@@H]1[C@H](O[C@@H]2O[C@@H](CO)[C@H](O)[C@@H](O)[C@@H]2O[C@H]2OC[C@@H](O)[C@@H](O)[C@H]2O)[C@@H](O)[C@@H](OCCC2=CC=C(O)C(O)=C2)O[C@@H]1CO,772.7060000000002,1.622380441876611,0.0531938016282276,5.333188959124913
CNP0376410.3,C[C@@H]1C(=O)O[C@H](CCC2=CC=CC=C2)C[C@H]1O,234.29500000000002,1.7765905772672823,0.8128319014909535,3.090611185217736
CNP0052955.3,CC(=O)C12C3=CC=CC=C3C(C3=CC=CC=C31)[C@@H]1C(=O)N(C3=CC=CC=C3C)C(=O)[C@@H]12,407.46900000000016,-0.3344503728695934,0.600345873418332,3.886142807581324
CNP0516177.1,CC[C@H](C)[C@H](NC(=O)[C@@H](NC(=O)[C@H](C)NC(=O)[C@H](CCCNC(=N)N)NC(=O)[C@H](CC(N)=O)NC(=O)[C@H](CC1=CC=CC=C1)NC(=O)[C@H](CO)NC(=O)[C@@H](NC(=O)[C@H](CCCNC(=N)N)NC(=O)[C@H](CCCNC(=N)N)NC(=O)[C@H](CCCNC(=N)N)NC(=O)[C@H](CC(C)C)NC(=O)[C@H](CCC(=O)O)NC(=O)[C@H](CC(N)=O)NC(=O)[C@H](CCC(=O)O)NC(=O)[C@H](CCC(=O)O)NC(=O)[C@H](CC(N)=O)NC(=O)[C@@H](N)CC(N)=O)C(C)C)C(C)C)C(=O)N[C@@H](CC1=CN=CN1)C(=O)N[C@@H](CO)C(=O)N[C@@H](CC(C)C)C(=O)N[C@@H](CC(C)C)C(=O)NCC(N)=O,2723.0599999999963,0.0490998520245562,0.0166096692655777,8.825389206296721
CNP0529679.1,CCCCCCCCCCCCCCCC(=O)O[C@H](COC(=O)CCCCCCCCCCC(C)CC)COC(=O)CCCCCCCCCC(C)C,751.2309999999998,0.4432649801749062,0.0351613183992094,3.471715537342333
CNP0545289.1,COC1=CC2=C(C=C1O)[C@@H](C[C@H](O)[C@H](O)C[C@H](C1=CC=NC(N)=C1)C1=CC=C3C=CC=CC3=C1)C#C[C@@]1(CC[C@H]([C@H]3CC[C@H]4[C@H](CN[C@@H]5CC(=O)CC[C@H]45)C3)C[C@H]1O)C(=O)CC2,840.0739999999996,2.062348316259343,0.0964895058195418,6.910566093670299
CNP0567073.1,C[C@H]1CCO[C@]([C@H]2C[C@@H]3CCC4=C5[C@@H]6[C@](CCC7=CC=CC=C7)(CC[C@H]7C[C@H](O)C[C@@H](C4=O)[C@]76C)C[C@@]2(C)[C@]53O)([C@H]2O[C@@H]2[C@](C)(O)C(C)(C)CCC2=CC=NC(N)=C2)C1,807.1289999999999,2.3417688109012698,0.1765190154461053,6.371071501969277
CNP0443519.4,COC(=O)[C@@H](C1=CC=CC=C1)[C@@H]1CCCCN1,233.31099999999995,0.1818353673836881,0.8123400616112664,2.8837478167899158
CNP0521583.1,C[C@H]1O[C@@H](O[C@@H]2CC[C@@]34CO[C@@]5(CC[C@@H]3C2)[C@@H]4CC[C@]2(C)[C@H](C3=CC(=O)OC3)CC[C@@H]25)[C@H](O)[C@H](O)[C@@H]1O,518.6470000000003,3.2801054489347075,0.3857349838601623,6.442480791254829
CNP0490955.2,N[C@@H](CO)C(=O)NNCC1=CC=C(O)C(O)=C1O,257.246,0.539041426140278,0.244007554975595,3.126442535372812
CNP0394006.1,CC(CCC1=CC=CC=C1)NC(=O)CC[C@@H]1NC(=O)N(CCC2=CNC3=CC=CC=C23)C1=O,446.5510000000002,-0.6903272299943978,0.4158602985794011,3.109783349503888
CNP0546537.2,CCCC[C@@H](CC)C(=O)NCCC1=CC=CC=C1,247.38199999999998,-0.4284830661452887,0.7474019240901154,2.1698261892189645
CNP0120592.1,CC(=O)N1C[C@@H]2CN(C(=O)COC3=CC=CC=C3)CCN2C(C)(C)C1,345.4430000000002,-0.9402234330820718,0.8265669800669029,2.956010351052045
CNP0224940.0,CC1=CC=C2C(=C1)C(C)(C)C1(C=CC3=CC=C(N(C)C)C=C3)NC(=O)CCN21,375.51600000000013,-0.3186708822219927,0.8777152029746826,3.2303094321500696
CNP0076836.0,CCCCCCCC1CCCCC1,182.35099999999994,0.4731165255027999,0.5110182727284805,1.6673324625594326
CNP0558271.1,CC1=NC=C(CN2C[C@@H]3C[C@H](NS(C)(=O)=O)CN3C(=O)[C@@H]2CNC(=O)C2CC2)C=N1,436.53800000000024,-1.1632808355859665,0.5625092301809933,3.890565438710365
CNP0255530.1,C=C1C[C@@]23CC[C@@H]4[C@](C)(C(=O)OC)[C@H](OC(=O)/C(C)=C\C)CC[C@@]4(C)[C@]2(O)CC[C@@H]1C3,430.5850000000003,3.185481985661336,0.3980149103266122,6.161666296012551
CNP0231910.7,CO[C@@H]1[C@@H](O)[C@H](O[C@H]2CC[C@@]3(C)[C@H](CC[C@@H]4[C@@H]3CC[C@]3(C)[C@@H](C5=CC(=O)OC5)[C@H](OC(C)=O)C[C@]43O)C2)O[C@H](C)[C@@H]1O[C@@H]1O[C@H](CO)[C@@H](O)[C@H](O)[C@H]1O,754.8670000000005,2.787568589197816,0.1466494123549094,5.783463531714352
CNP0185847.4,CC(=O)OC[C@]12CC/C=C(/C)C(=O)C[C@]3(C[C@H]1O2)O[C@@]3(C)COC(C)=O,366.41000000000014,2.5593086876362463,0.5535171088516737,5.570598215854308
CNP0390414.1,CC(C)C[C@@H](C(=O)N1CCC[C@@H]1C(=O)O)N1C(=O)NC2=CC=CC=C2C1=O,373.40900000000005,-0.5755976059966074,0.821522187294981,3.126835017229487
CNP0481809.0,COC(=O)C1(N)CCSCC1,175.253,0.1163377927834909,0.5854651901575475,3.158578797835691
CNP0236164.0,CC(C)=CCCC(C)=CCC(C)(C)C=NO,223.35999999999999,1.66849121257095,0.3043946165999666,3.332651772051629
CNP0520508.1,CCCCC/C=C\C/C=C\CCCCCCCCCCCC(=O)OC[C@H](COC(=O)CCCCCCCCCCCCC)OC(=O)CCCCCCCCCCCCCCC,859.414999999999,0.4927278414762546,0.0262401849612777,3.432528558235978
CNP0290778.1,O=C1C(O[C@@H]2O[C@H](CO)[C@@H](O)[C@H](O)[C@H]2O)=C(C2=CC=C(O)C=C2)OC2=CC(O)=CC(O[C@@H]3O[C@H](CO)[C@@H](O)[C@H](O)[C@H]3O)=C12,610.5210000000005,1.6276020601410304,0.1296477376552961,4.693854709191628
CNP0276031.1,COC(=O)[C@@H]1O[C@H]2C[C@@H]3O[C@H](N4C=NC5=C(N)N=CN=C54)[C@@H](OC)[C@@H]3O[C@]2(O)[C@H](OC(C)=O)[C@H]1O,495.4450000000002,2.1525734196587143,0.3944562005130564,5.005722468816291
CNP0210945.0,CN1C=NC2=NC=NC(N)=C21,149.15699999999998,-0.0442389428027453,0.5695517474821745,2.710889170044128
CNP0552778.1,[C-]#[N+][C@@H]1CC(C)(C)[C@@H]2CC[C@@]3(C)CCC[C@@]12C3,231.38299999999992,2.691999543484417,0.5330961738327227,6.107259350241267
CNP0390833.0,COC1=CC2=NC=CC3=C2N(C1=O)C1=CC=CC(OC)=C31,280.283,0.2456599762313953,0.5657332935223197,2.5141105435090925
CNP0330239.1,CCCCCCCC[C@@H](O)CC(=O)N[C@@H](CC(C)C)C(=O)N[C@H](CCC(=O)O)C(=O)N[C@H]1C(=O)N[C@H]([C@@H](C)CC)C(=O)N[C@@H](CC(C)C)C(=O)N[C@H](CO)C(=O)N[C@@H](CC(C)C)C(=O)N[C@H](CO)C(=O)N[C@H]([C@@H](C)CC)C(=O)O[C@@H]1C,1154.4549999999995,0.9849089737888446,0.0365154961849468,6.587879522372727
CNP0563262.1,CCCCCCCCCCCCCCCCCCC(=O)OC[C@@H](COC(=O)CCCCCCCCCCCCCCC(C)C)OC(=O)CCCCCCCCCCCCCCC(C)C,905.5279999999991,0.271238686171016,0.0343683100406427,3.313827401039401
CNP0002428.1,C[C@H]1[C@H](C)CC[C@]2(C(=O)O)CC[C@]3(C)C(=CC[C@@H]4[C@@]5(C)CC[C@H](O[C@@H]6OC[C@@H](O[C@@H]7O[C@H](CO)[C@@H](O)[C@H](O)[C@H]7O)[C@H](O)[C@H]6O)C(C)(C)C5CC[C@]43C)[C@H]12,750.9670000000003,2.7899749776279843,0.1548248925387889,5.751992983769146
CNP0052034.0,CC1=CC=C(OC(=O)C2=CC=CO2)C(C(=O)C=CC2=CC=CC=C2Cl)=C1,366.80000000000007,-0.9553661313433384,0.2639193345338552,2.218860466594638
CNP0027161.0,COC1=CC=C(C2=CSC(C(C#N)=NNC3=CC(C)=CC=C3C)=N2)C=C1,362.4580000000001,-1.7279851270991884,0.5238892076331118,2.413441963476135
CNP0360838.4,C[C@H](CC(=O)O)[C@H]1CCCO1,158.19699999999995,0.9585057789412452,0.6725141776766572,3.137137458216761
CNP0197024.0,CC(C)CNC1=NC2=C(C(=O)N(C)C(=O)N2C)N1CC1=CC=CC=C1,341.4150000000001,-1.355094441164744,0.764054995872756,2.2760264870127624
CNP0329178.1,CN1C(=O)[C@]23SSS[C@@]1(CO)C(=O)N2[C@H]1NC2=CC=CC=C2[C@@]1(C1=CNC2=CC=CC=C12)[C@@H]3O,512.6380000000001,2.118324690390056,0.3876491945290074,6.035170280638468
CNP0410316.1,COC1=CC2=C(C3=CC=C(N[C@@H](CC(C)C)C(=O)NC4CCS(=O)(=O)C4)C(=O)C=C3[C@@H](NC(C)=O)CC2)C(OC)=C1OC,615.7490000000001,-0.2112198227653371,0.3667473144352955,3.972049336508787
CNP0006864.1,CC(=O)C1=CC=CC(NC(=O)O[C@@H]2CO[C@H]3[C@@H]2OC[C@@H]3NC2=NC=CC(C3=CC=C(N(C)C)C=C3)=N2)=C1,503.5590000000002,-1.0336009088433782,0.4667131802776609,3.8158461233374936
CNP0493814.1,C/C=C(\C(=O)O[C@@H]1CC2=C3O[C@@]1(C)[C@@H](CC1=CC=C(N)[NH+]=C1)CC#C[C@](CO)(C1=CC=CC(O)=C1)[C@H](C1=CC=NC(N)=C1)C3=C1OC(CO)=CC(=O)C1=C2O)C1CCCC1,813.9279999999998,2.0050365109313906,0.0646612270531095,7.182452686316826
CNP0459184.1,CCOC(=O)[C@@H]1C(O)=CC(=O)C[C@@H]1C1=CC=CC=C1,260.289,0.4265726742611317,0.8473100173357525,3.051026123499202
CNP0196095.2,C=C1C(=O)O[C@H]2/C=C(\C)CC/C=C(/C)C[C@@H](OC(=O)C3=COC=C3)[C@@H]12,342.391,2.7323423415889803,0.4619610772686855,4.522235833550103
CNP0157889.2,COC1=CC=C2C(=C1)O[C@H]1C3=CC=C4OC(C)(C)C=CC4=C3OC[C@@H]21,336.3870000000001,2.460434673113149,0.7688060482522743,3.688563358096175
CNP0286698.2,CC(C)CC[C@@]1(CCNCC2=CC=CC=C2)CCOC(C)(C)C1,317.5170000000001,0.0147279280978087,0.6671889147537254,2.959829352768933
CNP0200898.1,O[C@H]1COCCN(CC2=CC=CN=C2)C1,208.26100000000002,-1.3907126459242272,0.757731951796981,2.5446215044085907
CNP0072348.1,COC(=O)C(C)CC(=O)C[C@@H](C)C1=CC(=O)[C@@]2(C)C3=C(C(=O)C[C@]12C)[C@@]1(C)CC[C@H](O)C(C)(C)C1CC3=O,526.6700000000004,2.499156221324965,0.5118498450165682,5.116780102721823
CNP0383513.0,CC(C=O)=CC=CC(C)=CC=CC=O,190.242,2.424463839368735,0.378721058270134,3.479600423748818
CNP0573960.1,N=C1N=C(O)C2=C(N1)N([C@@H]1O[C@H](COP(=O)(O)OP(=O)(O)O[C@H]3O[C@H](C(=O)O)[C@@H](O)[C@H](O)[C@@H]3O)[C@@H](O)[C@H]1O)C=N2,619.3260000000004,1.2256297897167356,0.1182115252688381,5.30422841666167
CNP0302682.3,C=C1[C@@H]2[C@H]3OC(=O)[C@@H](C)[C@@H]3CC[C@@]2(C)[C@H](O)C[C@@H]1O,266.33699999999993,3.564006361571548,0.5115415797887524,4.661334626870828
CNP0240410.0,CCCCCCCC1=C(O)C(=O)C(CC=C(C)C)=CC1=O,290.403,2.286925633466581,0.403793163365051,2.947586130553628
CNP0271649.1,O=C(O)C[C@]1(O[C@@H]2O[C@H](CO)[C@@H](O)[C@H](O)[C@H]2O)CC[C@H](O)CC1,336.3370000000002,2.077097078022625,0.3323647058503831,4.144101802041013
CNP0148198.2,COC(=O)C1=CO[C@@H](O[C@@H]2O[C@H](COC(=O)/C=C/C3=CC(OC)=C(O)C(OC)=C3)[C@@H](O)[C@H](O)[C@H]2O)[C@H]2C(CO)=CC[C@@H]12,594.5660000000001,2.056915967659171,0.1349815640630353,4.774890639713159
CNP0539221.1,CCCCCCCC/C=C\CCCCCCCCCC(=O)O[C@@H](COC(=O)CCCCCCCCCCCCCCCCCCC)COC(=O)CCCCCCCCCCCCCCCCCCCCC,1001.7009999999984,0.3338023383997399,0.0261413714413192,3.517512272255666
CNP0475615.1,O=C(C[C@H]1CCNC[C@@H]1CC1=NOC(C(=O)O)=C1)NC1=CC=CC=C1,343.38300000000004,-1.0937888263391715,0.7424016781060814,3.214474896557713
CNP0320335.1,O=C1[C@@H]2CC3=C(NC4=CC=CC=C34)C(C3=CC=C(Cl)C=C3)N2C(=O)CN1C1CCCCCCC1,476.02000000000044,-0.4622899550152971,0.5226541311181804,3.249312619936953
CNP0214502.2,CCN1C[C@]2(CO)CC[C@H](OC)[C@@]34[C@@H]5C[C@H]6[C@H](OC)[C@@H]5[C@](O)(C[C@@H]6OC)[C@](O)([C@@H](OC)[C@H]23)[C@@H]14,467.60300000000024,3.7480629003166746,0.5120011300893765,7.116659518797409
CNP0101650.2,CCC/C=C/C(=O)CCC1=CC(OC2CCCC2)=C(O)C2=C1C#C[C@@H]1[C@@H](N=C(N)N)CC[C@@H](COC)[C@H]2CC[C@@H](C)CC#C[C@H]1CC1=CC=CC=C1,705.984,2.515075922399591,0.0841124107771225,6.761693112944724
CNP0131723.3,C=C[C@@](O)(CC[C@@H](C)[C@H]1CC[C@H]2[C@@H]3CC=C4C[C@@H](O)CC[C@]4(C)[C@H]3CC[C@]12C)C(C)C,428.7010000000003,2.772268855371697,0.4509462823323286,4.773526690027738
CNP0294124.1,C=C(C)[C@H]1OC2=CC(C(C)=O)=C(O)C=C2[C@@H]1OC(C)=O,276.288,2.0076236832662757,0.5214966433497568,3.605164092927806
CNP0146300.1,CC(=O)O[C@@H]1[C@@H](O)[C@@H](OC(C)=O)[C@H](OC2=CC(O)=C3C(=O)C4=C(O)C=C(C)C=C4C(=O)C3=C2)O[C@H]1C,500.4560000000003,1.7230459986716724,0.444701938294256,4.101901981128522
CNP0133701.3,CC[C@H](C)[C@H](NC(=O)C1(C2=CC=CC=C2)CCN(C(=O)[C@H]2CSCN2)CC1)C(=O)O,433.57400000000024,-0.4677800261212931,0.6068201492021225,3.6433603943571287
CNP0486204.1,CC/C=C\C/C=C\C/C=C\CCCCCCCC(=O)O[C@H](COC(=O)CCCCCCC/C=C\C/C=C\CCCCC)COP(=O)(O)OCC(O)COP(=O)(O)OC[C@@H](COC(=O)CCCCCCCCC/C=C\CCCCCCCC)OC(=O)CCCCCCCCCCC/C=C\CCCCCCCC,1536.1360000000009,0.4712700279252125,0.0168678039144126,6.044191655918001
CNP0224572.1,COC(=O)C1=CO[C@@H](OC(C)=O)[C@@H]2[C@@H](C)[C@@H](OC(C)=O)C[C@H]12,312.31800000000004,2.4107138622366686,0.5705853919814173,4.162931477013914
CNP0259072.1,CC1(C)C[C@@H]2C[C@]2(C)[C@H]2CC[C@@](C)(O)[C@@H]2C1,222.37199999999996,2.8599824238788254,0.6635947696893981,4.267649848867007
CNP0469762.1,O=C(O)CCC(=O)N[C@H]1CCN2C(=O)C3=CC(/C=C/C4=CC=C(O)C=C4)=CC=C3NC(=O)[C@H]12,449.46300000000014,-0.0354173823958242,0.4987419250675453,3.392593055655121
CNP0155050.1,O=C(O)/C=C/C1=CC(=O)[C@@H](O)C1O,184.14700000000002,2.140022325436692,0.4712674329854602,3.981611261068631
CNP0269833.1,C[C@H](CC(=O)C[C@@H](C)[C@H]1C[C@H](O)[C@H]2C3=C(C(=O)C[C@]12C)[C@@]1(C)CC[C@H](O)C(C)(C)[C@@H]1C[C@@H]3O)C(=O)O,504.6640000000003,2.8590413872350804,0.4349423161010778,5.210387467050804
CNP0295070.1,C[C@H](CC[C@H](O)C(C)(C)O)[C@H]1CC[C@@]2(C)C3=C(CC[C@]12C)[C@@]1(C)CCC(=O)C(C)(C)[C@@H]1CC3=O,472.7100000000004,3.262176727173468,0.5120545958250728,4.810367228258016
CNP0157790.4,CCOC(=O)[C@@H](C)OC1=CC=C2C(=O)/C(=C/C3=C(C)C=CS3)OC2=C1,358.4150000000001,-1.1979084162510838,0.5970342748310028,2.983665076326771
CNP0096631.1,CCCCC[C@@H]1C(=O)C[C@@H](C2=CC(OC)=C(O)C=C2CO)[C@@H](CC2=CC=CC=C2)C#C[C@H]2CN[C@H]3CCC[C@@H]4C=CC5=CC(O)=C(O)C=C5[C@]34[C@@H]2[C@H]1O,719.9190000000003,2.4775050289510383,0.0811842957554569,6.604555784693599
CNP0295199.1,COC(=O)/C=C/[C@H](C)[C@H]1CC[C@H]2[C@@H]3CCC4=CC(=O)C=C[C@]4(C)[C@H]3CC[C@]12C,382.54400000000015,2.644469121602381,0.4928330955179638,4.349264686414822
CNP0388769.1,C[C@@H](C(=O)NC1=CC=CC=C1C(N)=O)N1C(=O)NC2=CC=CC=C2C1=O,352.3500000000001,-1.2427868514202614,0.6467550169419176,2.524490252690711
CNP0492976.2,CC(=O)OC[C@@]12[C@@H](OC(C)=O)CC[C@](C)(O)[C@]13OC(C)(C)[C@H]([C@@H](OC(C)=O)[C@@H]2OC(=O)C1=COC=C1)[C@H]3OC(C)=O,580.5830000000003,2.603861172912554,0.3659067294373079,6.080006427999413
CNP0482807.0,CC=C(C)C(=O)OC(C)CC1CCCN1C(=O)CCCCCCCCC,365.5580000000002,0.7767735654226693,0.2639534589600625,3.3036435344601163
CNP0260474.1,CC1=CC=C(S(=O)(=O)N[C@H](CC2=CNC3=CC=CC=C23)C(=O)OC2=CC=C3C(=C2)OC(=O)C2=CC=CC=C23)C=C1,552.6080000000003,-0.5789475265967984,0.1211795820025084,2.95137356686657
CNP0547457.2,CCCCCCCCCCCCCCCCCCCCC(=O)O[C@@H](COC(=O)CCCCCCCCCC(C)C)COC(=O)CCCCCCCCC(C)C,779.2849999999997,0.3156231984535459,0.0348369965535486,3.1252935131553743
CNP0352853.0,COC1=CC(CCC2=CC=CC=C2O)=CC(OC)=C1OC,288.3430000000001,0.4543515018742858,0.8864363200203398,1.854132016781584
CNP0289331.1,C=C[C@]1(C)C=C2[C@H](O)C[C@@H]3[C@](C)(CCC[C@@]3(C)C(=O)OC)[C@H]2CC1,332.4840000000001,3.2934068180943368,0.6067488880990173,4.579039794305617
CNP0340671.2,CO[C@H]1C[C@H](O[C@H]2[C@H](C)O[C@@H](O[C@@H]3C(C)=CC[C@@H]4C[C@H](C[C@]5(CC[C@H](C)[C@@H](C(C)C)O5)O4)OC(=O)[C@@H]4C=C(C)[C@@H](O)[C@@H]5OCC(=C/C=C/[C@@H]3C)[C@]45O)C[C@@H]2OC)O[C@@H](C)[C@@H]1O,861.0790000000003,2.475889716550748,0.2253152679563741,7.931735521175206
CNP0127713.0,O=C(C1=CC=CC(O)=C1)C1=C(O)C=C(O)C=C1OC1OC(CO)C(O)C(O)C1O,408.3590000000001,1.742971611061265,0.3103305052533305,3.7925224463951697
CNP0588827.0,ClP(Cl)C1CCCCC1,185.03399999999993,-0.0038584804787222,0.538894603397239,3.270523391840941
CNP0366670.2,CC1(C)O[C@H]2O[C@H]([C@@H]3COC(C)(C)O3)[C@H](OCC(=O)O)[C@H]2O1,318.322,1.067267294930514,0.8001388912713301,4.167025088487186
CNP0227054.4,CC1(C)CC[C@]2(C(=O)O)CC[C@]3(C)C(=CC[C@@H]4[C@@]5(C)C[C@H](O)[C@H](O[C@@H]6OC(CO)[C@@H](O)[C@H](O[C@@H]7OC(CO[C@@H]8OC(CO)[C@@H](O)[C@H](O)C8O)[C@@H](O)[C@H](O)C7O)C6O)[C@@](C)(C(=O)O)[C@@H]5CC[C@]43C)[C@@H]2C1,989.1150000000004,2.2875224433197,0.0848819885186321,6.478402272798371
CNP0160999.4,CC(=O)O[C@@H]1[C@H](OC(=O)C2=CC=CC=C2)C=C[C@@H](O)[C@@]1(O)COC(=O)C1=CC=CC=C1,426.4210000000002,1.5710329366892548,0.4066940521355579,3.69001760881036
CNP0190130.2,CO[C@H]1C[C@H](O[C@@H]2[C@@H](C)O[C@@H](O[C@H]3[C@@H](OC)C[C@H](O[C@@H]4[C@@H](C)O[C@@H](O[C@H]5CC[C@@]6(C)[C@@H](CC[C@]78OC(C[C@@H]76)[C@@]6(C)C(=O)CC[C@H]6[C@H](C)O8)C5)C[C@H]4OC)O[C@@H]3C)C[C@H]2OC)O[C@H](C)[C@H]1O[C@H]1C[C@@H](OC)[C@H](O)[C@@H](C)O1,1069.3329999999996,1.3884413216676716,0.1840014975054826,6.020864487880999
CNP0492992.4,CC(C)C(=O)NC1=NC2=C(N=CN2[C@@H]2O[C@H](CO)[C@@H](O)[C@@H]2O)C(=O)N1,353.33500000000004,0.501475344649668,0.4353127110551806,3.762893640370408
CNP0168541.2,CN(C[C@@H](O)CO)C(=O)COC1=CC2=C(CCC(C)(C)O2)C2=C1C(C1=CC=CC=C1)=CC(=O)O2,467.5180000000002,0.2533659329912969,0.5143988165554033,3.3143601147593795
CNP0420096.2,COC(=O)[C@@H](CSC)N(C)C(=O)[C@H](CSC)N(C)C(=O)CNC(=O)[C@@H](CSC)NC(=O)C1=NC2=CC=CC=C2C=C1O,639.8220000000002,-0.3193592441626,0.2395231724904755,4.213844504765722
CNP0567659.2,CCCCCCCCCCCCCC(=O)O[C@H](COC(=O)CCCCCCCCCCC)COC(=O)CCCCCCCCCCC(C)CC,709.1499999999997,0.4366779398702206,0.0359193904619194,3.334460872048286
CNP0533474.1,CC(C)C1=NC=C([C@@H]2[C@H](O)[C@@H](C(=O)NCC3=CC=CC=C3)C[C@H]2NCC2=CC=NC=C2)N1,433.5560000000001,-0.3858027117562281,0.4374668405950184,3.870226397229087
CNP0176273.1,C=C(C)[C@H]1CCC(C)=C[C@@H]1C1=C(O[Si](C)(C)C)C=C(CCCCC)C=C1O[Si](C)(C)C,458.8350000000003,1.238862537151432,0.1978787819930885,3.90981098307522
CNP0372808.1,CCCC[C@H]1CC[C@H]2CCC[C@]23C2=CC(=C(O)C(O[C@]4(CNC)CC[C@H](C[C@H](O)OC5CCCC5)C4)=C2)N/C(NC)=N/C#CC[C@@H]2CCC[C@]2(CC2=CC=C(O)C(OC)=C2)C(=O)/C=C/[C@H]13,893.2229999999998,2.1672033468071894,0.0614260859256944,7.904632215687987
CNP0444306.0,CCN(CC)CC1=C(O)C=CC2=C1OC(=CC1=CC(Cl)=CC3=C1OCOC3)C2=O,415.8730000000002,-0.8662476689766827,0.7311703042841997,2.962592876493084
CNP0575438.1,CC(=O)NC1=CNC(C(=O)O[C@H](C)CCCCCC(=O)O)=C1,310.34999999999997,0.1221701321041408,0.4795650915973117,2.932608735798423
CNP0286287.10,CC1(C)[C@H](O)CC[C@@]2(C)[C@@H]1C(=O)C=C1C[C@]3(C)CC[C@H]4[C@](C)(CC[C@@H](O)[C@]4(C)CO)[C@H]3CC[C@@H]12,472.7100000000003,2.892097358299329,0.4844497968373138,5.041986348795944
CNP0412764.1,COC1=NN2C(CCCC(=O)N3C[C@@H]4C[C@@H](C3)[C@H]3CCCC(=O)N3C4)=NN=C2C=C1,412.49400000000026,-1.2145124938129868,0.7353162076123795,4.462192362809438
CNP0145120.4,COC(=O)[C@@]12C(=O)C(C)=C(OC)[C@]1(C)C(C)=C[C@@H]1[C@]34CC[C@H](OC(C)=O)C(C)(C)[C@H]3[C@H](C[C@@]12C)OC4=O,514.6150000000004,2.361835944538058,0.2415457334600826,6.046084134554119
CNP0255157.12,CCN1C[C@@]2(COC(=O)C3=CC=CC=C3N)CC[C@H](OC)[C@@]34[C@@H]5C[C@@H]6[C@@H](OC)[C@@H]5[C@@](O)(C[C@H]6OC)[C@@](O)([C@H](OC)[C@@H]23)[C@@H]14,586.7260000000003,2.915401397944493,0.3055403740456384,7.032549695693646
CNP0606370.1,CCCCCCCC/C=C\C/C=C\C/C=C\CCCC(=O)OC[C@H](COC(=O)CCCCCCC/C=C\CCCCCCCC)OC(=O)CCC/C=C\C/C=C\C/C=C\CCCCCCCC,933.4969999999993,0.4695727449797242,0.0261681643435616,3.97311721500677
CNP0118406.1,CN(C)C1=CC=C(C2=NN=NN2[C@H]2CO[C@H]3[C@@H]2OC[C@@H]3NC(=O)COC2=CC=CC=C2)C=C1,450.4990000000002,-1.7229176820669938,0.5747748768402317,3.723218262940299
CNP0305737.1,COC(=O)C1=CC2=CC3=C(O[C@@]4(OC5=C(O)C6=C(C(=O)C=C(OC)C6=O)C(O)=C5[C@H]4O[C@@H]4C[C@H](OC)[C@H](O)[C@H](C)O4)[C@H](O)C3)C(O)=C2C(=O)O1,698.5860000000004,1.9589489079485032,0.1858273517406883,5.846406051201669
CNP0209510.1,CC(C)C[C@@H]1C[C@@]2(CC[C@@H]3C[C@H]2C3(C)C)OC2=C(C=O)C(O)=C(C=O)C(O)=C21,386.4880000000001,2.497323572125389,0.724237489227637,5.679124828525516
CNP0261715.19,C=C1[C@@H]2CC[C@@H]3[C@]4(C)CCC[C@@](C)(C(=O)O)[C@@H]4CC[C@@]3(C2)[C@@H]1OC(=O)/C(C)=C\C,400.5590000000002,3.3214880289605286,0.3843602358225432,5.799273723418095
CNP0078397.1,COC1=CC(C(=O)O[C@H]2[C@H](O[C@@H]3[C@@H](OC(C)=O)[C@H](O[C@H]4C[C@H]5[C@@H]6CC=C7C[C@@H](O[C@@H]8O[C@H](CO[C@@H]9O[C@H](CO[C@@H]%10O[C@H](CO)[C@@H](O)[C@H](O)[C@H]%10O)[C@@H](O)[C@H](O)[C@H]9O)[C@@H](O)[C@H](O)[C@H]8O)CC[C@]7(C)[C@H]6CC[C@]5(C)[C@@]4(O)[C@H](C)C(=O)CCC(C)C)OC[C@@H]3O)OC[C@@H](O)[C@@H]2O)=CC(OC)=C1OC,1419.5210000000004,1.5350431947859304,0.037619093216475,7.635059646161593
CNP0165651.2,NC1=C2C(=NC3=CC=CC=C13)CCC[C@@H]2O,214.26799999999994,0.2044995783925813,0.7063208414516735,2.773968603123878
CNP0286772.4,CC1=CN=C(C(=O)[C@@H](O)CO[C@H]2O[C@H](C)[C@H](O)[C@H](O)[C@H]2O)C2=C1C1=CC=CC=C1N2,416.43000000000006,1.029857884931741,0.3762275106252862,4.287605702600379
CNP0270063.1,CCCC[C@H]1C(=O)O[C@@H](C)[C@@H](O)/C=C/C=C/C=C/C=C/C=C(/C)[C@H](O)C[C@H](O)C[C@H](O)C[C@H](O)C[C@H](O)C[C@@H](O)C[C@H]1O,610.7850000000003,1.4121033541176096,0.2199814545549093,5.694765582738606
CNP0179188.1,COC1=CC(O)=C2C(=O)[C@@H](C3=CC=C(O)C=C3OC)COC2=C1,316.3090000000001,1.5683109668643258,0.904629242436632,2.945434911200886
CNP0305152.0,COC1=CC(O)=C(CC2=C(O)C=C(OC)C(OC)=C2OC)C(OC)=C1OC,380.3930000000002,0.5945740667663851,0.7217653622866743,2.495745293317217
CNP0259022.5,C=C(C)[C@H]1CC[C@H](C)[C@@H]2CCC(C)=C[C@@H]21,204.35699999999997,2.87536600054114,0.5483417415124203,4.105849935314201
CNP0382892.5,C=C1CCC[C@]2(C)C[C@@H]3OC(=O)[C@@H](CN4CCCCC4)[C@@H]3C[C@@H]12,317.47300000000007,1.3677083441802649,0.5731480175437068,4.056947098679857
CNP0272708.1,COC(=O)C1=CC=C(C2C3=C(C[C@@H]4C(=O)N(CCC5=CC=CC=C5)C(=O)N24)C2=CC=CC=C2N3)C=C1,479.53600000000006,-0.4250099708721473,0.3381336826557587,3.148540829015971
CNP0548486.2,CCCCCCCCCCCCCCCCCCCCCC(=O)OC[C@H](COC(=O)CCCCCCCCCCCCCCCC(C)C)OC(=O)CCCCCCCCCCCCCCCC(C)C,975.6629999999988,0.2515837089122467,0.0343213555066549,3.4319542329911483
CNP0230774.5,O=C(O)[C@@H]1O[C@@H](OC2=C(C3=CC=C(O)C(O)=C3)OC3=CC(O)=CC(O)=C3C2=O)[C@@H](O)[C@H](O)[C@H]1O,478.3620000000002,1.9589317607245005,0.2225800650908491,4.073309245128129
CNP0249170.0,CCC(O)C(O)CC=CCC=CCCCCCCCC(=O)OCC(O)CO,386.5290000000001,1.7175755491308342,0.173890686854786,3.743408411369047
CNP0393762.2,CC(=O)N[C@H]1[C@H](OC2=CC=CC=C2)O[C@@H]2CO[C@@H](C3=CC=CC=C3)O[C@H]2[C@@H]1O,385.41600000000005,0.5781679259330789,0.8343763460550541,3.677184318015737
CNP0434493.1,CC1=CCC[C@@H]2[C@@](C)(CC3=CC4=C(C=C3O)N=CS4)[C@H](C)CC[C@@]12C,355.5470000000002,1.9417124013719085,0.6372903828994069,4.297445527894646
CNP0526972.1,CCCN1CC[C@H]2CC(=O)NC3=CC=C(C4=CN(C)N=C4)C=C3OCC[C@H]2C1,382.5080000000002,-1.1050847596182147,0.882006406680785,3.784352011005828
CNP0086597.1,C[C@@H]1O[C@@H]2OC(=O)[C@]3(C)C[C@@H]4[C@@]5(C)C(=C1O[C@H]5C=C1C(=CC(=O)OC1(C)C)[C@@]41CO1)C23,426.46500000000026,2.4572910590432318,0.434813325549189,6.318253507048604
CNP0517635.0,CC(C)N1C(=O)C2=CC=CC=C2C(C(=O)N(C)C)C12CCN(S(C)(=O)=O)CC2,407.53600000000023,-0.8926953437866535,0.7610877571915943,3.817306609578303
CNP0103767.1,CC(C)(O)/C=C/C[C@](C)(O[C@@H]1O[C@H](CO[C@@H]2OC[C@@H](O)[C@H](O)[C@H]2O)[C@@H](O)[C@H](O)[C@H]1O)[C@H]1CC[C@]2(C)[C@@H]1[C@H](O)C[C@H]1[C@@]3(C)C[C@@H](O)[C@H](O[C@@H]4O[C@H](CO)[C@@H](O[C@@H]5O[C@H](CO)[C@@H](O)[C@H](O)[C@H]5O)[C@H](O)[C@H]4O)C(C)(C)[C@H]3CC[C@]12C,1111.2790000000002,2.118816448562341,0.055591461503056,7.052699333262119
CNP0210398.31,C[C@H]1CC[C@H]2[C@@H]1[C@H]1[C@H](CC[C@@]2(C)O)C1(C)C,222.37199999999996,3.1250013668576373,0.6651960715226423,4.217665618409217
CNP0392714.3,CC[C@@H](C)[C@H](NC(=O)N1CCC2=CC(OC)=C(OC)C=C2[C@H]1C1=CC=CC=C1)C(=O)NC1CC1,465.59400000000016,-0.5896462486701205,0.6163836487094082,3.253125857743515
CNP0138222.1,C[C@@H]1C[C@@H]2[C@H]3C[C@@H]4CN([C@H]3C1)[C@H]2C1=C4CCC(=O)N1,258.36499999999995,1.0313045449125264,0.7195187426945729,6.182511915555051
CNP0401090.2,COC(=O)C[C@@H](C1=CC=C(OC)C=C1)C1=C(O)C(=O)C=C(CSC2=CC=CC=C2)O1,426.4900000000001,-0.2123456446880965,0.4234739225477141,2.9899975561462373
CNP0009461.0,COC1=CC(OC)=CC(C(=O)N2CCCC3=CC=CC(OC)=C32)=C1,327.38000000000005,-0.8649926629244415,0.8643161548474245,2.1196359714108333
CNP0170319.1,C/C=C(\C)C(=O)O[C@H]1[C@H](OC(C)=O)[C@]2(CO)[C@H](O)C[C@]3(C)C(=CC[C@@H]4[C@@]5(C)CC[C@H](O[C@@H]6O[C@H](C(=O)O)[C@@H](O[C@@H]7O[C@H](CO)[C@@H](O)[C@H](O)[C@H]7O)[C@H](O)[C@H]6O[C@@H]6O[C@H](CO)[C@@H](O)[C@H](O)[C@H]6O)[C@](C)(CO)[C@@H]5CC[C@]43C)[C@@H]2CC1(C)C,1131.2690000000005,2.487841084597155,0.0415104280581233,6.987740948468749
CNP0385992.0,COC1=CC=C(S(=O)(=O)OC2=CC=C3C(=O)C(=CC4=CC(OC)=C(OC)C(OC)=C4)OC3=C2)C=C1,498.5090000000003,-0.2258943497845314,0.3350233554595743,2.461387846148826
CNP0060497.1,O=C(N[C@H]1CCN2C(=O)C3=CC(C4=CSC=C4)=CC=C3NC(=O)[C@@H]2C1)C1=CC=CN=C1,432.50500000000017,-1.2735324718429868,0.6651380381463669,3.287011594752699
CNP0290312.0,COC(=O)C1=CC=C(COC2=CC=C3C=C(C4=CC=C(OC)C=C4OC)C(=O)OC3=C2)C=C1,446.45500000000027,-0.1175775483492091,0.2965629961935732,2.1789461190478754
CNP0367162.1,C=C[C@@H](/C=C\C1=CC=C(O)C=C1)C1=CC=C(OC)C(O)=C1,282.339,1.377233183613781,0.8120298007269994,2.9878449964362748
CNP0347072.0,CC(C)CC(NC(=O)C(N)C(C)O)C(=O)NC(CCCCN)C(=O)O,360.4550000000002,0.591032762175352,0.2406263131576251,3.307266745138941
CNP0146424.3,OC1=CC(O)=CC([C@@H]2OC3=CC(O)=CC(O)=C3C[C@@H]2O)=C1,290.27099999999996,2.158229544567805,0.5447507484802228,3.454727426701835
CNP0293372.1,CC(=O)CCC[C@H](C)[C@@H]1C=C[C@@](C)(O[C@H]2O[C@H](CO)[C@@H](O)[C@H](O)[C@H]2NC(C)=O)CC1,427.5380000000001,2.182232357112687,0.4056227725070105,4.798939729568708
CNP0541598.1,CCCCC/C=C\C/C=C\CCCCCCCC(=O)OC[C@@H](COC(=O)CCCCCCCCCCC/C=C\CCCCCCCC)OC(=O)CCCCCCCCCCCCCCCCCCCCC,997.6689999999985,0.4233295539443877,0.0261422717132236,3.7276800148538394
CNP0435398.1,C/C=C(\C)C(=O)O[C@@H]1[C@@H]2C=C3[C@@H]4CC(=O)O[C@@H](C5=COC=C5)[C@]4(C)CC[C@@H]3[C@]3(C)[C@@H]([C@@H](O)C(=O)OC)[C@]1(C)CO[C@]23O,584.6620000000003,2.908288012920523,0.2280574294770304,6.740926005158609
CNP0514903.1,CC/C=C\C/C=C\C/C=C\C/C=C\C/C=C\CCCCCC(=O)O[C@H](COC(=O)CCCCCCC/C=C\CCCC)COP(=O)([O-])OCC[N+](C)(C)C,778.0650000000002,0.8476454914072135,0.0203229039986026,4.696559040885778
CNP0157432.1,C[C@@H]1O[C@@H](C2=C3OC(C4=CC=C(O)C(O)=C4)=CC(=O)C3=C(O)C=C2O[C@@H]2O[C@@H](C)[C@H](O)[C@H](O)[C@H]2O)[C@H](O)[C@@H](O)[C@H]1O,578.5230000000004,1.8470591434238832,0.1744801377964195,4.8282878884050255
CNP0482789.1,CC1(C)CC(NC(=O)[C@@H]2CC3=C(NC4=CC=CC=C34)C3C4=CC=CC=C4C(=O)N32)CC(C)(C)N1,456.5900000000002,-0.5110006399729942,0.5442275025870411,3.5121153297271643
CNP0500255.1,COC1=CC=CC(NC(=O)[C@@H]2[C@@H]3C=C[C@]4(O3)[C@@H]2C(=O)N(C[C@H]2CCCO2)[C@H]4C(=O)NC2CCCCC2)=C1,509.60300000000046,-0.6191342741443676,0.5471609055403798,5.148609549440945
CNP0080572.2,C=C1[C@H]2CC[C@@]3(C)[C@H](C4=COC=C4)OC(=O)C[C@@]13O[C@@H]1CC(=O)C[C@@H](CC(=O)OC)[C@@]21C,442.5080000000003,2.7047455390908737,0.5173151989936627,6.150509592245281
CNP0111271.1,O=C[C@@]12C[C@@]3(CC[C@H]4C[C@H](C5=CC=CC=C5)CC[C@H]43)[C@H](O)[C@H]3C[C@H]4C=CC[C@H](C5CCCC5)[C@@H]4C[C@@H]([C@H](O)[C@]4(O)[C@@H]1CC[C@@]15CCC#CC6=CC=CC=C6C[C@@H](NCO)[C@H]6C[C@H](C[C@@]14O)[C@@H]5C1=CC(=O)O[C@H]16)[C@]32O,1006.3339999999998,2.6184480244803985,0.0516802968938451,8.346192639484057
CNP0339771.1,CC[C@]1(O)CC2CN(CCC3=C(NC4=CC=CC=C34)[C@@](C(=O)OC)(C3=CC4=C(C=C3OC)N(C)[C@H]3[C@@](O)(C(=O)OC)[C@H](C(=O)OC)[C@]5(CC)C=CCN6CC[C@]43[C@@H]65)C2)C1,810.9889999999998,1.4299924847028231,0.1806361260297861,7.215203087652104
CNP0436100.0,CC1=CC2=CC3=C(C(=O)C4=C(C=C(O)C(Cl)=C4O)C3(C)C)C(O)=C2C(C2=C(C)C=C(O)C=C2O)=N1,491.92700000000025,1.1972736531204202,0.234994788901405,3.371933048059377
CNP0587910.1,CC/C=C\C/C=C\C/C=C\C/C=C\C/C=C\C/C=C\CCC(=O)OC[C@@H](COCCCCCCCCCCCCCCCCCC)OC(=O)CCC/C=C\C/C=C\C/C=C\C/C=C\C/C=C\CC,939.5039999999996,0.5415965845446004,0.0345476162668836,4.46416759063722
CNP0204785.1,CC(C)(O)CC[C@@H](O)[C@](C)(O)[C@H]1CC[C@@]2(O)C3=CC(=O)[C@@H]4C[C@H]5OC(C)(C)O[C@H]5C[C@]4(C)[C@H]3CC[C@]12C,520.7070000000004,3.3011947611807084,0.4372123149405167,5.265809193999617
CNP0437230.1,CC(=O)O[C@H]1C[C@H](O)C(C)(C)[C@H]2C(=O)C[C@]34C[C@H]5C[C@H](O[C@]5(CO)[C@H]3OC(C)=O)[C@H]4[C@]12C,450.52800000000025,3.173710386266544,0.6194045740009083,6.829618698232191
CNP0368527.0,CN1C(=O)NC(=O)C2=C1N=CN2CC(O)CO,240.21899999999997,-0.8781649285379469,0.5619565944892306,3.071487044064262
CNP0086866.1,CCCCCC[C@H](O)CC(=O)O[C@@H](CCCCCC)CC(=O)OC[C@H](O)CO,404.54400000000015,1.3792283808303043,0.2377024132333756,3.448625874313569
CNP0315366.1,CCC=CCC=CCC=CCC=CCC=CCC=CCCC(=O)O[C@@H](CO)COC(=O)CCCC=CCC=CCC=CCCCCCCCC,691.05,0.9528713401716108,0.0421433796423558,4.156644945117936
CNP0354378.1,CCO[C@H]1CO[C@@H]2OC3=CC(OC)=C4C5=C(C(=O)CC5)C(=O)OC4=C3[C@@H]21,358.3460000000002,1.4646617589158266,0.7775500460613615,4.186931057497803
CNP0505776.2,CCCCCCCCCCCCCCCCCCCCC(=O)OC[C@@H](COC(=O)CCCCCCCCCCCCCCCCC(C)CC)OC(=O)CCCCCCCCCCCCCCCCCCC,1003.7169999999985,0.3075196759649441,0.0343129559831586,3.775189970396437
CNP0321993.3,COC1=CC(=O)O[C@H](/C=C\C2=CC=C3OCOC3=C2)C1,274.272,1.82128706858519,0.7913783413718792,3.281136107690108
CNP0594702.2,CCOC(=O)[C@@H]1CCCN(C(=O)CCC(=O)O[C@@H]2O[C@@H]3O[C@]4(C)CC[C@@H]5[C@H](C)CC[C@H]([C@H]2C)[C@@]35OO4)C1,523.6230000000003,1.5897154624605272,0.3824313098562372,5.772415835683441
CNP0325630.0,COC1=CC=CC(C=C2OC3=CC(OC(=O)C4=CC=C(C(C)(C)C)C=C4)=CC=C3C2=O)=C1OC,458.5100000000002,-0.5220187156780293,0.2718918053902901,2.4151551814918424
CNP0092924.1,CC1=CC(O)=C2C(=O)C3=C(C(=O)C2=C1)C1=CC=NC2=C1C=C3O[C@@H]1O[C@@]3(C4=C(C[C@](O)(CC4)CN2)NN[C@H]3O)[C@@H](O)[C@H](O)[C@H]1O,618.5990000000005,2.2854821085853194,0.1224040038336322,7.695192210347391
CNP0388664.1,COC1=CC=C(/C=C2\OC3=CC(OCC(=O)N[C@H](CC4=CNC5=CC=CC=C45)C(=O)O)=CC=C3C2=O)C=C1,512.5180000000003,-0.3373323583754954,0.2895839926440668,2.923023229761016
CNP0366286.1,CC(=O)N1CCN2C(=O)[C@@H]1CCCC(=O)C1=CC(C)=CC=C12,300.358,-0.4631984502661587,0.7353468923610927,4.2313354764849045
CNP0348020.1,COC(=O)CC1CCN(C(=O)[C@@H](NC2=CC=C3C(=CC2=O)[C@@H](NC(C)=O)CCC2=CC(OC)=C(OC)C(OC)=C23)C(C)C)CC1,623.7470000000002,0.0531581725644022,0.3755706230237951,3.758123056298088
CNP0127971.0,CC(=O)OCC(O)C(CC(=O)O)OC1OC(COC(=O)C=CC2=CC=C(O)C=C2)C(O)C(O)C1O,500.45300000000015,1.6405941004612408,0.1517275318014664,4.28237679781461
CNP0506048.2,CCOC1=CC=CC([C@H]2CC(C3=CC=C(C)C(C)=C3)=NC3(CCN(C)CC3)N2)=C1O,407.55800000000016,-0.3827787864590034,0.7909967013896884,3.687719088604058
CNP0125497.0,CCCCCCCCCCCC1=CC(O)=CC(O)=C1,264.409,0.6891460266941106,0.5721686865799774,1.982672020447593
CNP0301772.2,C=C[C@H](CO[C@@H]1O[C@H](CO)[C@@H](O)[C@H](O)[C@H]1O)[C@@H]1CCOC(=O)[C@H]1CO,362.3750000000002,2.5451004408229694,0.2509036797463908,4.754857154223853
CNP0449119.0,CCCC1=CC2=C(C=C1O)OC(CCCC(=O)O)=C(C1=NC3=CC=CC=C3S1)C2=O,423.49000000000007,-0.2414974873397999,0.4270624299602339,2.640901001063982
CNP0313779.0,NC(=O)CC(NC(=O)C1CCC(=O)N1)C(=O)NC(CC1=CNC2=CC=CC=C12)C(=O)O,429.43300000000016,0.0775204009089861,0.294387044723834,3.323248664761329
CNP0092627.1,CN[C@@H]1C(O)=CCOC2=CC3=C(C(=O)C4=C(C=C(OC)C(O)=C4C(O)O)C3=O)C(O)=C21,429.38100000000014,1.8410549738588875,0.3302105081068309,3.9857490822140633
CNP0532149.0,CCCCCCCCCCCC[P+](C)(C)CC(P(=O)(O)O)P(=O)(O)O,419.39599999999996,0.242636056693256,0.2224597691607291,3.297029557854964
CNP0060564.1,CC(=O)[C@]1(O)CC[C@@]2(C)[C@@H](CC[C@H]3[C@H]2CC[C@@]2(C)[C@@H]3CC[C@@H]2O)C1,334.50000000000006,2.272683786875679,0.7683828059012026,4.332511243633279
CNP0271206.3,COC1=CC=C([C@H]2OC[C@H](C(=O)C3=CC(OC)=C(OC)C(OC)=C3)[C@H]2CO)C=C1OC,432.4690000000002,1.0337387769625483,0.6049762098507381,3.422480507337358
CNP0235761.2,C1=C2C3=C(O[C@@H](C4=CC=CC=C4)[C@H]2CCC1)/C(=C/C1=CC=CC=C1)CCC3,354.4930000000001,0.6204077719840447,0.5636052115563271,3.5075417162361866
CNP0602729.3,C=CCN1C(=O)[C@@]2(C3=CC=CC=C31)C1=C(OC3=CC=C(C)C=C3C1=O)C(=O)N2C[C@@H]1CCCO1,456.49800000000033,-0.3839025357608941,0.5615864313900398,3.961379413731376
CNP0291881.1,COC1=CC(O)=C2C(=O)C[C@@H](C3=CC=C(O)C=C3)OC2=C1C,300.31000000000006,1.6111584152080682,0.8908563981544443,2.9175807786735817
CNP0226419.1,CC(=O)OC[C@]1(C)[C@@H]2C=C(C=O)CC/C=C(/C)CC[C@H]21,276.376,3.138443249068171,0.4503062979021033,4.644124308848813
CNP0464147.2,C=CCC(=C)/C=C/[C@@](C)(O)[C@H]1O[C@@H]2C[C@@H]3O[C@@H]4C[C@@H]5O[C@@H]6C[C@@H]7O[C@@H]8C[C@@H]9O[C@@H]%10C[C@@H]%11O[C@](C)(CCOS(=O)(=O)O)[C@@H](OS(=O)(=O)O)C[C@H]%11O[C@H]%10C[C@H]9O[C@H]8CC[C@@]7(C)O[C@@]6(C)CC[C@H](C)[C@H]5O[C@H]4[C@@H](O[C@H]4O[C@@H](CO)[C@H](O)[C@H]4O)[C@@]3(C)O[C@H]2CC1=C,1275.4890000000005,1.7652967189671462,0.082302541635793,7.972812610912428
CNP0388016.1,COC1=CC(C(=O)OC[C@@H]2O[C@@H]3C4=C(C=C(O)C(OC)=C4O)C(=O)O[C@H]3[C@H](O)[C@H]2O)=CC(OC)=C1OC,522.4590000000003,1.6051826896858596,0.3734894253874616,4.09003622352104
CNP0531719.2,CCCCCCCCCCCCCCCC(=O)OC[C@H](COC(=O)CCCCCCCCCCCCCC(C)C)OC(=O)CCCCCCCCCCCCCCCCCC(C)C,891.5009999999993,0.2755440621419845,0.0343857688799165,3.291253424610354
CNP0110331.2,CO[C@@H]1[C@@H](O)[C@H](O[C@@H]2[C@@H](O)[C@H](O[C@H]3[C@H](O)[C@@H](O)[C@H](O[C@H]4[C@H](O[C@H]5CC[C@]6(C)C7=C[C@H](O)[C@]89C(=O)O[C@@](C)(C%10CCC(C)(C)O%10)[C@H]8CC[C@@]9(C)[C@@H]7CC[C@H]6C5(C)C)OC[C@@H](O[C@@H]5O[C@H](CO)[C@@H](O)[C@H](O)[C@H]5O)[C@@H]4O)O[C@@H]3C)O[C@H](CO)[C@H]2O)O[C@H](CO)[C@H]1O,1265.4000000000003,2.1245236286810703,0.0432071807817563,7.992363265518289
CNP0392013.0,CCC1=CC=C(C2=CN=C3C4=CC=CC=C4C(=O)N4C5=CC=CC=C5C2=C34)C=C1,374.4430000000001,-0.4443759508482275,0.3578834748659887,2.2993174102090084
CNP0107356.2,CC1=CC=C(N2C(=O)[C@@H]3[C@H](C2=O)[C@@H](C2=CC=CC=C2)C=C[C@@H]3C2=CC=CC=C2)C=C1,393.4860000000001,-0.4168911088947133,0.4508528892367638,3.2911232164607416
CNP0319801.0,COC(=O)CC(C1=C(O)C=C(C)N(CCC2=CNC=N2)C1=O)C1=CC=NC2=CC=CC=C12,432.48000000000013,-0.4462937140197937,0.4344582742444722,3.4112288031715927
CNP0364556.1,CCCCC1OC[C@@]2(COC(=O)NC(C)C)C(C)C=C(C)C1[C@H]2C,337.5040000000001,0.981954737299621,0.7236343630178115,4.9252669234821695
CNP0163273.9,O=C(/C=C/C1=CC=C(O)C(O)=C1)OC[C@H]1O[C@@H](OCCC2=CC=C(O)C(O)=C2)[C@H](O)[C@@H](O[C@@H]2O[C@H](CO)[C@H](O)[C@H](O)[C@H]2O)[C@H]1O,640.5910000000006,1.6044220015920938,0.0719876638482754,4.719612902910292
CNP0504662.2,O=C(N[C@@H](OC[C@@H]1CCCN2CCCC[C@H]12)C(Cl)(Cl)Cl)C1=CC=CC=C1[N+](=O)[O-],464.777,-0.7136330739688447,0.2935284099564734,3.636527473616353
CNP0308587.12,CO[C@@H]1[C@H](C)O[C@@H](O[C@H]2C[C@H](OC3=CC4=CC5=C(C(=O)[C@@H](O[C@@H]6C[C@@H](O[C@H]7C[C@H](O[C@H]8C[C@](C)(O)[C@@H](OC(C)=O)[C@H](C)O8)[C@@H](O)[C@H](C)O7)[C@H](O)[C@@H](C)O6)[C@H]([C@@H](OC)C(=O)[C@@H](O)[C@H](C)O)C5)C(O)=C4C(O)=C3C)O[C@@H](C)[C@H]2OC(C)=O)C[C@@H]1O,1183.2570000000003,1.5322750409535482,0.0981578148172684,7.268125765754209
CNP0159500.2,COC1=CC2=C(C=C1OC)[C@H]1CC3=CC=C(O)C(O)=C3CN1CC2,327.3800000000001,1.1649435770155163,0.8306793579437554,2.923821395271368
CNP0223594.1,CC1=CCC[C@@H]2[C@@](C)(C/C=C(/C=O)CC(=O)O)[C@H](C)CC[C@@]12C,318.45700000000016,3.134612647936009,0.4508906917988485,4.530359530838594
CNP0516641.0,O=C(C1=NC(O)=C(C=C2C=NC3=CC(O)=CC=C23)N1)C1=CNC2=CC=C(Br)C=C12,449.2640000000001,0.1793796268651414,0.3437091406402542,3.274236191215387
CNP0138528.1,C[C@H](O)[C@@H](O)C1=NC2=C(NC(N)=NC2=O)NC1=O,253.218,0.9590276800248444,0.4137286775424768,3.981863124834524
CNP0182992.2,CC1=CC(O)[C@@](C)([C@@]2(C)CC(=O)C=C2CO)CC1,250.33799999999994,2.626725903161678,0.7368723389204779,4.478301375522939
CNP0120841.2,C[C@@H]1CCC2(NC1)O[C@H]1C[C@H]3[C@@H]4CC=C5C[C@@H](O)CC[C@]5(C)[C@H]4CC[C@]3(C)[C@H]1[C@@H]2C,413.6460000000003,3.156116888977056,0.5304837280890737,5.393968512212179
CNP0188003.0,CCCC(=O)C1=C(O)C(C)(C)C(O)=C(CC2=C(O)C(CC3=C(O)C(CC4=C(O)C(CC5=C(O)C(C)(C)C(O)=C(C(=O)CCC)C5=O)=C(O)C(C(=O)CCC)=C4O)=C(O)C(C(=O)CCC)=C3O)=C(O)C(C(=O)CCC)=C2O)C1=O,1085.1619999999996,0.6762393384778986,0.0310239269816271,4.5817941551335215
CNP0423732.1,COC1=C(O[C@@H]2O[C@H](CO)[C@@H](O)[C@H](O)[C@H]2O)C=C2OC(C3=CC=CC=C3O)=CC(=O)C2=C1O,462.40700000000027,1.9425205365685516,0.3018068640168702,3.965604991406917
CNP0168504.0,CC1=NC2=CC=CC=C2N1CCC1=NN=C(SCC2=CC=CC=C2)N1C1=CC=CC=C1,425.56100000000004,-2.17491769700932,0.3249391102037154,2.175192499589018
CNP0088043.0,O=P(C1=CC=CC=C1)(C1=CC=CC=C1)C1=CC=CC=C1Br,357.187,-0.3029197281325238,0.6457037448854027,2.3116234438874024
CNP0425637.2,COC1=CC(C2=C(O[C@@H]3O[C@H](COC(C)=O)[C@@H](O)C(O)C3O)C(=O)C3=C(O)C=C(O)C=C3O2)=CC(O)=C1O,536.4420000000002,2.1486227729142557,0.1631080170675794,4.169186316559172
CNP0104017.3,C=C1[C@H](OC(C)=O)[C@H]2[C@@H](OC(C)=O)[C@](C)(OC(=O)C3=CC=CC=C3)C[C@]2(OC(C)=O)C(=O)[C@@H](C)/C=C\C(C)(C)C(=O)[C@H](OC(C)=O)[C@H]1OC(C)=O,712.7450000000002,1.9860912651387388,0.2263223539015595,5.7201529141845295
CNP0575691.2,CCC(C)CCCCCCCCC(=O)O[C@H](COC(=O)CCCCCCCCCCCCCCCCCCC(C)C)COC(=O)CCCCCCCCCCCCCC(C)C,863.4469999999995,0.3615964077730332,0.034439490888955,3.5936659120995174
CNP0255184.1,OC1=CC=C2C(=C1)O[C@H](C1=CC=C(O)C(O)=C1)[C@@H](O)[C@H]2C1=CC2=C(C=C1O)O[C@H](C1=CC=C(O)C(O)=C1)[C@@H](O)[C@@H]2C1=CC2=C(C=C1O)O[C@H](C1=CC=C(O)C(O)=C1)[C@@H](O)[C@@H]2O,834.7830000000005,1.0262648624098676,0.1036713202736576,5.22899309732678
CNP0011060.1,COC1=CC=C(C(=O)NC[C@H]2C[C@@H]3CC[N@@]2C[C@@H]3C2=CC(C3=CC=C4C=CC=CC4=C3)=NN2C)C=C1,480.61200000000014,-0.989159859753064,0.4283837390347659,4.240366984639301
CNP0363809.1,COC1=CC2=C(C3=CC=C(NCCCC(=O)NC4=CNN=C4)C(=O)C=C3[C@@H](NC(C)=O)CC2)C(OC)=C1OC,535.6010000000002,-0.3461824049523538,0.2892907440846199,3.3946343294422032
CNP0265951.5,CC1=C[C@]2(O)O[C@]3(CC2=C(C)C)[C@H](C)CC[C@@H]13,234.33899999999997,3.2720414238355957,0.6522748117901775,6.025488653592865
CNP0540125.1,CC1(C)[C@H](CC2=NOC(CN3CCOCC3)=C2)C[C@@H]1NC(=O)C(=O)O,351.403,-1.0052513417008324,0.7510831491612435,3.6472694569972735
CNP0048690.3,COC(=O)[C@H]1CC[C@@](C)(/C(C)=N/NC(N)=O)C1(C)C,269.345,0.2301854009272579,0.4631074884519078,3.697196426511553
CNP0247548.1,CCCC(CC(C)=O)C(=O)N1C[C@@H]2C[C@H](C1)C1=CC=CC(=O)N1C2,330.42800000000005,-0.3725188430626875,0.831349999725368,4.255445183706938
CNP0361097.3,C[C@H]1O[C@H](O[C@H]2[C@@H](O)[C@H](OCCC3=CC=C(O)C(O)=C3)O[C@@H](CO[C@H]3OC[C@H](O)[C@H](O)[C@@H]3O)[C@@H]2OC(=O)/C=C/C2=CC=C(O)C(O)=C2)[C@H](O)[C@@H](O)[C@@H]1O,756.7070000000004,1.7370646458326635,0.060327265248132,5.320594617169244
CNP0259619.2,CC(C)[C@H]1CCC2(C)[C@H]3CO[C@]2(CO)C(C=O)C13,252.35399999999998,2.4912598226343774,0.7801339345161064,5.969093942659016
CNP0227058.0,COC1=CC(C=CC(=O)NCCC2=CC(OC)=C(O)C(OC)=C2)=CC=C1O,373.40500000000003,0.3855722312147481,0.6153458647026946,2.2007567310687897
CNP0198220.1,C=C1C(=O)O[C@H]2/C=C(\C)CC/C=C(/C)[C@@H](OC(=O)[C@H](C)CC)[C@H](O)[C@H]12,348.439,3.040547376449508,0.4819430759331223,4.851198633115144
CNP0147548.1,CCCCCCCCCCCCCCCC(=O)CC(=O)CCCCC[C@H](O)CCCCCCC,480.81800000000044,0.7104259377905674,0.0895048392964455,2.719097279680872
CNP0341292.1,CC/C=C/C1=C(C[C@H](CC)CC2=C(C[C@H](CC)CC3=C(CCC(=O)O)C(=O)OC3=O)C(=O)OC2=O)C(=O)OC1=O,556.5640000000003,0.692426455669785,0.1778086836784225,4.706243426525574
CNP0304061.1,C[C@]12[C@H](O)CC[C@@](C)(C3CCCC3)[C@@H]1[C@H]1C[C@](C)(C#CCCC(=O)O1)[C@]2(O)CCC1=CC(=O)OC1,484.6330000000004,3.857498239514277,0.4615479981866939,6.6472432172089
CNP0149653.1,C[C@@H]1CC[C@@]2(C[C@@H]3OC(=O)C[C@@H]3O2)O1,198.21799999999996,2.595560333253525,0.5442895642872192,4.800863277999829
CNP0060881.1,COCCC(=O)N1C[C@@H]2C[C@H](C1)C1=CC=C(NC(=O)NC3=CC=C(Cl)C=C3)C(=O)N1C2,444.9190000000002,-1.4951236015129514,0.7405737168496165,3.8825585418470574
CNP0553714.1,CC1=NN(C2=NC3=CC=CC=C3N2)C([C@H]2CC[C@@H](O)[C@H](NC(=O)C3=CN=CC=N3)C2)=N1,418.4610000000001,-1.265247800612452,0.4587468401809176,3.805329845441115
CNP0010821.1,O=C(C1=CN=CC=N1)N1CCOC[C@H](OC2=CC=CC=C2)C1,299.33,-1.50675524503805,0.8568543192172791,2.6594661914197264
CNP0440002.1,CCC1=CC=C(C[C@@H]2CC[C@@]3(CC[C@@H]4C[C@@]5(C)[C@@]6(O)[C@@H](OC)CC(=O)[C@@H]6[C@H]4[C@]35C)C2)C(O)=C1,452.6350000000002,2.7639964916327915,0.668959969753731,6.596270811284408
CNP0081783.0,CON1C=C(CN=C=S)C2=CC=CC=C21,218.281,0.4945621534721267,0.5834696869489293,3.035752081236833
CNP0321621.1,CO[C@@H](CC(=O)O)[C@H](C)[C@H]1OC2(CC[C@@](C)([C@H]3CC[C@@](C)([C@@H]4O[C@@H]([C@H]5O[C@@](O)(CO)[C@H](C)C[C@@H]5C)C[C@@H]4C)O3)O2)C[C@H](O)[C@H]1C,642.8270000000003,2.37466753433844,0.2916324163099768,6.305179795106876
CNP0215854.2,CC(=O)O[C@H]1CC[C@]2(C)[C@H]3CC[C@]4(C)C(=CC[C@@]5(CO)CCC(C)(C)C[C@H]54)[C@]3(C)CC[C@H]2C1(C)C,484.76500000000044,2.9264223519993493,0.3223515897272739,4.913440614320701
CNP0079317.1,CC(=O)O[C@H]1C=CC(=O)[C@@]2(C)[C@H]1[C@@H](O)[C@@H](O)[C@@]1(C)C3=CC[C@@H](C4=COC=C4)[C@]3(C)CC[C@H]21,440.5360000000003,3.222132373509437,0.5393314091039183,5.208552127011321
CNP0531496.1,CCCCCCCCCCCCCCC(=O)O[C@@H](COC(=O)CCCCCCCCCCCCCCCCCCCCC(C)C)COC(=O)CCCCCCCCCCCCC(C)CC,919.5549999999992,0.3614314453733851,0.0343543601282287,3.712016666850155
CNP0332963.0,COC1=CC2=C(CC(C)OC2=O)C(C2=CC(O)=C3C(O)=C4OC5=C(C(=O)O)C=C(C)C=C5C(=O)C4=C(O)C3=C2OC)=C1,572.5220000000003,1.4335163818092511,0.1295168759238665,3.823337378222353
CNP0092900.1,CC(C)C[C@H]1CCC[C@H]2C#C[C@H](C[C@H](C)CCCC3=CC=CC=C3)[C@H](O)[C@]34[C@H](O)CC[C@@](C)([C@@H]5CC[C@]67CC8(CCCC8)[C@H]8C[C@]9(C%10=CC=CC=C%10)CCCC[C@@H]9C9=CC=C%10C=CC=C(C%10=C9[C@H]86)[C@@H]7C5)[C@@H]3[C@@H](C[C@@H](C)[C@]4(O)CCC3=CC(=O)OC3)OC(=O)[C@@H]12,1201.7269999999994,1.994603089503728,0.0902615672060582,8.201194063654546
CNP0073008.1,CO/C(=C/C(=O)N1C(=O)C=C[C@@H]1C)C/C(=C/Cl)CNC(=O)CCCCC(C)(C)C,424.96900000000034,0.8964480362897996,0.3256350447455095,4.013950832677271
CNP0554135.1,COC1=CC=C(CN2C[C@H]3CN(C(=O)C4=CC=C(C)C=C4)CCN3C2=O)C=C1,379.46000000000015,-1.229694725189029,0.8208796009671837,2.602524461735868
CNP0176596.1,CC(=O)OC[C@@]12CC[C@@](CCC=C(C)C)(CC1C)OC2,280.408,2.5464352109439754,0.5662350903315425,5.08412535285598
CNP0263250.1,CC1N2C[C@]3(C)CN1C[C@](C)(C2)C3=O,194.278,0.3965064496930285,0.56271507569823,4.481601401412456
CNP0307869.3,C[C@]12CC/C(=N\OCC(=O)N3C[C@H](O)C[C@H]3C(=O)O)C=C1CC[C@@H]1[C@@H]2[C@H](O)C[C@@]2(C)[C@@H]1CC[C@]2(O)C(=O)CO,548.6330000000004,1.111645181076877,0.2979359651340779,4.944069088730022
CNP0559016.4,CC(C)CCC[C@@H](C)[C@@H]1CC[C@@H]2[C@H]3CC=C4C[C@@H](OC(=O)C5=CC=CC([N+](=O)[O-])=C5)CC[C@]4(C)[C@@H]3CC[C@@]21C,535.7690000000003,1.3014833126110563,0.1439642106951262,4.304423079830314
CNP0322210.1,CO[C@]1(CC[C@H](C)CO[C@@H]2O[C@H](CO)[C@@H](O)[C@H](O)[C@H]2O)O[C@H]2C[C@H]3[C@@H]4CC[C@@H]5C[C@@H](O[C@@H]6O[C@H](CO)[C@@H](O[C@@H]7O[C@@H](C)[C@H](O)[C@@H](O)[C@H]7O)[C@H](O)[C@H]6O[C@@H]6O[C@H](CO)[C@@H](O)[C@H](O)[C@H]6O)CC[C@]5(C)[C@H]4CC[C@]3(C)[C@H]2[C@@H]1C,1081.2530000000004,1.984922701913783,0.072485209304348,6.848334679291508
CNP0177807.0,CC(C)=CCC1=CC=CC2=C1OC1=C3C=CC(C)(C)OC3=CC(O)=C1C2=O,362.4250000000001,2.5333533781615176,0.4933783086358131,3.094201038761099
CNP0288316.1,C/C(=C\COC(=O)CC(=O)O)CC[C@@H]1[C@@]2(C)CCCC(C)(C)[C@@H]2CC[C@@]1(C)O,394.5520000000002,2.676822422028157,0.3705904658401007,4.130854627589459
CNP0311580.5,C[C@H]1O[C@@H](O[C@@H]2CC[C@]3(/C=N/O)[C@H]4CC[C@]5(C)[C@H](C6=CC(=O)OC6)CC[C@]5(O)[C@@H]4CC[C@]3(O)C2)[C@@H](O)[C@@H](O)[C@H]1O,565.6600000000005,2.901870014820604,0.0947419474356052,5.461807092758133
CNP0197327.1,CC(=O)O[C@@H](C)[C@H](/C=C/[C@@H]1O[C@@H]1[C@@H]1OC(=O)C=C[C@@H]1OC(C)=O)OC(C)=O,382.3650000000002,2.7803502065311374,0.2699307350594883,4.696097115240269
CNP0410602.1,C[C@@H](C(=O)N1CCCC2=C[C@H]3C[C@@H](CN4CCCC[C@H]34)[C@@H]21)N1CC2=CC=CC=C2C1=O,419.5690000000002,0.4442188246593291,0.6899296872967204,4.81065332605313
CNP0414251.1,CC(=O)[C@@H]1CC[C@]2(C)CC[C@]3(C)[C@H](CC[C@@H]4[C@@]5(C)CC[C@H](O)C(C)(C)[C@@H]5CC[C@]43C)[C@@H]12,428.70100000000025,2.909048864735366,0.4862035935651722,4.645544124810488
CNP0501182.1,CCC(C)CCCCCCCCCCC(=O)OC[C@@H](COC(=O)CCCCCCCCCCCCCCCC(C)C)OC(=O)CCCCCCCCCCCCCCC(C)C,863.4469999999994,0.3615964077730332,0.034439490888955,3.5936659120995174
CNP0253973.9,C=C(C)[C@@H]1CC[C@]2(C(=O)O)CC[C@]3(C(=O)O)[C@H](CC[C@@H]4[C@@]5(C)CC[C@H](O)C(C)(C)[C@H]5CC[C@]43C)[C@H]12,486.6930000000004,2.901555057898866,0.4156959525526356,4.895902788884023
CNP0100069.1,CCC=CCC=CCC=CCC=CCC=CCC=CCCC(=O)OC[C@H](COP(=O)(O)OCCN)OC(=O)CCCCCCCCCCCCCCCCCCC,820.145999999999,0.8825667415786319,0.0267420079597693,4.440707266703644
CNP0302055.1,CC(C)[C@]12CN3C[C@](C)(CN(C1)C3C1=CN(CCC(=O)O)C3=CC=CC=C13)C2=O,395.5030000000001,-0.3036121118243483,0.8431831530842754,4.869873331495759
CNP0546616.0,CC(=O)OC1OC=C(COCO)C2C1C1(CCC3C2C3(C)C)CO1,338.4000000000001,2.8405654534191336,0.4786015849493915,5.401351342901145
CNP0460414.1,C[C@@H]1C[C@H](O)CCCCCC(=O)CC2=CC(O)=CC(O)=C2C(=O)O1,336.38400000000007,1.9240630987239449,0.6288133888302466,3.8664366331925466
CNP0523955.1,CN1C(=O)C2=C(N=CN2CC(=O)N[C@H]2CCSC2=O)N(C)C1=O,337.3610000000001,-1.6037580914892395,0.7365496561049235,3.15779669004704
CNP0065655.4,C[C@H]1C2=CC(=O)O[C@]2(O)C[C@@H]2[C@@H]1[C@@H](O)[C@@H](OC(=O)/C=C/C1=CC=CC=C1)[C@@]1(O)C(C)(C)CCC[C@@]21C,496.6000000000003,2.467654304513486,0.4343141399305443,5.026227157498172
CNP0351126.0,CCC(C)CCC(C)=O,128.215,1.3408590479197555,0.5678599283041542,2.557515693529531
CNP0177744.2,C=C(C)[C@@H]1CC[C@]2(C)CC[C@]3(C)[C@@H](CC[C@@H]4[C@@](C)(CCC(=O)OC)[C@H](C(=C)C)CC[C@]43C)[C@@H]12,454.7390000000004,2.641799192309342,0.3078967631304121,4.780302583859658
CNP0217915.1,COC1=CC=C(/C=C2/OC3=CC(OCC(=O)N[C@@H](CC4=CC=CC=C4)C(=O)O)=CC=C3C2=O)C(OC)=C1,503.5070000000003,-0.4330369678640187,0.4035182271599186,2.831433202352242
CNP0394298.1,C=C(CO)C(=O)O[C@H]1C[C@@]2(C)C=C[C@H](OC(C)=O)[C@@H](C)[C@@H]2[C@H]2OC(=O)C(=C)[C@@H]21,390.43200000000013,3.25660571617065,0.3375803532616305,5.04633275742074
CNP0118123.1,C[C@H](CCC1=CC=CC=C1)O[C@@H]1O[C@H](CO[C@@H]2OC[C@](O)(CO)[C@H]2O)[C@@H](O)[C@H](O)[C@H]1O,444.4770000000001,1.9854756784045773,0.2589725580879245,4.431909249219572
CNP0086704.0,CC1=CCCC(C)C(C)OC(=O)CC(O)C(C)=CCC1O,296.40700000000004,2.254826050147438,0.5326417123540755,4.7414405984541474
CNP0604174.1,COC1=CC2=C(C=C1O)[C@@H](C[C@H](O)[C@H](O)C[C@H](C1=CC=NC(N)=C1)C1=CC=C3C=CC=CC3=C1)C#C[C@@]1(CC[C@H]([C@@H]3[C@@H](CCC(O)O)[C@H]4[C@@H]5[C@@H]6C7=C8C(=CN7)C=C[C@H]7C(=O)C[C@@H](N[C@H]4CC#C[C@@H]4CCC[C@]4(C)NC[C@@H]63)[C@@H]5[C@H]87)C[C@H]1O)C(=O)CC2,1148.455,1.8103047808764168,0.0419660887900741,8.283563704046552
CNP0179291.1,CC[C@H](C)C[C@H](C)C[C@H](C)[C@@H](OC1OC(COC(C)=O)C(O)C(O)C1O)[C@@H](C)/C=C(\C)[C@@H](O)[C@@H](C)/C=C(\C)[C@@H](O)[C@@H](C)/C=C(\C)C(=O)OC[C@@H](O)[C@@H](O)[C@H](O)[C@H](O)CO,849.0650000000003,1.7023765497387295,0.035228385933258,6.114295717291777
CNP0102820.2,C[C@]1(CO)[C@H]2CC[C@@H](O)[C@@H](CC(=O)NCC3=CC=CS3)[C@]2(C)CC[C@H]1O,381.5380000000001,0.5873820923230074,0.6300029698129658,4.077605621791093
CNP0286273.0,CN1C2=C(C(=O)NC2=O)C(=O)C2=CC=CC=C21,228.207,-0.1004600389001412,0.6643642497054442,2.4012066800402287
CNP0292094.2,CCN1C=C([C@H]2N3C[C@]4(C(C)C)C[N@@]2C[C@](C(C)C)(C3)C4=O)C2=CC=CC=C21,379.5480000000002,-0.361018288462432,0.7985983471782429,4.410477846524369
CNP0589177.2,COC1=C2OCOC2=CC2=C1[C@@H](C1=NN=NN1C1=CC=C(C(=O)NC[C@@H](C)O)C=C1)N(C)CC2,466.4980000000003,-0.4737765148025087,0.5492678913447023,3.580511552962692
CNP0202236.1,C[C@H]1C[C@]2(OC(=O)C3=CC=CC=C3)C(=O)C(CO)=C[C@@H]3[C@H](CC[C@@]4(C)O[C@@H]4[C@H]2[C@H]1O)C3(C)C,454.5630000000002,2.7679044607840213,0.5373887296195989,5.244313034712757
CNP0203591.0,CC1OC2OC3C(OCC(O)C3O)OC(=O)C34CCC(C)(C)CC3(C)C3=CCC5(C)C6(C)CC(O)C(OC7OC(CO)C(O)C(O)C7OC7OC(C(=O)CC(C)(O)CC(=O)OC1C(OC1OCC(O)C(O)C1O)C2O)C(O)C(O)C7O)C(C)(CO)C6CCC5(C)C3(C)CC4,1347.5020000000009,2.0733077469226084,0.0785266212271476,8.928129946979332
CNP0202637.1,C=C(C[C@H](O)[C@@H](C(=O)O)[C@H]1CC[C@H]2C3=CC[C@H]4[C@H](C)[C@@H](OC(C)=O)CC[C@]4(C)[C@H]3CC[C@]12C)C(C)C,500.7200000000004,2.6711779380784355,0.3117785904468828,5.124199479238292
CNP0354572.2,C[C@H]1C[C@@H](C(=O)NC(CO)CCCNC(=N)N)N(C(=O)[C@@H](CCC2=CC=C(O)C=C2)NC(=O)[C@H](O)CC2=CC=C(O)C=C2)C1,612.7280000000003,0.6996647175743681,0.0754677284965074,4.162784773151905
CNP0434851.1,C=C(C)CC(=O)N/C=C/C(C)=C\[C@@H](C)[C@H]1C/C(C)=C/C=C/CC[C@H](C(N)=O)[C@@H](O)/C=C/[C@@H](O)CCC/C=C/C(=O)O1,568.7550000000003,2.094481200187857,0.1963575912700625,5.6171088739608255
CNP0316371.3,COC1=CC(O)=C2C(=O)C(O)=C(C3=CC=C(O)C(O)=C3)OC2=C1O[C@H]1O[C@@H](CO)[C@@H](O)[C@H](O)[C@H]1O,494.4050000000002,2.0908426321993,0.2093454991300093,4.116567211093806
CNP0317413.3,C=C1C(=O)O[C@H]2/C=C(/CO)[C@@H]3O[C@@H]3[C@H]3O[C@@]3(C)C[C@@H](OC(=O)/C(=C/C)COC(C)=O)[C@@H]12,434.44100000000026,3.3578708062225937,0.2194105442918125,5.588410285922366
CNP0328199.0,COC(=O)C1=CC2C(O)C3C4=C(CCN3CC2C(C)O1)C1=CC=CC=C1N4,368.43300000000005,1.0905742890656556,0.7547352773773394,4.2677449758557335
CNP0254005.1,COC1=C(CC=C(C)C)C(O)=C2C(O)=C3C(=O)C[C@H](C)OC3=CC2=C1CC=C(C)C,410.5100000000002,1.9229631622442789,0.6248336493626553,3.7117138557943017
CNP0331836.2,CC1(C)C2CC[C@@]34CC[C@@H](CC3[C@]2(C)CC[C@H]1O)[C@@](C)(O)C4,306.49000000000007,3.130481166749372,0.7058783309296269,5.585048916629877
CNP0450275.1,COC(=O)C[C@@H]1[C@@H](C)C(=O)C(C[C@@]2(O)C(=O)CC[C@]3(C)[C@H]2CC(=O)O[C@H]3C2=COC=C2)=CC1(C)C,486.56100000000026,2.337202923386714,0.6254111666065119,5.153984385400161
CNP0402049.1,O=C(NC1=CC=C2NC(=O)[C@@H]3CCCN3C(=O)C2=C1)C1=CC=C(N2C=NN=N2)C=C1,403.40200000000004,-1.8165542602368228,0.6829271419030233,2.855808403392299
CNP0277756.3,CC1(C)CCC[C@]2(C)C=C(C=O)C(=O)C[C@@H]12,220.31199999999998,2.7720240107950067,0.502711779686654,4.142014040917239
CNP0564686.1,CC(C)CCCCCCCCCCCCCCC(=O)OC[C@H](O)COC(=O)CCCCCCCCCCCCCC(C)C,611.0050000000002,0.3358975940335821,0.0590837067217665,2.806818951199851
CNP0604618.2,CCCCCCCCCCCC(=O)O[C@@H](COC(=O)CCCCCCC)COC(=O)CCCCCCCCCCCCCC(C)C,653.0420000000001,0.3773755633683701,0.0384925673923987,2.9429659805414445
CNP0490562.1,O=C(NC1=CC=C(Cl)C=C1)[C@@H]1[C@@H]2C=C[C@]3(O2)[C@@H]1C(=O)N(CCC1=CC=CC=C1)[C@@H]3C(=O)NC1CCCCC1,534.0560000000003,-0.7309759536153553,0.5240792356981389,4.848288660256913
CNP0183669.2,CC(=O)OC[C@@]12[C@H](O)C[C@@H](C)[C@]3(C[C@H](C4=COC=C4)OC3=O)[C@H]1CCC[C@]21CO1,404.4590000000003,3.398692196841417,0.6108559619826563,5.63729245278003
CNP0572436.2,COCCNC1=NC2=CC=CC=C2CN[C@]12CCN(C(=O)C1=CC=CO1)C2,368.4370000000001,-0.9480082306297152,0.806552505378078,3.815224800852979
CNP0376510.0,CC(C)C1=C2OC3=C(O)C(O)=CC=C3C2=NC2=C1C(=O)NN2C1CCCCC1,381.4320000000002,0.3002599367582214,0.4379808602756059,3.2215183528418248
CNP0247432.1,C[C@@H](O)C(=O)O[C@@H]1[C@H]2CC[C@H]3[C@@](C)(O)[C@@H]4C[C@H](O)C(C)(C)[C@@]4(O)[C@H](O)C[C@@]13C[C@@]2(C)O,442.5490000000002,2.796555941886961,0.3300554678270419,6.388003399515778
CNP0147396.4,CC(=O)OC1C(OC(C)=O)[C@H](O)CO[C@H]1O[C@H]1CC[C@]23C[C@]24CC[C@]2(C)C([C@@]5(C)CC[C@@H](C(C)(C)O)O5)[C@H](O)C[C@@]2(C)C4C[C@H](O[C@@H]2OC(CO)[C@@H](O)C(O)C2O)C3C1(C)C,869.0550000000005,2.8260988515881524,0.1293312575176303,6.96811630823807
CNP0119381.4,C[C@]12C[C@@H](O)[C@H](O)C=C1C1=CC(O)=CC(O)=C1C(=O)O2,278.26,2.9030118307367605,0.5158144136445971,4.291768091076308
CNP0232650.1,CC/C=C(\C)C[C@@H](C)C(=O)C(C)C1=C(C)[C@H]2O[C@@](CC)(O1)C(C)=C[C@@H]2C,360.5380000000001,1.429780598999181,0.525004391458818,5.817867673787301
CNP0574639.2,C=C[C@H]1[C@H](O[C@@H]2O[C@H](CO)[C@@H](O)[C@H](O)[C@H]2O)OC=C(C(=O)OC)[C@H]1/C=C/C1=CC(C(=O)[O-])=C[N+](CC)=C1,521.5190000000003,2.215960863729857,0.1607094464909357,5.309687943980468
CNP0159405.1,COC1=CC=C2NC3=C(CCN4C(=O)CN(CC5=CC(OC)=C(OC)C(OC)=C5)C(=O)[C@]34C)C2=C1,479.5330000000003,-0.1963769872668943,0.5845620410903011,3.172402534022657
CNP0075538.2,C/C1=C\[C@H]2OC[C@@]3(C)O[C@@]23CC/C(C)=C/CC[C@]2(C)O[C@H]2CC1,318.45700000000005,3.5655147102857003,0.4926722070227226,5.732474391675112
CNP0182343.1,CO[C@@H]1C[C@@]23C(=CC(=O)N2CCC2=CC4=C(C=C23)OCO4)[C@@H]2O[C@H]12,327.336,1.8584820205845505,0.7236297662421677,4.963230825968039
CNP0394956.1,COC1=CC=CC(/C=C2\OC3=C(C=C4CN([C@H]5CCS(=O)(=O)C5)COC4=C3C)C2=O)=C1OC,471.5310000000003,-1.1553653313604697,0.6289264600241777,3.512143620039563
CNP0373415.0,COC1=CC2=C(C=C1OC)C(O)=C(C(=O)NCCCC1=CC=CC=C1)C(=O)N2,382.41600000000005,-0.3300312406771428,0.5455384461099168,2.1371261425205006
CNP0273976.2,C=CCCCC/C=C/CC#CC#C[C@H](CC=C)OC(C)=O,284.399,2.339514130791015,0.2744897282596181,4.029237695262872
CNP0160443.4,COC1=CC([C@@H](O)[C@@H]2CO[C@H](C3=CC=C(O[C@H]4O[C@@H](CO)[C@@H](O)[C@@H](O)[C@H]4O)C(OC)=C3)[C@@H]2CO)=CC=C1O,538.5460000000003,1.862190456813222,0.219584416914666,4.501521461392319
CNP0013317.1,CC(=O)NC1=CC=C(S(=O)(=O)N[C@H]2C[C@@H](C3=NC(C)=NO3)N(C)C2)C=C1,379.4420000000001,-1.9396314341774532,0.7974238696033854,3.184233919075501
CNP0125340.1,CC(=O)OC[C@H]1O[C@@H](N2N=CC(=O)N(CC3=CC=CC=C3)C2=O)[C@H](OC(C)=O)[C@@H]1OC(C)=O,461.42700000000025,0.2837200006603455,0.4005289123723405,3.7329714486968495
CNP0278550.2,CCCCC[C@@H]1C(=O)O[C@@H]([C@H](C)[C@H](O)CCCNC(=N)N)[C@@H](C)/C=C(\C)CCCC[C@H](O)C[C@H](O)C[C@H](O)C[C@H](O)C[C@@H](O)C/C=C(/C)[C@@H](O)CCC[C@H](O)CCC[C@H](O)CC[C@@H](C)[C@@H]1O,944.346,1.4849681805476058,0.0428732553166661,6.503125187072002
CNP0598208.1,CCC(C)CCCCCCCCCCCCCCCCC(=O)O[C@@H](COC(=O)CCCCCCCCCCCCCCC(C)C)COC(=O)CCCCCCCCC(C)C,849.4199999999994,0.3676230145692504,0.0344759254715075,3.573358665799842
CNP0146600.0,CCNC(=O)N1CCC2=C(NC3=CC=C(OC)C=C23)C12C(=O)N(C)C1=CC=CC=C12,404.4700000000002,-0.3839149904414933,0.6893780181594729,3.5951208985588075
CNP0149916.1,CC1(C)[C@H]2CC[C@H](O2)[C@@H](Cl)[C@@H]1O,190.67000000000002,2.563724962927267,0.5876601838482136,5.261660708561857
CNP0099982.1,C/C(C(=O)O)=C1/CC[C@]2(N=C(N)N)C=C[C@@]34[C@@H]5CC=CC[C@@]36CC(=O)C3=C7[C@@]68CCC#CC[C@]6(C)C(=O)CC[C@@]3(C)[C@@H]6[C@H](C3=CC6=CC=CC=C6CC3)[C@]7(O)C=C3CC6=C(C(=CC6)[C@]1(O)[C@H]52)[C@@H]4[C@@]38O,924.151,2.113241637394225,0.0596600957930958,8.730863051237252
CNP0336041.0,COC1=CC2=C(C=C1OCC=C(C)C)OC(=O)C=C2,260.28899999999993,1.000822666316895,0.6255834433667719,2.2819682468626894
CNP0375217.1,CO[C@]12CC[C@H](C=C1C)OC2(C)C,182.26299999999998,1.708353638306623,0.5791807358015407,5.272998389452286
CNP0513023.1,CC1=CC(=O)C2=C(O)C3=C(C=C2O1)O[C@@]1(C)CCSSCC2=C(C=C(CN4C=C5C=CNC5=C4)N=C2N)C2=CC(=CC(N)=N2)CC[C@H]2O[C@]2(C)C(=O)O[C@@H]1C3,780.9289999999996,1.8917176589915945,0.0851968472070256,6.717944813729947
CNP0594329.1,CC/C=C\C/C=C\C/C=C\C/C=C\C/C=C\CCCCCC(=O)OC[C@H](COC(=O)CCC/C=C\C/C=C\C/C=C\CCCCCCCC)OC(=O)CC/C=C\C/C=C\C/C=C\C/C=C\C/C=C\CCCCC,1005.5629999999993,0.5606274968701579,0.0261458613387688,4.598319809399824
CNP0365094.0,CC(C)CNC(=O)CN1C=NC2=CC=CC=C2C1=O,259.309,-1.504464075587742,0.896043040458017,1.8670068535390296
CNP0441771.2,COC[C@@]1(O)CC[C@@H]2/C1=C\[C@@]1(O)C(=O)C(C(C)C)=C(C[C@H](O)[C@@H]2C)[C@H]1C[C@H]1C(=O)C(C(C)C)=C2C[C@H](O)[C@H](C)[C@@H]3CC[C@](O)(COC)/C3=C/[C@]21C,710.9490000000001,1.2859409137556963,0.2268262643518859,7.416449159355766
CNP0168525.0,CCCCCCCCCCCCCCCCCCCCCC(O)CC(O)CCCCCCC,468.85100000000034,0.5025019069157637,0.1120634898575472,2.593007712214316
CNP0379619.3,C=C(C)C(=O)O[C@]1(C#CC(C)(C)OOC(C)(C)CCC)C[C@@H]2CC[C@@]1(C)C2(C)C,404.59100000000024,1.0735941096115622,0.1715872439232907,5.365353529409031
CNP0170061.2,OC1=CC=C([C@H]2OC3=CC(O)=CC=C3[C@H](C3=C(O)C=C(O)C=C3/C=C/C3=CC=C(O)C(O)=C3)[C@H]2O)C=C1,500.50300000000016,1.5767506606718888,0.1571411642468693,3.8956403645649225
CNP0122395.1,O=S(=O)(O)O/N=C(\C[C@H](O)C1=CC=CC=C1)S[C@H]1O[C@H](CO)[C@H](O)[C@H](O)[C@H]1O,439.4640000000001,1.0363006548915354,0.129301508312978,4.306538029216816
CNP0255958.1,C=C[C@@](C)(O)CC/C=C(\C)C(=O)O[C@H]1[C@H](O[C@](C)(C=C)CC/C=C(\C)C(=O)OC[C@H]2O[C@@H](OC(=O)[C@]34CCC(C)(C)C[C@H]3C3=CC[C@@H]5[C@@]6(C)CC[C@H](O[C@@H]7O[C@H](CO[C@@H]8OC[C@H](O)[C@H](O)[C@H]8O[C@@H]8OC[C@@H](O)[C@H](O)[C@H]8O)[C@@H](O)[C@H](O)[C@H]7O)C(C)(C)[C@@H]6CC[C@@]5(C)[C@]3(C)CC4)[C@H](O[C@@H]3O[C@@H](C)[C@H](O[C@@H]4OC[C@@H](O)[C@H](O[C@@H]5OC[C@@H](O)[C@H](O)[C@H]5O)[C@H]4O)[C@@H](O)[C@H]3O)[C@@H](OC(=O)/C(C)=C/CC[C@](C)(O)C=C)[C@@H]2O)OC[C@@H](O)[C@@H]1O,2086.3699999999994,1.64194490526353,0.0130282198283563,8.706964236400852
CNP0276436.4,CO[C@@H]1CC[C@@H](O[C@H]2C[C@H]([C@]3(C)CC[C@]4(C[C@H](O)[C@@H](C)[C@@H]([C@@H](C)/C=C(\C)C(=O)[C@H](C)C[C@H](C)C(=O)O)O4)O3)O[C@]3(O[C@@H]([C@H]4O[C@@](O)(CO)[C@H](C)C[C@@H]4C)C[C@@H]3C)[C@@H]2C)O[C@H]1C,867.1270000000001,2.11195106646798,0.1544104989844843,7.311390993552756
CNP0375303.1,C[C@]1(CN2C=CN=N2)[C@H](C(=O)[O-])N2C(=O)C[C@H]2S1(=O)=O.[Na+],322.278,-0.5116214554490381,0.4006318449516377,4.740214797235922
CNP0351261.1,CCC(C)[C@@H](NC(=O)OC(C)(C)C)C(=O)N[C@H](CCC(N)=O)C(=O)O,359.4230000000002,-0.150806948914784,0.4775403939628353,3.056452570323053
CNP0192226.0,C=C(C)C1=CC=CC=C1C,132.20599999999996,0.10404850549851,0.5506313021706385,1.8202488538550003
CNP0332610.1,CC(=O)O[C@@H]1COC2=C(CC=C(C)C)C(=O)OC3=C2C1=CC=C3,314.337,1.4402919221816866,0.4938953410857572,3.4734666419701155
CNP0131303.1,C=C1CC[C@]2(C(=O)O[C@@H]3O[C@H](CO[C@@H]4O[C@H](CO)[C@@H](O[C@@H]5O[C@@H](C)[C@H](O)[C@H](O)[C@H]5O)[C@H](O)[C@H]4O)[C@@H](O)[C@H](O)[C@H]3O)CC[C@]3(C)C(=CC[C@@H]4[C@@]5(C)CC[C@H](O[C@@H]6OC[C@H](O)[C@H](O[C@@H]7O[C@H](CO)[C@@H](O)[C@H](O)[C@H]7O)[C@H]6O)[C@@](C)(CO)[C@@H]5CC[C@]43C)[C@@H]2C1,1221.347,2.230413521845062,0.0447180658669718,7.323831562527329
CNP0165824.1,CCC1=CC=C(C2CN3C(=O)CN(CC4=CC(OC)=C(OC)C(OC)=C4)C(=O)[C@]3(C)C3=C2C2=CC=CC=C2N3)C=C1,553.6590000000002,-0.2752317822197926,0.3488017966346332,3.537289038488156
CNP0315991.1,CC1(C)CC=C[C@]23C=CC4=C(C=CO4)[C@H]2[C@H]13,212.29199999999997,1.7658389891155373,0.5924944924635523,5.445980096133164
CNP0217102.1,CCCCC[C@H](CC(=O)O)C1=C(O)C2=C(O[C@@H](C)[C@@H](C)C2=O)C(CC=C(C)C)=C1OC,432.55700000000024,2.0893157497834327,0.3666258595929203,4.07963181022332
CNP0559140.0,CC1=CC=CC=[N+]1CC(=NNC1=CC=C([N+](=O)[O-])C=C1[N+](=O)[O-])C1=CC=C(Cl)C=C1,426.84000000000015,-1.4902820244731605,0.2620141043970385,2.7378888679030258
CNP0492281.0,C=C(C)CCNC(=N)N(CCC(=C)C)CCC(=C)C,263.4289999999999,-0.0035762075997262,0.3779905931679297,3.497590174293747
CNP0402233.0,CC1=CC(=O)C(O)=C(C(CC(=O)N2CCOCC2)C2=CC=NC3=CC=CC=C23)O1,394.427,-0.4487860548187586,0.7311709987977706,3.163244915517507
CNP0602870.2,COC1=CC=C([C@H]2N[C@@H](C(=O)O)CC3=C2NC2=CC=CC=C32)C=C1COC1=CC=C([N+](=O)[O-])C(C)=C1,487.5120000000003,-0.3586432918864972,0.2555611356664465,3.335991516450708
CNP0150631.1,COC1=CC=C(N2C(=O)CN(C3=CC=CC=C3C)C(=O)[C@@H]2C2=CC=C(C)O2)C=C1,390.43900000000014,-1.0106911780528067,0.6748650536889245,2.837568180057845
CNP0125510.2,CC(=O)O[C@H]1C[C@H](OC(C)=O)[C@]2(C)[C@H]1[C@H](C)C[C@@H]1OC(=O)[C@@H](CN3CCCC3)[C@H]1[C@@H]2O,437.5330000000003,2.0417518515414943,0.5218754363525439,4.663554020344479
CNP0311179.0,CC(C)=C(CCC(=O)O)C(=O)O,172.17999999999998,1.403649161056775,0.6260243390352068,2.6004630998693763
CNP0504838.0,COC1=CC=C(C2=COC3=CC(OS(=O)(=O)O)=CC(O)=C3C2=O)C=C1,364.3310000000001,1.029232092190792,0.67634821770222,2.421284680992697
CNP0277448.1,COC(=O)/C1=C/[C@@H](OC(C)=O)C(C)(C)/C=C\C(=O)/C(C)=C\CC1,320.3850000000001,2.168158642016248,0.7317196247417334,4.0936354482299535
CNP0311136.2,CC1O[C@@H](OCC2O[C@@H](OC3=CC=C4C(=O)C(O)=C(C5=CC=C(O)C(O)=C5)OC4=C3)C(O)[C@@H](O)[C@@H]2O)C(O)[C@@H](O)[C@H]1O,594.5220000000004,1.700990206515962,0.1490101425272025,4.666668192438465
CNP0390905.0,COC1=CC=C(C(=O)OC2=CC(C3=CC=C(OC)C(OC)=C3)=CC(=O)C3=C(C)OC(C)=C23)C=C1,460.48200000000026,-0.1078802040914999,0.3600499873928605,2.4160836025444734
CNP0269616.7,CO[C@@H]1CC[C@@H](O[C@H]2C[C@@H]([C@@H](C)/C=C(\C)C(=O)[C@H](C)C[C@H](C)C(=O)O)O[C@@]3(CC[C@@](C)([C@@H]4CC[C@@H](C)[C@]5(O4)O[C@@H]([C@H]4O[C@@](O)(CO)[C@H](C)C[C@@H]4C)C[C@H]5C)O3)[C@H]2C)O[C@H]1C,851.1280000000003,1.932422348473413,0.1596646459109279,7.295290561906727
CNP0161034.1,OC[C@H]1O[C@@H](OC2=CC(/C=C/C3=CC(O)=CC(O)=C3)=CC=C2O)[C@H](O)[C@@H](O)[C@@H]1O,406.38700000000006,1.8506467808494893,0.3430198092813061,3.817216075898578
CNP0239680.1,COC1=CC=C2C[C@@H]3[C@@H]4CC=C(OC(C)=O)[C@@H]5OC1=C2[C@@]54CCN3C,341.40700000000015,1.7882312304327008,0.7734062961522917,5.201838412267357
CNP0212019.8,CC(C)C[C@H](C1=C(O)C(C=O)=C(O)C(C=O)=C1O)[C@]1(C)CC[C@@H]2[C@H]1[C@@H]1[C@H](CC[C@@]2(C)O)C1(C)C,472.62200000000036,1.8597018334642907,0.4117441590394274,5.005677997488784
CNP0128485.1,CC(C)(O)CCCC1(C)CCC2=C(C=C3O[C@H](C4=CC=C(O)C(O)=C4)CC(=O)C3=C2O)O1,442.5080000000002,2.2237706131376003,0.5025997117354953,3.879874738441344
CNP0111968.1,CN1CC[C@@H](O)[C@H]1C(=O)O,145.158,1.0700055577978305,0.5035497636646188,3.4545283820861705
CNP0269649.0,COC1=CC(C2=C(O)C(=O)C3=C(O)C=C(O)C=C3O2)=C(OC)C=C1O,346.2910000000001,1.5829986818911,0.5683121140161562,2.590198521244517
CNP0132653.0,O=C(O)CCCC=CCC1C(=O)CC(O)C1C=CC(O)CC1=CC=CC=C1,372.4610000000001,1.6321853270367186,0.4335646653361219,3.724998801849837
CNP0213216.1,CC1(C)CC[C@]2(C(=O)O)CC[C@]3(C)C(=CCC4[C@@]5(C)CC[C@@H](O)C(C)(C)C5CC[C@]43C)C2C1,456.7110000000003,3.2717819823454004,0.4090545989913931,4.589099386039259
CNP0358255.1,CO[C@@H]1O[C@H](CO[C@@H]2O[C@H](CO)[C@@H](OC(C)=O)[C@H](OC(C)=O)[C@H]2OC(C)=O)[C@@H](OC(C)=O)[C@H](OC(C)=O)[C@H]1OC(C)=O,608.5460000000003,1.158417042668531,0.212536915028757,4.543751339801245
CNP0424651.1,COC(=O)[C@@]12C[C@H]3C[C@@H]([C@H](C)O)[C@@H]1N(CCC1=C2NC2=CC=C(O)C=C12)C3,370.44900000000007,1.8531166582321816,0.7035997740865809,5.329096695310874
CNP0194782.1,CCCC[C@@H]1C2=C3[C@@H](CC[C@@H]3NC(N)=N2)C[C@H]1C,247.38599999999997,1.3547620234449225,0.8054199014893602,4.561359413896086
CNP0106785.1,COC(=O)[C@@H]1C2=C(C[C@H]3[C@H]1[C@@H](OC(C)=O)C[C@@]1(O)C(C)(C)CC[C@H](OC(C)=O)[C@]31C)OC=C2,462.5390000000003,2.57257762281772,0.5385335046431668,4.945224415459566
CNP0255990.4,C=CC1=CC(=O)[C@H]2[C@@H](CC[C@H]3C(C)(C)C(=O)[C@@H](O)C[C@]23C)[C@H]1C,316.4410000000001,3.1924262083510087,0.807114376234759,4.799544625351707
CNP0104134.1,C[C@H](NC=O)[C@H]1[C@H](O)C[C@@]2(C)[C@@H]3CC[C@H]4C(=CC3=CC[C@]12C)CC[C@H](N(C)C)C4(C)C,428.66100000000023,2.6014859050665704,0.6461844564768907,5.351147178210693
CNP0117289.15,C[C@]12CCC(=O)C[C@@H]1CC[C@H]1[C@H]2CC[C@]2(C)[C@@H](O)CC[C@@H]12,290.44700000000006,2.406869100142067,0.732972735378759,3.993628191730012
CNP0101107.1,C[C@H](C=O)CC[C@H](N)CCC[C@@H]1C2=CC3=CC(CC=O)=CC=C3C=C2C=C[C@H]1C[C@@H](NC1=CC=CN1)/C(=C/C(=O)O)[C@H]1CCNC(N)=N1,652.8399999999999,1.5720786059092582,0.0840219982991579,5.613293042886823
CNP0188572.1,CC(=O)O[C@@H]1C[C@@]2(C)C[C@@]3(CC[C@@H]2[C@@]2(C)CCCC(C)(C)[C@H]12)OC1[C@@H](O)C3CC(=O)[C@H]1C,446.62800000000016,2.8313417540871653,0.5920126838150565,6.342807722111734
CNP0420077.4,CC(=O)OC[C@]12[C@H](OC(C)=O)[C@H](OC(C)=O)[C@H]3OC(=O)[C@H](C)[C@H](C)C4=NC=CC=C4C(=O)OC[C@]4(C)O[C@]1([C@H](O)[C@@H]4[C@H](OC(C)=O)[C@@H]2OC(C)=O)[C@@]3(C)O,763.7460000000003,1.9783816559290444,0.2951067680148831,7.539981116209319
CNP0260692.3,CC(=O)O[C@@H]1OC(=O)C=C1CC[C@@]1(C)[C@H](C)CC[C@@]2(C)C(C)=CCC[C@H]12,360.49400000000014,3.384817977658853,0.5263378370821714,4.601720603212628
CNP0291504.1,CCC1=C(CC2=CC(/C=C/C(=O)N3C4=C5CC[C@@]6(OC5=C(O)C=C4C[C@@H]3C(=O)O)O[C@H](CO)[C@@H](O)[C@H](O)[C@H]6O)=CC=C2O)NC=N1,637.6420000000003,1.4608890196890283,0.1660654792585414,5.491193828182538
CNP0242995.3,COC1=CC([C@@H]2CC3=CC=CC(O[C@@H]4O[C@H](CO)[C@@H](O)[C@H](O)[C@H]4O)=C3C(=O)O2)=CC(OC)=C1OC,492.47700000000026,1.6682140083433288,0.3959427581258523,4.002651555148481
CNP0325867.2,CC[C@@H](O)CC1=C(C)OC(=O)C=C1OC,212.24499999999998,0.8918088550940068,0.8160828887331172,2.994455035877122
CNP0430478.1,CCC(C)[C@H]1C(=O)NCCC(=O)N[C@H](C(C)C)C(=O)N(C)[C@@H](C(C)C)C(=O)N(C)[C@@H](C)C(=O)NC(=O)CCN[C@H](CC(C)C)C(=O)N(C)[C@H](C(C)CC)C(=O)O[C@H](C)[C@H](NC(=O)[C@@H](CC(C)C)NC(=O)[C@@H](NC(=O)COC)C(C)C)C(=O)NCCC(=O)N[C@H](CC(C)C)C(=O)N1C,1376.7909999999993,0.679690841761158,0.0616411266117241,7.37137119505538
CNP0070834.2,CCOC(=O)NC[C@H]1C2=CC=CC=C2CCN1C(=O)OCC,306.3620000000001,-0.6165931642502089,0.927716488759635,2.661189951679317
CNP0571891.1,O=C1C[C@@H]2CCN(C(=O)NC3=CC=CC(Cl)=C3)C[C@@H]2CCOC2=CC=C(C3=CC=CN=C3)C=C2N1,490.9910000000003,-1.336641574922388,0.4835123768412216,3.682294527121432
CNP0360812.0,CC1OC(CC2=CC=CC=C2)OC1C,192.25799999999998,0.4765692021737213,0.7158967753249352,3.056682322996285
CNP0046487.3,C=CC(=O)[C@@H](C1=CC=CC=C1)[C@@H](SCC)C1=CC=CC=C1,296.435,-0.119994670409038,0.6673101980100378,3.137216896197856
CNP0384262.1,O=C(/C=C/C1=CC=C(O)C(O)=C1)O[C@@H]1C[C@](O)(C(=O)O)C[C@@H](OC(=O)/C=C/C2=CC=C(O)C(O)=C2)[C@H]1OC(=O)/C=C/C1=CC=C(O)C=C1,662.6000000000003,1.1498672178847915,0.0715274163341565,4.063931255733818
CNP0148425.1,CC(C)C[C@@H](N)C(=O)N[C@@H](CCC(N)=O)C(=O)O,259.3059999999999,0.4276676036630779,0.4519716419159276,2.741293016138872
CNP0145690.1,C[C@@H]1O[C@@H](OC[C@H]2O[C@@H](O[C@@](C)(C/C=C/C(C)(C)O)[C@H]3CC[C@]4(C)[C@@H]3[C@H](O)C[C@@H]3[C@@]5(C)C[C@@H](O)[C@H](O)C(C)(C)[C@@H]5CC[C@]34C)[C@H](O)[C@@H](O)[C@@H]2O)[C@H](O)[C@H](O)[C@H]1O,801.0240000000005,2.598342157780968,0.1472551231114544,6.152365525674778
CNP0357580.1,C[C@@H]1[C@H](O)CC(=C2CCCCC2)C(C)(C)C[C@H](N2C=CN=C2)CSSC[C@@H]2C[C@H]1[C@@]1(C)C[C@H]3CC[C@@H]4[C@H](O)[C@H](O)C[C@H]5C(=O)C=C([C@H]3[C@@]45C)[C@]21O,739.1010000000002,2.1829186580418067,0.1725275296228079,7.317919278445375
CNP0149229.2,OC[C@H]1O[C@H](O[C@@H]2[C@@H](O)[C@@H](OC[C@H]3O[C@@H](O)[C@H](O)[C@@H](O)[C@@H]3O)O[C@H](CO)[C@H]2O)[C@H](O)[C@@H](O)[C@@H]1O,504.4380000000001,1.895075742410265,0.1535885606590293,4.857882471620316
CNP0124246.1,CC[C@@H](C)[C@@H](C(=O)N(C)[C@H](C(=O)N(C)[C@@H](CC(C)C)C(=O)N[C@@H](CC(N)=O)C(=O)N[C@H](CC1=CC=CC=C1)C(=O)N1CCC[C@H]1C(=O)NCCC(=O)N[C@@H](CCCNC(=N)N)C(=O)O)C(C)C)N(C)C(=O)[C@H](CC(N)=O)N(C)C(=O)[C@H](C(C)C)N(C)C(=O)[C@@H](CC1=CC=CC=C1)NC(=O)COC,1431.7459999999992,0.0645896724103197,0.0220007491585494,6.686624467974821
CNP0295699.0,CCC=CC=CC=CCCCCCCC=O,220.3559999999999,1.929422329079081,0.298474405181226,2.9076688766861256
CNP0604336.0,CC1=C(C(=O)NC(C(=O)NC(C)C(O)C(C)C(=O)NC(C(=O)NCCC2=NC(C3=NC(C(=O)NCCC[S+](C)C)=CS3)=CS2)C2(O)CC2)C(OC2OC(CO)C(O)C(O)C2OC2OC(CO)C(O)C(OC(N)=O)C2O)C2=CN=CN2)N=C(C(CC(N)=O)NCC(N)C(N)=O)NC1=N,1427.5870000000018,0.3292030740955637,0.0150257148874731,7.554871125864718
CNP0011871.1,CSCC(=O)N1CC[C@H](NC(=O)NC2=CC=CC(SC)=C2)[C@H]1C(=O)N[C@H](CC1=CC=CC=C1)C(N)=O,529.6880000000002,-1.283084744126744,0.3483939471064924,3.533982291667594
CNP0293448.4,C[C@]12CCC[C@@]3(CO3)[C@@H]1C[C@H]1[C@@H](C2)OC(=O)[C@@H]1CNCCCN1CCCC1=O,390.5240000000002,1.0829499692093465,0.4273117877582917,4.801910594063301
CNP0378162.2,CO[C@H]1C[C@H](O[C@H]2CC[C@]3(C=O)[C@H]4CC[C@]56CO[C@@]7(COC(=O)C7)[C@H]5CC[C@]6(O)[C@@H]4CC[C@]3(O)C2)O[C@H](C)[C@H]1O,564.6720000000005,3.2183856121572854,0.2622126457894762,6.418676965399798
CNP0073093.1,CC[C@@H](C)[C@H]1NC(=O)[C@@H](C)NC(=O)[C@H](CC2=CC=CC=C2)NC(=O)[C@@H](CC(C)C)NC(=O)[C@@H](C(C)C)NC(=O)[C@H](CC2=CC=CC=C2)NC(=O)[C@@H]([C@H](C)CC)NC1=O,804.0459999999999,0.8810403026643053,0.1809585542442606,5.258983737159343
CNP0472106.2,CO[C@@H]1[C@@H](O)[C@H](O[C@@H]2[C@@H](O)[C@H](O[C@H]3[C@H](O)[C@@H](O)[C@H](O[C@H]4[C@H](O[C@H]5CC[C@]6(C)C7=C[C@H](O)[C@]89C(=O)O[C@@](C)([C@H](O)CCC(C)C)[C@@]8(O)CC[C@@]9(C)[C@@H]7CC[C@@H]6C5(C)C)OC[C@@H](OS(=O)(=O)O)[C@@H]4O)O[C@@H]3C)O[C@H](CO)[C@H]2O)O[C@H](CO)[C@H]1O,1201.3380000000004,2.1333320393786064,0.0311793971302098,7.712811384591909
CNP0208431.1,C[C@@H]1C(C=O)=C[C@H](O)[C@]2(C)CC[C@]3(C)[C@H](CC[C@@H]4[C@@]5(C)CC[C@H](O)C(C)(C)[C@@H]5CC[C@]43C)[C@@H]12,456.7110000000003,2.8130279575620665,0.4636184802507785,5.072158207168469
CNP0189989.0,COC(=O)C1=NC=C(O)C2=C1NC1=CC=CC=C12,242.234,0.1064841091429277,0.6413415888879557,2.4252760594760794
CNP0362613.1,C=C(CO)C(=O)CC[C@@H](C)[C@H]1CC[C@@]2(C)C3=C(CC[C@]12C)[C@@]1(C)CCC(=O)C(C)(C)[C@@H]1CC3=O,468.6780000000004,3.1146065669967915,0.4840868880682363,4.843989198545884
CNP0229029.1,CCCCC(CC)C/C(C)=C/[C@]1(CC)C[C@@H](CC)[C@@H](CC(=O)O)OO1,354.53100000000006,2.409108450954252,0.3700363604244942,4.456461739917917
CNP0531174.0,O=C(O)C(=O)CC(=O)C1=CC=CC(N(CC2=CC=CC=C2)CC2=CC=CC=C2)=C1,387.4350000000001,-0.4099332300506207,0.3395925605291632,2.098691056831697
CNP0502413.2,COC1=CC=C(C(=O)N2CC[C@]3(C2)C(=O)NC2=CC=C(OC)C=C23)C=C1,352.39000000000004,-0.4713213588306576,0.9212929073735884,3.1119530949198424
CNP0362651.4,COC1=CC(C(=O)ON=C2C[C@H]3CC[C@H](C2)N3C)=CC(OC)=C1OC,348.3990000000001,-0.0356447842584159,0.6014042049820966,3.997392952543181
CNP0084531.2,CCCCCCCCC=CCC=CCC=CCCCC(=O)OC[C@H](COP(=O)(O)O[C@H]1C(O)C(O)C(O)[C@@H](O)C1O)OC(=O)CCCC=CCC=CCC=CCCCCCCCC,911.1639999999996,0.9166282197068976,0.0147793372212982,5.267379641704904
CNP0249183.2,CC(C)[C@@H]1OC(=O)[C@H]2CCCN2C(=O)[C@H](CC2=CC=CC=C2)NC(=O)[C@@H]2CCCN2C(=O)[C@H](CC2=CC=CC=C2)NC1=O,588.7050000000003,0.7711718751808838,0.5152418211759432,4.481304525412738
CNP0266314.1,CC[C@](C)(C#N)O[C@@H]1O[C@H](COC(=O)C2=CC(O)=C(O)C(O)=C2)[C@@H](O)[C@H](O)[C@H]1O,413.379,1.2718030045979618,0.2596927350409517,4.308133736166342
CNP0163395.5,COC1=CC=C(N2C(=O)[C@H]3[C@H]4C5=CC=CC=C5[C@H](C5=CC=CC=C54)[C@@H]3C2=O)C=C1,381.4310000000001,-0.5384154468129447,0.6283302287682136,3.562601802722929
CNP0393570.3,C[C@]12CCC(=O)C[C@H]1CC[C@@H]1[C@H]2CC[C@]2(C)[C@@H](C3=CC(=O)OC3)CC[C@]12O,372.50500000000017,3.0258878344014875,0.7110408879876866,4.428498534919984
CNP0146135.2,C=C1[C@@H](C)C[C@@H](OC(=O)/C=C\C2=CC=CC=C2)[C@]2(C)[C@@H](C=O)C(C=O)=CC[C@@H]12,378.46800000000013,2.38458161438295,0.3338327611101716,4.44944832921753
CNP0155248.1,CC(=O)N1C[C@@H]2C[C@H](C1)C1=CC=C(NC(=O)CC3=CC=CC=C3)C(=O)N1C2,365.4330000000001,-1.1364409526456485,0.9042773475166932,3.73235784803473
CNP0145386.0,CC1CCC2(OC1)OC1CC3C4CCC5CC(OC6OC(CO)C(OC7OC(CO)C(O)C(OC8OCC(OC9OC(C)C(O)C(O)C9O)C(O)C8O)C7OC7OC(CO)C(O)C(O)C7O)C(O)C6O)CCC5(C)C4CC(=O)C3(C)C1C2C,1195.3090000000007,2.0004391948699523,0.0777031013912603,7.691817103475192
CNP0582350.1,C=CC(O)C1=CC(C)=CC=C1/C(C)=C\C(C)=C\CCC[C@H](O)C[VH]C(C)=O,408.4580000000001,0.9816235871357888,0.3118811839304878,4.505609975222254
CNP0469913.0,O=C(CC1=CC=CC(Cl)=C1)NNC1=CC=CC=C1,260.724,-1.8437216832511112,0.8299976498920024,1.6858322898972418
CNP0232122.4,O[C@@H]1[C@H](O)[C@@H](O)C=C[C@@H]1O,146.142,1.6846707118165802,0.2978886154038056,4.105397064986924
CNP0514292.2,CCCCCCCCCCCCCCCCCCC(=O)OC[C@@H](COC(=O)CCCCCCCCCCCCCCC(C)C)OC(=O)CCCCCCCCCCCCCC,863.4469999999992,0.2845782936876234,0.0344320547748878,3.2219541994003222
CNP0217463.1,C/C1=C/[C@H](O)C(C)(C)[C@@H](O)CC[C@]2(C)O[C@H]2CC1,254.36999999999995,3.109656949111228,0.5153975444939239,4.632060618299606
CNP0159963.4,C[C@@H]1C[C@H]2OC(=O)[C@@]3(C)CCC[C@@](C)([C@@H]23)[C@@]12CC[C@@]1(COC(=O)C1)O2,348.43900000000014,3.480187281291931,0.6298919830589098,5.659182845579525
CNP0369866.3,CCCCCO[C@@H]1[C@H]2OC(C)(C)O[C@H]2O[C@@H]1[C@@H](O)CO[C@@H]1O[C@H](COC(C)=O)[C@@H](OC(C)=O)[C@H](OC(C)=O)[C@H]1NC(C)=O,619.6610000000003,1.1555698911454144,0.1553695982989625,4.873705115369543
CNP0280057.0,CCCCCCCCCC=CCCCCCCCCC(=O)O,310.522,0.7904122426713776,0.2344746307347373,2.063257423120822
CNP0406912.1,O=C(NC1=CC=C(SC[C@@H]2CCCN3CCCC[C@H]23)N=C1)C1=CC=C(Cl)C=C1,415.99,-1.342997658348161,0.6688375218693734,3.0322577997904503
CNP0233228.0,O=C1C(=CC2=CC=CC=C2O)SC(=S)N1CN1CCOCC1,336.43800000000016,-1.8746046939965912,0.6718930674819261,2.388053027516428
CNP0364537.2,CC1(C)C2=CC=CC=C2N2CC(=O)N(N)[C@]21C,231.29899999999992,0.1110660255706882,0.539222140016352,3.535805773161252
CNP0476024.1,CNCC[C@]1(CC[C@@H]2CNC(=O)C2)OC2=C(C=C3C(=O)C=C(C)OC3=C2N2C=C3C=CNC3=C2)C[C@H]1OOC[C@@](O)(CC1=CC=C(O)C=C1)[C@@H](O)[C@H](O)[C@H](O)CO,790.8670000000003,1.689043527753673,0.0481692368290673,5.89166893452128
CNP0372663.2,C=CC(C)(CC/C=C(\C)CC/C=C(\C)CC/C=C(/C)CO[C@@H]1O[C@H](CO)[C@@H](O)[C@H](O)[C@H]1O[C@@H]1O[C@H](CO[C@@H]2O[C@@H](C)[C@H](O)[C@@H](O)[C@H]2O)[C@@H](O)[C@H](O)[C@H]1O)O[C@@H]1O[C@H](CO)[C@@H](O)[C@H](O)[C@H]1O[C@@H]1O[C@H](CO)[C@@H](O)[C@H](O)[C@H]1O,1101.196000000001,1.356707377885174,0.0381763416584597,6.696718121352158
CNP0268916.0,COC1=CC2=C(C=C1OC)C1(CCCC1)CN(C(C)=O)C2,289.375,-0.0080756109612523,0.8400696686629278,2.858158164624017
CNP0420023.1,CNCC1=CC(O)=CC([C@@H]2C[C@]3(C4CCCCC4)[C@H]4[C@H](C[C@@]5(C)[C@@H]3CCC3=C([C@@H]6[C@H]7CCCC[C@H]7CC[C@H]6[C@@H](O)[C@H]6O[C@]6(C)[C@H]6CCC[C@@H]6C6=CC=CC(N)=C6)C(=O)C[C@@]35C)NC[C@](C)(O)CCCC[C@@]4(C)C2=O)=C1,1026.5009999999995,1.8021251042181368,0.1062623644377778,7.288314939893505
CNP0350578.1,C=C1CC[C@@H](C(C)C)C2C=C(C)C(=O)C3=C(C(=O)C(C)C3)C12,298.426,2.719628905397577,0.6772524234481899,4.4786145496311525
CNP0450118.1,CN1C(O)=C(C(=O)/C=C/C[C@@H](NC2=CC(Cl)=CC=C2Cl)C2=CC=CC=C2)C(=O)C2=CC=CC=C21,493.3900000000002,-0.4381466675916735,0.2268144449090012,3.086281759496221
CNP0436586.1,C=C(CO)C[C@@H]1C[C@H](O)[C@@H]2O[C@@H]3C[C@]4(C)O[C@@H]5CC[C@@H]6O[C@@H]7C/C=C\[C@@H]8O[C@@H]9C[C@H](C)C[C@H](O)[C@@H](CC(=O)O)O[C@H]9C[C@H]8O[C@H]7C/C=C\C[C@H]6O[C@@]5(C)CC[C@H]4O[C@H]3C[C@H]2O1,859.0630000000001,2.120830976529848,0.2813031867931472,7.053405266642284
CNP0497511.0,C[N+](C)(C)CCC(=O)C1=CC=C2OCCOC2=C1.[I-],377.222,-0.1178121397462736,0.3735812890576307,2.5944896675064197
CNP0227959.14,C[C@@H]1CC[C@@H]2C(C)(C)[C@H](O)CC[C@]2(C)[C@]12CC1=C(O)C=C3C(=O)N([C@@H](CCC(=O)O)C(=O)O)CC3=C1O2,515.6030000000003,2.2958725855680044,0.465780572469762,5.071511301712642
CNP0387556.3,CC(C)[C@H](NC(=O)CO/N=C1/C=C2CC[C@@H]3[C@H](CC[C@@]4(C)[C@H]3CC[C@]4(C)O)[C@@]2(C)CC1)C(=O)O,474.6420000000004,0.8012076461326495,0.4975996054296993,4.442469461508637
CNP0581815.0,CCC=CCC=CCC=CCC=CCC=CCCCCCC(=O)OCC(COC(=O)CCCCCC=CCC=CCC=CCC=CCC=CCC)OC(=O)CCCCC=CCC=CCC=CCC=CCC,975.4929999999997,0.4715293867545989,0.0261627763322252,4.132790321860901
CNP0352373.1,C[C@@H]1O[C@H](OC(=O)C2=CC=CC3=NC4=CC=CC=C4N=C23)[C@H](O)[C@H](O)[C@H]1O,370.36100000000005,1.1106436889915143,0.4465798390387851,3.560123442126306
CNP0263367.4,C[C@H]1O[C@@H](O[C@H]2CC[C@]3(C=O)[C@H]4CC[C@]5(C)[C@H](C6=CC(=O)OC6)CC[C@]5(O)[C@@H]4CC[C@]3(O)C2)C[C@H](O)[C@@H]1O,534.6460000000005,3.1510223350067683,0.2410981315153721,5.322727778353764
CNP0143295.1,CC[C@H](C)[C@@H]1CC(=O)NCC(=O)N[C@@H](C(C)C)C(=O)N[C@H](CC(C)C)C(=O)N[C@@H](C)C(=O)N[C@@H](C)C(=O)O1,539.6740000000002,1.8522586855069183,0.3093226116379246,5.0049544778259225
CNP0181216.2,C=C1C[C@H]2O[C@@H]3[C@@H](C[C@]2(C)O[C@@H]1C/C(C)=C/[C@@H](C)COC(=O)C[C@@H](C)CC(=O)O)O[C@H]1C[C@H]2O[C@H]4CC[C@H]5O[C@H]6C[C@H]7O[C@@H](C[C@H](O)C[C@@H]8C[C@@H](C)[C@@H]([C@@H](C)CC(=O)O)O8)[C@](C)(O)CC[C@@H]7O[C@]6(C)C[C@]5(C)O[C@@H]4C/C=C\[C@H](C)[C@@H]2O[C@]1(C)[C@H]3O,1199.5229999999997,1.8586782364208811,0.0719689835615895,6.303650711152037
CNP0067617.5,CC1=C(/C=N\NC(N)=O)[C@@H](C)C2=CC=CC=C12,229.28300000000002,-0.6226398763519587,0.5923197336313795,3.2367781633982133
CNP0520204.1,C[C@]12C[C@H](N)N[C@H](C1)C1(CCCCC1)C1=CC=CC(=C1)C[C@H]1[C@H](C=C3CCC[C@]4(C)[C@H](O)C[C@@H](N5C=CN=C5)[C@H]5C[C@@]1(O)C3CN54)CCC1(CCCC1)[C@H](O)C[C@@](O)(CC(=O)O)CN2,883.2319999999996,1.7344979798399234,0.1724833532142961,8.022350132222853
CNP0168302.16,COC(=O)C1=CO[C@@H](O[C@@H]2O[C@H](CO)[C@@H](O)[C@H](O)[C@H]2O)[C@H]2[C@H]1C(=O)C[C@@H]2C,388.36900000000014,2.358035057201693,0.400161365883833,4.641231125167842
CNP0478298.2,CC[C@H](C)C1=CC=C(C(=O)O)C=C1,178.231,-0.3310818492333308,0.7722413053032806,1.973600842906208
CNP0532219.1,CCCCCCCCCCCC(=O)O[C@H](COC(=O)CCCCCCCCCCCCCCCC(C)C)COC(=O)CCCCCCCCCCCC(C)C,779.2849999999997,0.3156231984535459,0.0348369965535486,3.1252935131553743
CNP0345384.1,CC(C)=C[C@@H]1C=C(C)[C@H](C)[C@H](C(=O)O)[C@@H]1C(=O)O,252.30999999999997,1.3770684866894556,0.756897741043894,4.286928408584262
CNP0504928.1,CCCCCCCCCCCCCCCCCCCCOC[C@H](COP(=O)([O-])OCC[N+](C)(C)C)OC(=O)CCCCCCCCCCCCCCC,776.1779999999993,0.3558748810087854,0.0263347643776578,3.962178128662007
CNP0183443.0,COC1=CC2=C(C=C1OC)C(=O)C1=CC=C(OC)C(OC)=C1O2,316.3090000000001,0.5769738763114652,0.6893925705449019,2.1000900133584484
CNP0083894.2,CCC=CCC=CCC=CCCCCCCCC(=O)OC[C@H](CO)OC(=O)CCCCCCCCCC=CCCCCCCCC,645.022,0.922684537419381,0.0428507995789012,3.578056362179712
CNP0341058.0,C=CCCCCCC=CCC#CC#CC=CC=O,240.34599999999998,2.93604952856184,0.2070811280341583,3.6398041833883648
CNP0379939.1,C=C1CC[C@H]2C(C)(C)CCC[C@]2(C)[C@H]1CC(=O)/C=C/OC,290.447,2.922955048632443,0.4178038811354569,4.19292668534781
CNP0397658.2,COC1=CC=C([C@H]2CC(=O)NC3=C2N(C2=CC=CC=C2)C=C3C(=O)O)C(OC)=C1OC,422.43700000000024,-0.1927674644838418,0.6288654119074313,2.9933001432220223
CNP0502297.0,O=C1C=[N+]([O-])C2=CC=CC=C2N1O,178.147,-0.1416664828883307,0.3468773396893045,2.9473512884703634
CNP0119869.1,O=C(/C=C/C1=CC=C(O)C(O)=C1)OC[C@H]1O[C@@]2(C(=O)O)C[C@@H](OC(=O)/C=C/C3=CC=C(O)C(O)=C3)[C@@H](O)C1O2,544.4650000000003,1.6917262800241584,0.1559323280758907,5.2363900651227615
CNP0597684.0,CC1=CC(C=CC2=CC=CC=C2)=C([N+](=O)[O-])C=C1[N+](=O)[O-],284.271,-0.6603757212930856,0.4823666217522084,2.185917625737209
CNP0578763.1,CC(=O)OC1=C2[C@@H](OC(=O)[C@]3(C)CO3)CC(C)=C[C@@H](OC(C)=O)C[C@@]3(C)O[C@@H]3[C@H]2OC1=O,450.4400000000002,2.3930852144894432,0.2669329092176664,5.574798772118578
CNP0323525.5,C[C@@]12CCC[C@@H]1[C@H]1CC[C@@H]3C[C@@H](OCC4=CC=CC=C4)CC[C@]3(C)C1CC2,366.5890000000002,1.6845779427629255,0.5590891588942091,3.828586683846341
CNP0346163.4,CC(=O)O[C@H]1CC[C@@]2(C)C(=CC[C@@H]3[C@@H]2CC[C@]2(C)C(C#N)=CC[C@@H]32)C1,339.4790000000001,1.8791074853374488,0.5019929705543186,4.320676654218362
CNP0290788.2,C[C@]12CCC3C(CC[C@]4(O)C[C@@H](O)CC[C@]34C)C13OC3CC2C1=COC(=O)C=C1,400.51500000000016,3.1071980905294447,0.7064141374238944,5.260057485873979
CNP0390943.1,C=C1[C@@H](OC(C)=O)CC[C@@]2(C)C[C@H](OC(C)=O)C3=C(C)C[C@H](OC(=O)CC)[C@@H]([C@@H](OC(C)=O)[C@H]12)C3(C)C,518.6470000000004,2.546509224926146,0.2891649476013333,5.72063527301787
CNP0267066.1,CCC1=C(C)C=CC2=C1C(=O)CC1C(C)(C)C(=O)C=C[C@]21C,296.40999999999997,1.8020105423816448,0.7786854326716566,3.805999462157137
CNP0192382.52,C[C@@H]1CC[C@]2(OC1)O[C@H]1C[C@@H]3[C@@H]4CC[C@H]5C[C@H](O)CC[C@]5(C)[C@@H]4CC[C@]3(C)[C@@H]1[C@@H]2C,416.64600000000024,3.0871021425412604,0.5427478734583498,5.219575048480591
CNP0427994.0,C=C(CNC)CC(=CC(=O)N1CC(OC)=CC1=O)OC,280.324,0.9138069524917602,0.4196349991342268,3.72057989795554
CNP0488034.2,CCCC[C@@H](CC)C1NC(=O)C2=CC=CC=C2N1,246.354,0.4280132196056,0.8358496652168413,3.331186032074343
CNP0352023.2,COC(=O)CC(O)CC(O)CC(O)/C=C/C=C/CCC[C@@H](C)O,330.42100000000016,2.0797485011807693,0.2422374484835412,4.010827272774078
CNP0425773.2,CC(=O)OC[C@@]12[C@H](CC[C@@H](OC(C)=O)[C@]13CO3)[C@@](C)(CC(O)C1=COC=C1)[C@H](C)C[C@@H]2O,450.5280000000002,3.0893616494092244,0.5016605135428948,5.445302982883804
CNP0401959.1,CO[C@@H]1[C@@H](O)[C@H](O[C@@H]2[C@@H](O)[C@H](O[C@H]3[C@H](O)[C@@H](O[C@@H]4O[C@H](CO)[C@@H](O)[C@H](O)[C@H]4O)[C@H](O[C@H]4[C@H](O[C@H]5CC[C@]6(C)[C@@H]7CC[C@@]89C(=O)O[C@@](C)(CC(=O)CC(C)C)[C@H]8CC[C@@]9(C)C7=CC[C@H]6C5(C)C)OC[C@@H](OS(=O)(=O)O)[C@@H]4O)O[C@@H]3C)O[C@H](CO)[C@H]2O)OC[C@H]1O,1299.4389999999996,2.1540711240456827,0.0384096801693754,7.930355291564146
CNP0553999.1,C=CCOC1=CC=C(C(=O)NC[C@@H](C2=CC=CC=C2OC)N(C)C)C=C1,354.4500000000001,-1.0476692716065312,0.7022527918889191,2.469685142047931
CNP0051891.0,COC1=CC=C(C(=O)NC2=CC=C3OC(C(=O)C4=CC(OC)=CC=C4OC)=C(C)C3=C2)C=C1,445.47100000000023,-0.983553402365858,0.3911008550374304,2.156018712891917
CNP0162906.2,O=C(O)C[C@@H](C(=O)O)[C@@H](OC(=O)/C=C/C1=CC=C(O)C=C1)C(=O)O,338.26800000000003,1.056036385223709,0.3925347731687155,3.188360550909551
CNP0376288.2,CCOC(=O)C1=CC=CC(NC(=O)[C@@H]2CCC(=O)N2[C@H]2OC(=O)C3=CC=CC=C32)=C1,408.4100000000001,-0.7613438727960702,0.763481443895279,3.084484638820617
CNP0173607.0,CC(C)CC(N)C(=O)NC(CCC(=O)O)C(=O)NC(CCCCN)C(=O)O,388.4650000000002,0.6606680274129778,0.2130519251530539,3.144083999668072
CNP0161451.1,COC(=O)[C@@H](C)[C@@H]1CC[C@](C)(CC/C=C(\C)CCC2=C(C)CCCC2(C)C)OO1,406.60700000000026,2.914033543375269,0.2555455890179582,4.3577590867289775
CNP0244598.1,C=C[C@@]1(C)CC[C@H](C2(C)OC2/C=C/C(C)(C)O)C[C@@H]1C(=C)C,304.47400000000005,2.760399061317509,0.5918551228594122,5.076109438619812
CNP0023075.1,C[C@]1(CO)[C@H]2CC3=C(N=C(C4=CC=CC=C4)S3)[C@@H](CC(=O)NC3CCCC3)[C@]2(C)CC[C@H]1O,468.6630000000004,0.075781418259809,0.5953250050487218,4.002685166223918
CNP0503838.0,C=C(C(=O)OC)C1C=C2C(C)CC(O)CC2(C)CC1,264.36499999999995,2.661511854777326,0.4737343875803863,4.567774831881176
CNP0574297.1,O=C1NCCC2=CC(Br)=C(O)C(=C2)OC2=CC=C(C=C2Br)[C@@H](O)CNC(=O)/C(=N/O)CC2=CC(=C(O)C(Br)=C2)OC2=CC=C(C=C2Br)C/C1=N\O,956.233,1.1591845788197808,0.0716014921257368,6.376715855093054
CNP0528028.1,CO[C@@H]1C(=O)N(CC2=CC=CC=C2)[C@@H]2CN(S(=O)(=O)C3=CN(C)C(C)=N3)C[C@H]12,404.49200000000025,-0.8691068793854432,0.7351613499760279,3.744416053365285
CNP0195018.1,C=C(C)[C@@H]1CC[C@]2(C(=O)OC)CC[C@]3(COC(=O)C4=CC=CC=C4)[C@@H](CC[C@@H]4[C@]5(C)CC[C@H](OC(C)=O)C(C)(C)[C@H]5CC[C@]43C)[C@@H]12,632.8820000000001,2.4595058453335845,0.1775930069925169,4.931536977954646
CNP0570910.0,CCOC(=O)C1=C(C)N(C2=CC=CC=C2C)C2=CC=C(OC)C=C12,323.3920000000001,-1.0264641564743668,0.6667982746921116,2.00118917597624
CNP0267135.2,CC(C)=CCC[C@@](O)(CO)[C@H]1CC[C@]2(C)[C@@H]1CC[C@@H]1[C@]3(C)CC[C@H](O)C(C)(C)[C@@H]3CC[C@]12C,460.74300000000034,3.005879493977613,0.4102700263401671,4.842096879451708
CNP0324316.1,COC1=CC=C(CC[C@H](C)O)C=C1,180.247,0.5034862743793231,0.7676366327063563,1.996442820928184
CNP0493752.0,CN1CCCN(C)C1=O,128.175,-0.7036364494997223,0.4621772024730006,2.435218391840941
CNP0582873.0,CCCCCCCCCCCCCC=CC=CC(=O)OCC,308.5060000000001,0.9377654271551592,0.1521227022751071,2.257831049494449
CNP0216887.0,CC1=COC2=C1C(=O)C1=CC=C3C(C)=CC=CC3=C1C2=O,276.29100000000005,1.180442958567243,0.4901866145808813,2.514227453548205
CNP0087039.3,C=CCC1=CC(OC)=C(O[C@H](C2=CC(OC)=C(OC)C(OC)=C2)[C@H](O)CO)C(OC)=C1,434.4850000000002,0.8608904048712064,0.4925570086818047,3.347581459006093
CNP0379101.0,CC1=CC=C(C)C(N2C(=S)NC(O)=C(C3NCCC4=C3NC3=CC=CC=C43)C2=O)=C1,418.5220000000002,-0.5975235255638933,0.3716610263563527,3.288395203205061
CNP0283928.0,CC1=COC2=CC3=C(C=C12)C(C)=C(CC(=O)NCCN1C=CC=C1)C(=O)O3,364.401,-0.8384947442221595,0.5512483958123963,2.722653634165693
CNP0561836.0,COC1=CC=C(CCNC(=O)C2=CC=C3C(=C2)N=CN3C2=CC=CC(C)=C2)C=C1OC,415.49300000000017,-1.3671676390908554,0.4881337940169905,2.1159075065410318
CNP0273886.5,CO[C@@H]1[C@H](OC(=O)/C=C/[C@H](O)[C@H](C)O)CC[C@]2(CO2)[C@H]1[C@@]1(C)O[C@@H]1CC=C(C)C,410.50700000000023,3.18267716014013,0.2727468123626432,5.335573597226395
CNP0539404.0,CC(C)=CCC1=CC=C(O)C(C=O)=C1CC=CCCC(C)O,302.414,2.1623844016827816,0.5640158827263959,3.5703879665676546
CNP0076040.0,COC1=CC=C(CCO)C=C1O,168.192,0.9361475738507,0.7056414601373082,1.791254848121124
CNP0428216.0,COC1=CC(O)=CC(C)=C1C(=O)C1=C(O)C(Cl)=C(OC)C(Cl)=C1OC,387.21500000000015,1.012679363245368,0.7556519633914444,2.7677645228899284
CNP0543289.1,CCC[C@H](O)C[C@@H](O)CC(=O)CCC1=CC=C(O)C(OC[N+]2=CC3=NC=C([C@@]45CCC[C@H]4[C@@H]4CCCC6=C4C4=C(C=CC=C45)[C@H](N)N6)C3=C2)=C1,677.8660000000002,2.2759244236195384,0.1721103974338856,5.655689649992038
CNP0061179.2,COC1=CC=C(C(=O)N[C@H]2CC[C@]3(C)CC[C@H]([C@H](C)C(=O)NC4CC4)[C@H](O)[C@H]3[C@@H]2C)C=C1,442.60000000000014,0.060171556149553,0.6289391744415563,3.962872178930237
CNP0574365.1,CCCCCCCCCCCCCCCCCCC(=O)OC[C@@H](COC(=O)CCCCCCCCCCCC)OC(=O)CCCCCCCCCCCCCCCCCCC(C)C,891.5009999999991,0.2755440621419845,0.0343842917478928,3.26682670678929
CNP0130802.0,COC(=CC=CC1=CC2=CC(Cl)=C(Cl)C=C2N1)C(=O)NCCCN1CCN(C2=CC=CC(OCC(=O)NCC3=CC=CC=C3)=C2)CC1,676.6450000000001,-1.0506432098051168,0.0652467893606853,3.073973490824713
CNP0561738.1,COC1=CC=CC=C1NC(=O)N1CC[C@@]2(C1)C(=O)N(C)C1=CC=CC=C12,351.406,-0.8838673288579112,0.9049586321766516,3.131113178079924
CNP0169965.1,COC1=CC(/C=C/C(=O)OC[C@H]2O[C@@](CO)(O[C@H]3O[C@H](COC(C)=O)[C@@H](O)[C@H](O)[C@H]3O)[C@@H](O)[C@@H]2O)=CC=C1O,560.5050000000002,1.7470400305504792,0.1127752296449131,4.616510815192592
CNP0356590.2,CC1=C[C@@H]2C/C(C)=C\C[C@H](O)CC(=O)[C@]23C(=O)N[C@@H](CC(C)C)[C@@H]3[C@@H]1C,359.5100000000001,2.3959420725337583,0.5864591757639632,5.694718631761679
CNP0166834.1,O=C(NC[C@@H]1CCCN2CCCC[C@H]12)C1=CC(Br)=CC=C1N1C=NN=N1,419.32700000000006,-1.7087035619401727,0.8241099229161299,3.226977542557281
CNP0513753.1,CC(C)[C@@H](C)/C=C/[C@@H](C)C1CC2C3=CC=C4C[C@@H](OC5OCC(O)C6OC(=O)C(=O)OC56)CC[C@]4(C)C3CC[C@]2(C)C1,582.7780000000001,2.333295535966835,0.2365515188718941,5.658921933265279
CNP0220655.1,CCCC/C=C/CCCCCCCCCCCCCCCC[C@@H](O)[C@@H](O)[C@H](CO)N(C(=O)[C@H](O)CCCCCCCCCCCCCCCCC)[C@@H](O)CO,784.2609999999993,0.6496586985101144,0.0205352975389697,4.477522043466976
CNP0389218.0,C=CC=CCCCCC,124.227,2.4310895211674666,0.389390725462269,2.4991320072255565
CNP0205125.2,C=C1CC2OC([C@@H]3[C@@H](C(C)C)[C@H](OC(C)=O)[C@H]4O[C@@]4(C)[C@H]23)[C@](C)(OC(C)=O)CC[C@@H]1O,436.54500000000024,3.472044290956319,0.4129207802505422,6.359792526308192
CNP0016483.1,CN1C(C[C@H]2CN(C3CCC3)CC[C@H]2CC(=O)O)=NC2=CC=CC=C21,341.455,-0.7043326993988879,0.9078655343472708,3.193309484856738
CNP0545696.1,CCCCCCCCCCCCCCCCC(=O)O[C@H](COC(=O)CCCCCCCCCCCC)COC(=O)CCCCCCCCCCCC(C)C,765.2579999999997,0.3214680724989819,0.0349408382715504,3.077733874892342
CNP0539533.0,C=C(C)CSC1=NC2=C(C(=O)N1CCCC)C1(CCCC1)CC1=CC=CC=C12,394.58400000000023,-1.159031065731482,0.3555524114993026,3.12479965404356
CNP0155002.1,COC1=CC=CC=C1C(=O)OC[C@H]1O[C@@H](OC2=CC(O)=CC(/C=C/C3=CC=C(O)C=C3)=C2)[C@H](O)[C@@H](O)[C@@H]1O,524.5220000000002,1.0922249334941632,0.2189868180460933,3.796558187044191
CNP0542823.1,CCC1=CN=C(N)C=C1[C@H](C[C@H](O)[C@H](O)C[C@H]1C#C[C@@]2(CC[C@H]([C@H]3[C@H](CNC4(C)CCCC4)[C@H]4C5=C6C(=CN5)C=C[C@H]5C(=O)C[C@H]7NC[C@H]([C@@H]3CCC(O)O)[C@@H]4[C@@H]7[C@H]65)C[C@H]2O)C(=O)CCC2=CC(OC)=C(O)C=C21)C1=CC=C2C=CC=CC2=C1,1140.476,1.5296102264591265,0.0328857716763517,6.854126797991743
CNP0510584.1,C[C@@H]1C=CC(=O)[C@H](O)[C@@]12C(=O)O[C@H](C)C2=O,224.21199999999996,2.4850641500853885,0.4479646421737666,5.115482541282397
CNP0202602.1,CC1=C2C(=O)C=C(CO)[C@@H]2[C@@H]2OC(=O)[C@@H](CN3CCC[C@@H]3C(=O)O)[C@@H]2CC1,375.42100000000016,1.8226477197785147,0.7042865246794675,4.45380369313845
CNP0567688.1,COC(=O)[C@]1(O)CC2OC1(C)N1C3=CC=CC=C3C3=C4CN=C(O)C4=C4C5=CC=CC=C5N2C4=C31,467.4810000000003,0.8538415888651173,0.3597195886319471,5.010583480393731
CNP0225601.3,COC1=CC=C(C2=COC3=C(O)C(O[C@@H]4O[C@@H](CO)[C@H](O)[C@@H](O)[C@@H]4O[C@@H]4O[C@H](C)[C@@H](O)[C@@H](O)[C@H]4O)=CC=C3C2=O)C=C1,592.5500000000001,1.820709297258629,0.1788281583045724,4.585672448002988
CNP0140848.1,CC(=O)N[C@H]1[C@H]([C@H](O)[C@H](O)CO)O[C@](O)(C(=O)O)C[C@@H]1O,309.271,1.5748373663320616,0.2675035671164337,4.212599880964731
CNP0247299.2,C=C1CCCC2=NCC(C)[C@H](C)CC23CCC(C(=O)CCC(=O)O)=C[C@H]3[C@H]2O[C@]3(C[C@H](C)C[C@@H]2O3)C[C@H]2OC3(CC[C@]4(OC(CC[C@]4(C)O)C1)O3)C[C@@H](C)[C@H]2O,782.0279999999999,2.11022984286278,0.2496275834064262,8.122245845610433
CNP0509439.2,CCCCCCCCCCCCCCCC(=O)O[C@H](COC(=O)CCCCCCCCCCCCC)COC(=O)CCCCCCCCCCCCCC(C)C,793.3119999999996,0.3099870699097326,0.0347065357344585,3.11673852358752
CNP0364537.1,CC1(C)C2=CC=CC=C2N2CC(=O)N(N)[C@@]21C,231.29899999999992,0.1110660255706882,0.539222140016352,3.535805773161252
CNP0535089.0,CCN1C2=CC=CC=C2C(=O)NC12CCN(C(=O)NC1=CC=CC=C1C)CC2,378.4760000000001,-1.186527300296772,0.8393842924429792,2.8959729232743303
CNP0299272.14,C[C@H]1[C@H](C)CC[C@]2(C)CC[C@]3(C)C(=CC[C@@H]4[C@@]5(C)CC[C@@H](O)C(C)(C)[C@H]5CC[C@]43C)[C@H]12,426.72900000000027,3.2545698898293574,0.3886668408803322,4.695189179755545
CNP0158977.1,C[C@@H]1CCC/C=C/[C@H]2CC(=O)C[C@@H]2[C@@H](O)/C=C/C(=O)O1,278.348,2.3402309910294035,0.5446351616008691,4.705028432754075
CNP0092668.1,CC(=O)[C@H](CO)NC1=C2[C@H]([C@H]3CCC[C@@]4(C3)[C@@H]3[C@H](CC#C[C@@H]([C@H]5COC(=O)[C@H]5C5=CNC=C5)C[C@@H]5[C@@H](CC=C6CC[C@H](C)C[C@H]65)[C@H](C)C[C@@H](O)[C@]3(C)O)C[C@@]24O)[C@@]2(C)C[C@H](O)[C@H](O)C[C@H]2C1=O,925.2169999999999,2.4065412649579527,0.1014156140192495,7.70952733817137
CNP0142348.5,C[C@]1(C(=O)O)C[C@H]2[C@@H](C1)[C@@](C)(O)CC1=C(COC1=O)[C@@H]2O,296.31899999999996,2.7343925552154955,0.6077448939651205,4.870280791293039
CNP0580590.1,O=C1O[C@@H](C2=CC=C(O)C=C2)C(C2=CC=CC=C2)=C1O,268.268,0.7057079154152499,0.8216506684576127,2.724192955379621
CNP0432151.1,CC[C@H](C)[C@H](NC(=O)[C@@H](NC(=O)[C@@H]1CCCN1C(=O)/C1=C/N[C@@H]([C@@H](C)CC)C(=O)N2C[C@H](O)C[C@H]2C(=O)N[C@@H]([C@@H](C)CC)C(=O)N[C@@H]([C@@H](C)CC)C(=O)N[C@@H](CC(C)C)C(=O)N2CCC[C@H]2C(=O)N2CCC[C@H]2C(=O)N[C@@H](CC(C)C)C(=O)N1)[C@@H](C)CC)C(N)=O,1280.6649999999993,0.3640753863674449,0.0827840532857016,7.251523696141414
CNP0302732.3,O=C[C@H](O)[C@@H](O)[C@@H](O)[C@H](O)COP(=O)(O)O,260.13499999999993,2.0848851785929456,0.203312506984824,4.14817425058282
CNP0367391.4,C[C@H](N)C(=O)N[C@H](CO)C(=O)O,176.172,0.3554652439052834,0.3915001078773885,2.685992529481217
CNP0374595.0,COC1=CC=C2C(=C1)C(C(=O)COC1=CC=C3C(C4=CC=CC=C4)=CC(=O)OC3=C1C)=C(C)N2C,467.5210000000002,-0.6138397211711714,0.2318046619701977,2.491508468383733
CNP0207920.1,C[C@]1(CCC2=CC(=O)OC2)[C@H](CO)CC[C@]23COC(=O)C2=CCC[C@@H]31,346.42300000000006,3.750755839394566,0.7921194725987666,5.215417216675017
CNP0368350.1,CCN1CCC2(CC1)C[C@@H]1C[C@H]3C=C[C@]1(CN2C(C)=O)O3,290.40700000000004,0.5365590711502427,0.6905218241421429,5.641475544571491
CNP0443421.1,C=C1C=C2[C@@]3(CC[C@@H](C[C@H](CO)CC4=CCN=C4)C3)CC3(CCCC3)[C@@H]3CC=C[C@@]4([C@@H]1C4(C)C)[C@@]23C,485.7560000000004,2.797391407137102,0.3950121900625568,6.780222874814389
CNP0483052.1,CCC1=C[C-](CC2=C(O)C3=C(C=C2O[C@H]2O[C@H](C(=O)O[C@H]4O[C@H](C(=O)O)[C@@H](O)[C@H](O)[C@H]4O)[C@@H](O)[C@H](O)[C@H]2O)[O+]=C(C2=CC=C(O)C(O)=C2)CC3=O)C=N1,745.6430000000001,1.0141489516904076,0.0388005456665285,6.029262569753219
CNP0462416.3,O=C1C2=CC=CC=C2C(=O)N1O[C@H]1/C=C/CCCCC1,271.316,0.43737260386277,0.6130718726226734,3.0274888928359958
CNP0573738.1,CCCCC[C@H](C(=O)CCC1=CC=C(O)C(OC[N+]2=CC3=C(CC4=CC=CC(C(N)N)=C4)C=NC3=C2)=C1)[C@H](O)C[C@H](O)CCC,617.8110000000001,1.8440333997432448,0.0860502145083872,4.817085872743328
CNP0383312.0,COC1=CC=C(C2=CC(=O)OC3=CC(OC(C)C(=O)O)=CC=C23)C=C1,340.331,-0.20342325674002,0.7171746635141819,2.4843490323707265
CNP0191024.1,C[C@]12C(=O)N(C3=CC=CC=C3C(=O)NCC3=CC=C4OCOC4=C3)C(=O)N1CCC1=C2NC2=CC=CC=C12,508.53400000000033,-0.5733990750054264,0.40475287112637,3.1639962406033835
CNP0150525.4,C=C1CCC[C@@]2(C)CC[C@H]3[C@H](OC(=O)[C@@H]3C)[C@H]12,234.339,3.196935954033136,0.4745308027435365,4.2808517828627535
CNP0425883.1,C=C(C(=O)OC)[C@@H]1C[C@@H](OC(C)=O)C2=C[C@H](C[C@@]3(C)O[C@H]3C(=O)C=C(C)C(=O)[C@H]1OC(C)=O)OC2=O,504.48800000000034,2.7976351479842,0.233963728046174,6.232910934629626
CNP0161452.2,C[C@H]1O[C@@H](OC(C)(C)[C@@H]2CC[C@@]3(C)CCC[C@@](C)(O)[C@@H]3C2)[C@@H](O)[C@H](O)[C@H]1O,386.529,2.66852187237456,0.5918233602711727,4.780156731068791
CNP0083460.1,NC1=NC=NC2=C1N=CN2[C@@H]1O[C@H](COP(=O)(O)OP(=O)(O)OC2O[C@H](CO)[C@@H](O)[C@H]2O)[C@@H](O)[C@H]1OP(=O)(O)O,639.2970000000005,1.4070940405447674,0.1094695226063114,5.015249587325712
CNP0397718.1,C[C@H](NC(=O)CCN1C=CC2=CC=C(Cl)C=C21)C(=O)O,294.73800000000006,-1.408217688794335,0.8884513321326515,2.551268097080026
CNP0288601.1,C[C@@H]1O[C@H](O[C@@H]2[C@@H](O)[C@H](OCCC3=CC=C(O)C(O)=C3)O[C@H](COC(=O)/C=C/C3=CC=C(O)C(O)=C3)[C@H]2O)[C@H](O)[C@H](O)[C@H]1O,624.5920000000006,1.6969191246838733,0.0872704194961572,4.707984815269207
CNP0464073.0,COC1=CC2=C(C=C1OS(=O)(=O)O)NC=C2CCNC(C)=O,328.3460000000001,0.1420578805492544,0.6819176806054467,2.388039511032911
CNP0164627.5,CN1CC[C@]2([C@]34CCN(C)[C@H]3NC3=CC=CC=C34)C3=CC=CC=C3NC12,346.47800000000007,1.0640292814903385,0.8309165739773778,4.219504556196124
CNP0301805.1,CC(=O)CC[C@H]1[C@H](C)C(=O)O[C@@H]1C1=C(C)C(=O)CC1=O,278.304,1.7369455004722705,0.5733955727721138,4.138004665822317
CNP0162268.3,O=C(N[C@@H]1CCCC[C@H]1C(=O)O)OCC1=CC=CC=C1,277.32,-0.220903882749265,0.8864736659614706,2.576709597472915
CNP0551960.1,CCCCCCCCCCCCCCCCCCCCCC(=O)OC[C@@H](COC(=O)CCCCCCCCC(C)C)OC(=O)CCCCCCCCCCCCCCCCCCCCC,919.5549999999989,0.2670657833068465,0.0343536452011649,3.31314618525092
CNP0559160.1,N[C@@H](CSO)C(=O)O,137.16,1.1618493624875752,0.4610147879877518,3.69578909354197
CNP0165426.0,COC1=CC=C(CC(=O)O)C=C1Br,245.072,-0.1115737275681923,0.8862320354551412,1.6848630467121222
CNP0522795.1,CCCCCCCCCCCCCCCCCCC(=O)O[C@@H](CO)COC(=O)CCCCCCCCCCCCCC(C)C,625.032,0.5656480704896598,0.0560719937324523,2.997046908148942
CNP0324407.1,CC(C)CCCCC/C=C/C#C/C=C/OC[C@@H](O)CO,280.408,2.453079665621136,0.3672475260767012,3.657193042134971
CNP0244975.3,C[C@H](C(=O)O)[C@H]1CC[C@H]2[C@@H]3CC=C4C[C@@H](O)CC[C@]4(C)[C@H]3CC[C@]12C,346.51100000000014,2.682347740193748,0.7157847773854735,4.223791700751494
CNP0245306.2,C=C(C)[C@H](CC=C(C)C)C[C@@]12C[C@@H](CC=C(C)C)C(C)(C)[C@@](C[C@H](O)C(C)(C)O)(C(=O)C(C(=O)C3=CC=C(O)C(O)=C3)=C1O)C2=O,636.8260000000005,2.5000275854570413,0.053656208222597,5.853653742578786
CNP0554665.0,O=C1CCCCC2=C3N=C(N=C(NC4CC4)N3N=C2)NC2=CC(=CC=C2)N1,363.42500000000007,-0.5881234642671852,0.6473665425707295,4.666913303610174
CNP0215742.1,COC1=C(C)C(O)=C(CC2=C(O)C=C(O)C3=C2O[C@H](C2=CC=C(O)C(O)=C2)[C@@H](O)C3)C(O)=C1C(C)=O,498.48400000000026,2.030277562589576,0.2042703824094446,3.954692962548577
CNP0499357.1,CCCCC[C@@H](O)CC(=O)CCC1=CC=C(O)C(OC[N+]2=CC3=C([C@@]45CCC[C@@H]4C[C@H]4CN[C@H](N)C6=CC=CC5=C64)C=NC3=C2)=C1,623.8180000000003,2.206186625805563,0.1687452663756341,5.3424058687795535
CNP0098755.1,CC1(C)O[C@H]2C3(CCCC3)C(=O)OC[C@@]23[C@@H]1C(=O)[C@@H](O)[C@]1([C@H]2CCC[C@H](CC4=CC=CC=C4)C2)[C@@H]3CC[C@@]2(C)[C@H](C3=C(CCCCCC[C@@H]4CNCN4)OC=C3)OC(=O)[C@H]3O[C@@]312,853.1099999999997,2.560409447893264,0.1187065128791449,7.113612942505016
CNP0391993.2,C/C=C1\CN(C)[C@H]2CC3=C(NC4=CC=CC=C34)[C@@H](C3=C(OC)C=C4NC5=C(CCN6C[C@@H]7C[C@H](C(C)=O)[C@H]6[C@@]5(C(=O)OC)C7)C4=C3)C[C@@H]1[C@]2(CO)C(=O)OC,748.9210000000002,1.614218525730336,0.1833258558996435,6.739768193991333
CNP0387960.10,CCCCCCCCCC[C@@H](O)[C@@H]1CC[C@@H]([C@@H]2CC[C@@H]([C@@H](O)CCCCCCCC[C@H](O)CC3=C[C@@H](C)OC3=O)O2)O1,594.8740000000005,1.910698720698767,0.085758904934808,4.740543902312629
CNP0402413.0,CCCC1=CC(C(=O)CC2=CC=C(C(=O)OCC)O2)=C(O)C=C1O,332.35200000000003,0.0169362329292292,0.5965780429012308,2.5005474893047044
CNP0198766.1,CCCC/C=C\C1=C[C@](C)(O)OC1=O,196.24599999999995,2.4287931087738714,0.5516716893230889,3.8192808226034
CNP0545723.1,CCCCCCCC(=O)OC[C@H](COC(=O)CCCCCCCCCC(C)C)OC(=O)CCCCCCCCCCCCCCCCCCCCC(C)CC,779.2849999999994,0.4271462536230915,0.0348369965535486,3.506995795091976
CNP0224887.1,C=C1C[C@H]2C[C@@](C)(CCC3=CC(=O)O[C@@]32OC)[C@]1(C)O,278.348,3.2959369432592114,0.5905918475148174,5.651352410494175
CNP0575033.1,C[C@H](C(=O)N1C2=CC=CC=C2SC2=CC=CC=C21)N1C(=O)C2=CC=CC=C2C1=O,400.4590000000002,-0.8313598444860794,0.5945173663807806,2.7456615976305745
CNP0366333.1,COC1=CC=C(CN2CC3(C2)CN(C(=O)CCNC(C)=O)C[C@@H]2C[C@@H](O)CN23)C=C1,416.52200000000016,-0.6244224347637264,0.6819791090046285,3.919712577225433
CNP0291806.3,C=C1C(=O)O[C@@H]2[C@H]1C[C@@H](O)[C@H](C)[C@@](O)(C(=O)C[C@H](C)O)[C@H]2OC(=O)[C@H](C)CC,398.45200000000017,2.901430141221854,0.4358718615267786,4.932663031915848
CNP0276708.1,CC1=NOC([C@@H]2C[C@H](NS(=O)(=O)C3=CC=CC=C3)CN2C)=N1,322.39000000000004,-1.8871530818307176,0.9067024384976388,3.1326460870467354
CNP0324667.0,CCC1=CC=C(C=C2OC3=CC(OC(=O)C4=CC(OC)=C(OC)C(OC)=C4)=CC=C3C2=O)C=C1,460.4820000000002,-0.1840165921281294,0.2753316980570465,2.3824820539614784
CNP0525741.1,CC(C)CCC1=CC=C2C=CC=CC2=C1C[C@H](O)C1=CC=C([C@@H]2CC[C@@H]3CC[C@@H]([C@@]4(N=C(N)N)OC5=CC=C6C(=C5)CC[C@@H](C)[C@@H]6C[C@@H](S(=O)(=O)[O-])[C@H]5C=C6C[C@H](C[C@H]7C[C@@H](CO)CC#CC8=CC(O)=CC=C8[C@@H]6O7)[C@@H]5C5=CC=C4C=C5)[C@@H](CC4=CC=CC=C4)[C@]3(O)C2)C=C1.[Na+],1318.7069999999999,1.6305786598293504,0.0159182256450516,8.366862884885348
CNP0434470.1,O=C(O)C[C@@H]1C[C@@]23C4=C(C(=O)C5=CC=CC(O)=C5C4=O)[C@H]([C@H](O)CC(=O)O)[C@@H]2C(=O)C2=C(O)C=CC=C2[C@@]3(O)O1,550.4720000000003,1.2279904988427002,0.3090125181222919,5.3340298091936935
CNP0460537.1,NC1=N[C@H]2N3C(Br)=CC=C3C(=O)N3CCC[C@]23N1,310.15500000000003,1.059960627587233,0.7372000057146116,4.91791806226972
CNP0318500.0,CCC(C(C)=O)N1CCCC1,155.24099999999999,-0.8555553623590729,0.6145156939118256,2.661658791831972
CNP0412274.2,CC[C@H](C)C[C@@H](C)/C=C(/C)[C@@H]1O[C@H](C2=C(O)C(C3=CC=C(O)C=C3)=CN(C)C2=O)CC[C@H]1C,453.6230000000002,1.8090616113098088,0.480039200394613,4.40012277669855
CNP0508965.1,CCCCCCCCCCCCCCC(=O)OC[C@@H](COC(=O)CCCCCCCCCCCCCCCCCCC(C)C)OC(=O)CCCCCCCCCCCCC,849.4199999999994,0.2893212652490838,0.0344652375498076,3.2000891718617925
CNP0489095.4,CCOC1=CC=C(NC(=O)[C@H]2[C@@H]3C=C[C@]4(O3)[C@@H]2C(=O)N(C2CCCCCC2)[C@@H]4C(=O)NC2CCCCC2)C=C1,535.6850000000006,-0.6101647683421001,0.3998763860506871,5.036788280131069
CNP0026657.1,CC(=O)NC1=CC=C(S(=O)(=O)NC[C@@H]2C=C(C)[C@H](CC(=O)N3CCCC3)C[C@H]2C(C)C)C=C1,475.65500000000037,-0.9059949331138608,0.559352186127423,3.54030433009398
CNP0377089.1,COC1=CC=C2C(C)=C(CCC(=O)N[C@@H](C)C(=O)O)C(=O)OC2=C1C,347.3670000000001,-0.327924905635588,0.7737085737500679,2.7325318042257365
CNP0233610.2,CC(/C=C/C=C(C)/C=C/C=C(C)/C=C/[C@H](O)C(C)(C)O)=C\C=C\C=C(C)\C=C\C=C(C)\C=C\C=C(C)\C=C\[C@H](O)C(C)(C)O,600.8840000000002,0.9289772296032772,0.1334915256825588,4.622462026485168
CNP0591769.1,COC1=CC=C(CCNC(=O)C2=CC=C3N[C@H](C(C)C)C(=O)NC3=C2)C=C1OC,397.4750000000002,-0.2696735561210414,0.6682618330396398,2.730309872782465
CNP0523748.1,COC1=C(O)[C@H](O)[C@H](C/C=C(\C)CC/C=C(\C)C[C@H](O)/C=C(\C)CO)[C@@H](C)C1=O,408.5350000000001,2.806447448945118,0.413069471527168,4.760637574877591
CNP0558022.2,CCCCCCCCCCCCCCCCCCCCC(=O)OC[C@H](COC(=O)CCCCCCCCCCCC(C)C)OC(=O)CCCCCCCCC(C)C,807.3389999999996,0.3045487002621934,0.0346373184281799,3.16414804860149
CNP0119055.2,CCCCC[C@@H](O)/C=C/[C@H]1CCC(=O)[C@@H]1CCCCCCC(=O)N[C@]1(C)CCS(=O)(=O)C1,469.6880000000003,0.525219023424075,0.2944498151137083,4.094856078563873
CNP0531789.1,CCCCCCCCCCCCCCC(=O)OC[C@@H](COC(=O)CCCCCCCCCC(C)C)OC(=O)CCCCCCCCC(C)CC,709.1499999999999,0.4698608789854006,0.0360790135864248,3.423104193859949
CNP0108622.5,C=C1C(=O)O[C@H]2C[C@@](C)(O)[C@@H]3CC[C@](C)(O)[C@@H]3C[C@H]12,266.33699999999993,3.35378460546281,0.5136585109604442,4.553052564539732
CNP0404226.1,COC1=CC2=C(C3=CC=C(N[C@H](C(=O)NC4CCCCC4)C(C)C)C(=O)C=C3[C@@H](NC(C)=O)CC2)C(OC)=C1OC,565.7110000000004,0.180916577237678,0.4020598227124272,3.587102377871097
CNP0553520.1,C=C(C)[C@H]1[C@@H]2CC[C@H]3CC[C@H](C)[C@H]4C(=O)C1(O)[C@@](C)(O)C(=O)[C@@]342,318.41300000000007,2.005152576798061,0.7240693361065417,6.195623692627831
CNP0170993.1,C/C=C(/C)C(=O)O[C@H]1C[C@@]2(C)O[C@H]2[C@@H](OC(C)=O)[C@@]2(C)[C@@H](OC(C)=O)C[C@@](O)(C(C)C)[C@H]12,452.5440000000002,2.8970226919309,0.2933047782968349,5.039960711509727
CNP0333063.1,CC[C@H](C)[C@H](NC(=O)[C@H]1CCCCN1C)C(=O)N(COC(C)=O)[C@H](C[C@@H](OC(C)=O)C1=NC(C(=O)N[C@@H](CC2=CC=CC=C2)C[C@H](C)C(=O)O)=CS1)C(C)C,786.0050000000001,-0.0116380317440836,0.1216010182496292,4.843342433230909
CNP0171131.1,C=CCCCCCCC[C@@H](O)[C@H]1C[C@H](OC(=O)CCCCCCCCCCCCCCCCC)[C@H](CCCCC)O1,578.9630000000005,1.2125119954021044,0.0522988367324867,3.912354993650884
CNP0312084.1,COC1=CC(C(=O)O[C@H]2[C@H](O[C@@H]3[C@@H](OC(C)=O)[C@H](O[C@H]4C[C@H]5[C@@H]6CC=C7C[C@@H](O[C@@H]8O[C@H](CO[C@@H]9O[C@H](CO)[C@@H](O[C@@H]%10O[C@H](CO)[C@@H](O)[C@H](O)[C@H]%10O)[C@H](O)[C@H]9O)[C@@H](O)[C@H](O)[C@H]8O)CC[C@]7(C)[C@H]6CC[C@]5(C)[C@@]4(O)[C@H](C)C(=O)CCC(C)C)OC[C@@H]3O)OC[C@@H](O)[C@@H]2O)=CC=C1O,1375.4680000000008,1.6728967245978756,0.041189083496133,7.549698337075853
CNP0545881.1,N=C(N)NCCC[C@@H]1/N=C(/O)[C@@H]2CCCN2C(=O)[C@H](CC(=O)O)/N=C(\O)[C@H](CC2=CC=CC=C2)/N=C(\O)[C@@H]2CCCN2C(=O)[C@@H]2CCCN2C(=O)[C@H](CC2=CC=CC=C2)/N=C/1O,856.9819999999996,0.1717522627258354,0.0976011126134701,5.92894302143705
CNP0170645.1,COC(=O)[C@H](CC1=CC=CC=C1)NC(=O)CCN1C=C(C(C)=O)C2=CC=CC=C21,392.45500000000015,-0.7784008392852101,0.4719418618617603,2.523265553416195
CNP0153873.3,C/C=C(\C)[C@H]1[C@@H](/C=C/C=C(\C)C(=O)[C@@H](C)CO)[C@@H]2C[C@@H]3O[C@]3(C)C[C@H]2[C@@H]2O[C@@]21C,400.5590000000002,2.992089365114373,0.3134891066061326,5.620427725805548
CNP0532902.0,CC1=C(CC(=O)NC2=NC3=CC=CC=C3N2)C(=O)OC2=CC3=C(C=C12)CCC(C)(C)O3,417.4650000000003,-0.3478130041826774,0.4855398991528977,2.740360346959042
CNP0447458.1,COC1=CC=CC=C1NC(=O)N1CC[C@@H](CC(=O)O)[C@@H](CCN2CCN(C3=CC=CC=N3)CC2)C1,481.5970000000003,-1.5842252950957367,0.5972569873458895,3.1704702250744363
CNP0059450.0,CCOC(=O)COC1=CC=C2C(=O)C(OC3=CC=CC=C3OCC)=C(C)OC2=C1,398.4110000000002,-0.5473394821170378,0.5249527663827255,2.238366422459313
CNP0359485.2,C[C@@H]1O[C@@H](O[C@H]2[C@H](OC(=O)[C@]34CCC(C)(C)C[C@H]3C3=CCC5[C@@]6(C)C[C@H](O)[C@H](O[C@@H]7O[C@H](CO)[C@@H](O)[C@H](O)[C@H]7O[C@@H]7O[C@H](CO)[C@@H](O)[C@H](O)[C@H]7O[C@@H]7O[C@H](CO)[C@@H](O)[C@H](O)[C@H]7O)[C@@](C)(C(=O)O)C6CC[C@@]5(C)[C@]3(C)CC4)OC[C@H](O)[C@@H]2O)[C@H](O)[C@H](O[C@@H]2OC[C@](O)(CO)[C@H]2O)[C@H]1O[C@@H]1OC[C@@H](O)[C@H](O)[C@H]1O,1531.6020000000012,1.8329198629914645,0.0324469832749631,6.755709677949732
CNP0389624.4,CC1=CC(Cl)=C2NC(=O)[C@]3(N[C@@H](CC(N)=O)[C@H]4C(=O)N(CCC5=CC=CC=C5)C(=O)[C@H]43)C2=C1,466.92500000000024,-0.7103185615965117,0.5761885452777242,4.243092884863002
CNP0606708.0,CSC1SCC2C(=O)N(C)C(C(C)C(C)C)C(=O)OCC(NC(=O)C3=CN=C4C=CC=CC4=N3)C(O)=NC(C)C(=O)N(C)C1C(=O)N(C)C(C(C)C(C)C)C(=O)OCC(NC(=O)C1=CN=C3C=CC=CC3=N1)C(O)=NC(C)C(=O)N2C,1157.3869999999997,-0.0351583142709937,0.1740826460167706,7.668333513661527
CNP0228615.1,CC(C)C[C@H](NC(=O)[C@H]1N2C(=O)C3=CC=CC=C3C2SC1(C)C)C(=O)NCCCOC(C)C,475.6550000000003,-0.5572441081110847,0.5059479498006061,3.598137956467606
CNP0579108.2,COC1=C2OCOC2=CC2=C1[C@H](C1=NN=NN1C1=CC=CC(C(=O)NCC3=CC=CC=C3)=C1)N(C)CC2,498.5430000000003,-0.8338860244520486,0.4329433482910028,3.197592323231364
CNP0400556.2,CN(C)C1=CC=C(C(=O)NC[C@H]2C[C@@H]3CCN2C[C@@H]3CN2CCN(C3=CC=CC=C3)CC2)C=C1,461.6540000000002,-1.284460177614082,0.6866855586409873,4.109299059507107
CNP0190732.9,COC1=CC=C([C@H]2C3=C4O[C@H](C5=CC=C(OC)C(OC)=C5)[C@@H](O)[C@@H](C5=CC=C(OC)C=C5OC)C4=C4O[C@H](C5=CC=C(OC)C(OC)=C5)[C@H](O)CC4=C3O[C@H](C3=CC=C(OC)C(OC)=C3)[C@H]2O)C(OC)=C1,975.0530000000001,0.6492559415297381,0.089839409765087,5.109566725276958
CNP0261022.2,COC[C@H](O)[C@]1(O)CC[C@]2(O)[C@@H]3CC=C4C[C@H](O)CC[C@@]4(C)[C@H]3CC[C@@]12C,380.52500000000026,2.782148053263034,0.5635609905459003,4.843935340812221
CNP0252974.0,COC1=CC=C(C2(C3=NC=CN3)SSSCC2O)C=C1O,342.4670000000001,0.8921989174765569,0.7403069796044308,4.354275357736317
CNP0506263.1,CSC1=CC=CC(NC(=O)[C@@H]2[C@@H]3C=C[C@]4(O3)[C@@H]2C(=O)N([C@@H]2CCC[C@H](C)[C@H]2C)[C@H]4C(=O)N[C@@H]2CCC[C@H](C)[C@@H]2C)=C1,579.8070000000004,-0.4596760317275682,0.3545731832184697,5.877420780846539
CNP0235276.5,CC(C)[C@](C)(O)C[C@@H](O)[C@](C)(O)[C@@H]1CC[C@@]2(O)C3=CC(=O)[C@H]4C[C@@H](O)[C@@H](O)C[C@]4(C)[C@H]3CC[C@]12C,494.6690000000003,3.260149446629936,0.3440955790697725,5.328673881731525
CNP0484022.2,O=C(CC1=CC=CC=C1)C1=CC=C(O[C@H]2O[C@@H](CO)[C@H](O)[C@@H](O)[C@@H]2O)C=C1O,390.38800000000003,1.231187885180571,0.4348035888177612,3.4539542463772923
CNP0240096.1,CC1=C[C@H]2C3=C(C(O)=C(O)C4=C3C(=O)C3=C(O)C=C(O)C=C3O4)[C@H](C3=CC(O)=C(O)C4=C3C(=O)C3=C(O)C=C(O)C=C3O4)[C@H]2C(C)(C)C1,652.6080000000002,1.7135949447999208,0.0575665701848216,4.885109025519822
CNP0520850.1,CC(C)CCC[C@H](C)[C@H](CN[C@H](O)[C@]1(O)[C@H](OC2=CC=C3C(=O)[C-](C4=CC=C(O)C=C4)C(C(N)=O)=[O+]C3=C2)O[C@H](C(=O)O)[C@@H](O)[C@@H]1O)CC1=CCN=C1,737.8030000000003,1.0434622477163586,0.0597669719792714,6.176980963854289
CNP0288958.2,COC1=CC([C@@H]2[C@H]3CO[C@@]4(O)C(=O)[C@@H]2C=C([C@@H]2CC(=O)C5=C(O)C=C(O)C=C5O2)[C@@H]34)=CC=C1O,466.4420000000002,2.340495943038956,0.4997143680642529,5.75344048986348
CNP0249311.2,C=C1CCC[C@@H]2[C@@](C)(CC[C@@]3(C)CCN4C=NC5=C4C(=NC=N5)N3O)[C@H](C)CC[C@]12C,423.6050000000002,2.018406362327797,0.6354903406530491,5.002040448165428
CNP0107170.0,CN1C(Br)=C(Br)C2=CC(Br)=C(Br)C=C21,446.76200000000006,0.2834486393827358,0.5222199913376268,3.0580165524281053
CNP0187015.1,C[C@@H]1O[C@@H](OC2=C(C3=CC=C(O)C=C3)OC3=CC(O)=CC(O)=C3C2=O)[C@H](O)[C@H](OC(=O)C2=CC(O)=C(O)C(O)=C2)[C@H]1O,584.4860000000004,1.811934978015588,0.1232680595275021,4.270606005158608
CNP0372195.0,C=CCOC1=CC=C2C(C)=C(C)C(=O)OC2=C1I,356.15899999999993,-0.1089285881299056,0.4795362624667518,2.7049300256779443
CNP0336560.1,COC1=CC2=C(CCO2)C2=C1C(=O)C[C@@H](C)O2,234.25099999999998,1.5724758696498622,0.744981064282506,3.1974446527599154
CNP0546135.1,CCCCC[C@H](C(=O)CCC1=CC=C2OC#CC3(CCCC3)[C@@H]3C#C[C@H](O)C4=CC=C5C(=C4CC4=CN=C6C=[N+](C=C46)[C@H]3OC2=C1)CCN[C@@H]5N)[C@H](O)[C@H]1C=C[C@@H](C)C[C@H]1O,824.0550000000002,2.740739675330036,0.0815810929256449,7.209678229156167
CNP0192821.1,C[C@@H]1[C@@H](C2=CC=C3OCOC3=C2)C2=C(C=CC3=C2OCO3)C(=O)[C@H]1C,338.3590000000001,1.3090392856379922,0.7926392690029286,3.6982477626307446
CNP0220037.1,C[C@@H]1C(=O)O[C@H]2C[C@]34[C@@H]5OC(=O)[C@]3(OC3OC(=O)[C@H](O)[C@@]34[C@H](C(C)(C)C)[C@H]5O)[C@]21O,424.4020000000001,3.269872931920645,0.3140501117996527,6.2830063414928965
CNP0394094.3,C=C1C[C@](OC)([C@H](O)C(=O)N[C@@H]2OCO[C@H]3[C@@H]2O[C@H](C[C@H](O)CO)C(C)(C)[C@@H]3OC)O[C@H](C)[C@@H]1C,503.5890000000003,2.919589493905981,0.3355295866304448,5.511022592484678
CNP0171185.1,C=C1C(=O)O[C@H]2[C@H]3C(C)=C(O[C@@H]4O[C@H](CO)[C@@H](O)[C@H](O)[C@H]4O)C[C@H]3C(=C)C[C@H](OC(=O)CC3=CC=C(O)C=C3)[C@@H]12,558.5800000000004,2.1771039794061795,0.1883568015767551,5.107562757488882
CNP0414329.3,O=C(O[C@@H]1[C@@H](O)[C@H](O)[C@@H](CO)O[C@H]1C1=C(O)C=C2OC(C3=CC=C(O[C@@H]4O[C@H](CO)[C@@H](O)[C@H](O)[C@H]4O)C(O)=C3)=CC(=O)C2=C1O)C1=CC=C(O)C=C1,730.6280000000003,1.78273097910449,0.0952796661826794,4.97836641864364
CNP0150878.5,C=C(C)C(CC=C(C)C)CC1=C(O)C=C(OC)C2=C1O[C@H](C1=CC=C(O)C=C1O)[C@@H](O)C2=O,454.5190000000002,2.6404264896721665,0.4525633852817213,4.1862783021893
CNP0495197.6,C/[N+]([O-])=N/CO[C@@H]1O[C@H](CO)[C@@H](O)[C@H](O[C@H]2O[C@@H](CO)[C@H](O)[C@@H](O)[C@@H]2O)[C@H]1O,414.3640000000001,1.5695679310702566,0.1185441904927704,4.877195570266359
CNP0201756.0,COC1=C(O)C(O)=CC(C2=COC3=CC(O)=CC(O)=C3C2=O)=C1CC=C(C)C,384.3840000000002,2.055074392882174,0.3987513127361855,3.0451124029622587
CNP0329332.1,C/C=C(/C)C(=O)O[C@H]1[C@H](OC(C)=O)C(C)(C)C[C@H]2C3=CC[C@@H]4[C@@]5(C)CC[C@H](O[C@@H]6O[C@H](C(=O)O)[C@@H](O)[C@H](O[C@@H]7O[C@H](CO)[C@H](O)[C@H](O)[C@H]7O)[C@H]6O[C@@H]6O[C@H](CO)[C@@H](O)[C@H](O)[C@H]6O)C(C)(C)[C@@H]5CC[C@@]4(C)[C@]3(C)[C@@H](O)[C@@H](O)[C@]21CO,1131.2690000000007,2.4638531067182936,0.0440054446193654,6.99061370347463
CNP0291643.11,CC[C@H](C)[C@H](O)[C@](C)(O)/C=C\C1=CC2=CC(=O)[C@](C)(O)[C@H](O)[C@H]2CO1,352.4270000000001,2.3247907979358287,0.5843850446734301,5.3129785922803
CNP0587874.1,CCCCCC/C=C\CCCCCCCCCC(=O)OC[C@H](COC(=O)CCCCCCCCCCCCCCCCCCC)OCCCCCCCCCCCCCCCCCC,903.5559999999988,0.3039126097292162,0.034568052923019,3.410355200305899
CNP0062961.2,CC1(C)[C@@H]2CC[C@@]1(C)[C@H](NC(N)=O)[C@@H]2NC(N)=O,254.334,0.8045497546164335,0.5756600648524098,4.7645329467138575
CNP0519182.1,CC[C@@H]1CCCC[C@]2(C[C@H]3CCC4(O)C(C(=O)OCCCCCCCCCCCCCCCCC(=O)N(CCCN)CC(O)CCN)[C@@]5(CCC[C@H](C)O5)NC(=N2)N34)O1,833.2129999999997,0.3706676497817671,0.045891936012703,6.307552572084507
CNP0261460.3,CC12CCC[C@@]3(C(=O)OC1)[C@H]2CC[C@]12C[C@H](CC[C@@H]13)[C@@](C)(O)C2,318.457,3.402868070823621,0.6929837266625566,6.28777371945972
CNP0332948.1,CC#CCN1C=C2C[C@@H](C(=O)NC3CCC3)N[C@@H](CC(C)C)C3=C2C1=CC=C3,377.53200000000015,-0.1421784448761929,0.7756367756823133,3.7578689119570736
CNP0526148.2,CCCCCCCCCCCCCCCCCCCC(=O)OC[C@@H](COC(=O)CCCCCCC)OC(=O)CCCCCCCCCCCCCC,737.2039999999995,0.254734299511664,0.0352599986877549,2.872084919975048
CNP0387332.1,COC(=O)[C@@H](C)OC1=CC=C2C(=O)C(OC3=CC=CC(C)=C3)=COC2=C1,354.35800000000006,-0.6242588390247344,0.6482950865774927,2.6753877763998783
CNP0097622.0,CCCCNC(=O)NS(=O)(=O)C1=CC=C(CO)C=C1,286.35299999999995,-0.8748931987999368,0.6788888479910308,1.9125090026961156
CNP0363751.0,O=C1OC2=CC(O)=CC=C2C=C1C1=CC=C2OCOC2=C1,282.251,0.4825685792780811,0.6949123494418491,2.1867946923111106
CNP0430615.1,C[C@@]12CCCC3=COC(=C31)C(=O)C1=CC3=C(C=C12)C(=O)C=C([C@]12CCC[C@@]4(C)C5=CC6=C(OS(=O)(=O)O)C=CC(O)=C6C=C5C(=O)O[C@]14C(=O)OC2)C3=O,750.7340000000003,1.9900689119482384,0.1992143492429312,5.758543467616271
CNP0550073.4,CC1=C(C(=O)OC[C@@H]2CCCO2)[C@@H](C2=CC=C(Cl)C=C2Cl)C2=C(CC(C)(C)CC2=O)N1,464.38900000000024,-0.8668045329536745,0.6115050677438086,3.380162292427117
CNP0334759.1,CC(C)([C@H](O)CO)[C@@H]1CC2(CC(=O)O1)SCCS2,292.42199999999997,1.1354224042823,0.7632053601012266,5.048403185549802
CNP0576658.1,C[C@@H]1CCC[C@@]2(C)[C@H](C1=O)[C@@H](C(C)(C)O)C[C@@H]2O,254.36999999999998,2.456294028273016,0.7535639477446234,4.341418630287434
CNP0093782.1,CC(=O)O[C@H]1C[C@@H](O)CC[C@]23C#CC4CCC[C@]5(C[C@H](CCN5)OC5=C(O)C=C(C(O)O)C(=C5)CC41)[C@@H]1CC[C@@H](CN1)SSC[C@@]1(C[C@]45CCC[C@@H]4C=C[C@@H](C5)C14CCCC4)NC(=N)N[C@@H]2C=CC[C@@H]3O,1014.4089999999992,2.6812334613668747,0.0473822466128954,8.927920759258265
CNP0312561.1,CC(=O)OC[C@@]12[C@@H](O)C(=O)[C@]3(C)C4=C(C=CO4)CC[C@]3(C)[C@H]1[C@H](O)C[C@@H](OC(C)=O)[C@]21CO1,462.4950000000003,2.659159482046057,0.4991441980543001,5.706054142351876
CNP0526424.1,COC1=C(OC)C(O)=C(C(=O)[C@@H](C)C[C@H](C)[C@@H](Cl)CCl)C(=O)N1,366.24100000000004,0.7326155170440696,0.5456373172173632,4.262710530197166
CNP0005256.1,O=S(=O)(NC[C@H]1OC[C@@H](NCC2=CC=CS2)[C@@H]1O)C1=CC=CC=C1,368.4800000000001,-1.2652753290005416,0.6771524799491453,3.4319071732534843
CNP0361589.4,CC(=O)N[C@H]1[C@@H](OCC2=CC=CC=C2)O[C@@H](CO)[C@@H](O)[C@H]1O,311.334,1.0942246705970091,0.5638680736103459,3.328464180542672
CNP0009947.1,COC[C@H]1CCCN1[C@@H]1[C@H](O)[C@H](CO)O[C@@H]1CN,260.334,1.1648113249853114,0.5601078119601571,4.131564849600037
CNP0547459.0,CCN=C1N=C(Cl)NC(=NC(C)C)N1,215.68800000000002,-0.7964162864418715,0.7463509648908866,4.155766415651652
CNP0072767.1,CC(=O)C1=C2C(=O)C3=CC=C([C@H]4C[C@@H](N(C)C)[C@H](O)[C@@H](C)O4)C(O)=C3C(=O)C2=C(C)S1,443.5210000000002,1.008962212896548,0.5999918091656277,4.224559854184429
CNP0604758.1,CCC(C)CCCCCCCCCCCCCCCCC(=O)OC[C@H](O)COC(=O)CCCCCCCCCCCCC(C)C,639.059,0.4533469755160896,0.0552079453180378,3.2595116461789573
CNP0198481.14,CC[C@H](/C=C/[C@@H](C)[C@H]1CCC2C3CC=C4CC(O[C@@H]5O[C@H](CO)[C@@H](O)[C@H](O)[C@H]5O)CC[C@]4(C)C3CC[C@@]21C)C(C)C,574.8430000000002,2.777414649226757,0.280801369445997,5.123603158479808
CNP0172327.1,C=C1CCC=C(COC(C)=O)C(=O)C[C@@H]2[C@H]1CC2(C)C,276.376,2.74274841002462,0.572888669828796,4.381891885666226
CNP0419348.1,C=C[C@@](C)(O)C[C@H](O)/C=C(\C)CCC=C(C)C,238.37099999999992,2.876305514627248,0.6675997322551263,4.0321295778859625
CNP0233262.2,C[C@@H]1CC[C@H]2C(C)(C)CCC[C@]2(C)[C@@]12C=C1C=C(O)C(=O)C(C=O)=C1O2,356.4620000000001,2.4428074499689654,0.557814563570928,5.295008471045459
CNP0369155.2,C[C@@H]1O[C@@H](O[C@H]2[C@H](O[C@H]3CC[C@]4(C)[C@H]5CC=C6[C@H]7[C@](C(=O)O[C@@H]8O[C@H](CO[C@@H]9O[C@H](CO)[C@@H](O)[C@@H](O)[C@H]9O)[C@@H](O)[C@H](O)[C@H]8O)(CC[C@@H](C)[C@@]7(C)O)CC[C@@]6(C)[C@]5(C)CC[C@H]4C3(C)C)OC[C@H](O)[C@@H]2O)[C@H](O)[C@H](O[C@@H]2O[C@H](CO)[C@@H](O)[C@H](O)[C@H]2O)[C@H]1O,1237.3900000000006,2.1501440741790026,0.0481736909151496,7.31701838446969
CNP0463080.2,CC(C)C1=CC=C(CN2N=CC(C)(C)[C@@H]2C(C)C)C=C1,272.436,0.0048011823960199,0.7778922723667014,3.254208609900541
CNP0018632.3,C=CC1OC1[C@@H]1C=CC[C@@H]1C=C,162.23199999999997,2.3045796344429,0.4580424072107159,4.860314508588027
CNP0562426.2,CCCCCCCCCCCCCCC(=O)OC[C@H](COC(=O)CCCCCCCCCCCCCCCCCC(C)C)OC(=O)CCCCCCCCCC(C)C,821.3659999999996,0.2992978606025004,0.034567949595179,3.184272334255878
CNP0209782.1,CC(=O)O[C@H]([C@H]1C[C@@H](C)[C@H]2[C@@](O)(O1)[C@H](O)[C@@]1(C)C3=CC[C@H]4C(C)(C)[C@@H](O[C@@H]5OC[C@@H](O)[C@H](O)[C@H]5OC(=O)CC(=O)O)CC[C@@]45C[C@@]35CC[C@]21C)C(C)(C)O,764.9059999999997,3.095479839547079,0.1190194612500613,6.84837012035384
CNP0191793.1,CC1=CCC23C1[C@@H]2[C@@H](C(C)C)CC[C@@H]3C,204.35699999999994,3.1313702416272404,0.5594891083866828,4.948441110517138
CNP0517293.2,CCCCCCCCCCCCCCCCCCC(=O)O[C@H](COC(=O)CCCCCCCCCCCCCCCC(C)C)COC(=O)CCCCCCCCC(C)C,835.3929999999995,0.2942250155075428,0.0345130957655323,3.204839793317148
CNP0604101.1,CCCCCCCCCCCCCCCCCCCCC(=O)OC[C@@H](COC(=O)CCCCCCCCC)OC(=O)CCCCCCCCCCCC,751.2309999999997,0.2499279919737081,0.035067409872676,2.890957362616149
CNP0091519.1,C[C@@H]1CCC2=CC[C@@H]3[C@H](C[C@@H]([C@H]4COC(=O)[C@H]4C4=CNC=C4)C#CC[C@H]4C[C@@]5(O)C6=C7NCC(=O)C[C@H](C8=CC=C(O)C=C8)CSSC[C@@H]8[C@@H](O)[C@@H](O)C[C@@](C9CCCC9)([C@@H]8C7=O)[C@H]6CC[C@]5(CCN=C(N)N)[C@H]4[C@@](C)(O)[C@H](O)C[C@H]3C)[C@H]2C1,1190.6239999999996,2.1217417205529983,0.0313694635460444,7.851091519997408
CNP0311737.1,COC1=CC2=C(C=C1O)OC1=C([C@@H]3O[C@H](CO)[C@H](O)[C@@H](O)[C@H]3O)C(O)=CC(O)=C1C2=O,436.36900000000014,2.013001357063506,0.2641058958260946,4.031927412924805
CNP0488210.2,CCCCCCCCCCCCCCCCC(=O)O[C@H](COC(=O)CCCCCCCCCCCCCCCCCCCCC(C)C)COC(=O)CCCCCCCCCCCCCCC(C)C,961.6359999999988,0.2552834693374268,0.0343271015739186,3.407661573283973
CNP0447146.2,C#CCNC(=O)[C@H]1C[C@@H](O)[C@H](O)[C@@H]2N=C(NC3=CC=CC4=CC=CC=C34)S[C@@H]21,395.4840000000001,-0.7143821562145963,0.5923671461758026,4.086216006732323
CNP0445269.1,C[C@@H]1NCCCN(CCO)CCCN[C@@H](C)C2=NC1=CC=C2,306.454,-0.3103449752441818,0.7723237215823124,4.714516056560566
CNP0459474.1,CCCCCC/C=C\CCCCCCCCCCCCC[C@@H](O)C(=O)N[C@@H](CO[C@@H]1O[C@H](CO)[C@@H](O)[C@H](O)[C@H]1O)[C@H](O)[C@H](O)CCCCCCCCC(C)C,788.1609999999998,1.381596144556252,0.0249417654868166,4.866980029663642
CNP0523528.1,CCCCCCCCCCCCCCCCCCCC(=O)OC[C@H](COC(=O)CCCCCCCCCCCCCCC)OC(=O)CCCCCCCCCCCC(C)C,849.4199999999993,0.2893212652490838,0.0344652375498076,3.2000891718617925
CNP0136473.1,C=C[C@@]1(C)CC[C@@]2(C)[C@@H](CC=C3[C@@H]2CCC[C@]3(C)CO[C@@H]2O[C@@H](COC(C)=O)[C@H](O)[C@H]2O)C1,462.6270000000002,3.0775529400473425,0.455689880532638,5.090477731788653
CNP0214932.2,CC(=O)[C@@H]1[C@@H](O)C[C@H]2[C@]3(C)CC[C@H]4C(C)(C)CCC[C@]4(C)[C@H]3C[C@@H](O)[C@]2(C)[C@H]1C=O,418.61800000000017,2.78401807291184,0.651648244504189,4.9878494814188095
CNP0269227.1,CC(C)(O)C[C@@H]1C2=C(OC3=C1C1=C(OC(C)(C)C=C1)C1=CC=CC=C31)C(=O)C1=CC=CC=C1C2=O,466.5330000000002,1.43716289341624,0.5019228379083764,3.706024826016379
CNP0211376.0,COC1=CC=C(C2NC3=CC=CC=C3C(=O)N2CCCC(=O)NC2=CC=CC=C2O)C=C1,431.49200000000013,-0.941886564942472,0.4829690660164374,2.687063809970814
CNP0544124.1,C[C@H]1C[C@H]2NC(=O)C[C@H]2[C@@H]1CNC(=O)C1=NC=CS1,279.365,0.0183169176829052,0.8679847111242233,4.263697154656441
CNP0110866.2,C=C1C=C[C@H](O[C@@H]2O[C@H](CO)[C@H](O)[C@H](O)[C@H]2O)[C@]2(C)C[C@@H]3OC(=O)C(C)=C3C[C@@H]12,408.4470000000003,3.185969654512179,0.4794094553498355,5.054481085104479
CNP0519707.0,CCC(C)C(N)C(=O)NC(CC(=O)O)C(=O)NC(CCCCN)C(=O)O,374.4380000000002,0.6764191268727462,0.2219422264040749,3.3144338846076518
CNP0553483.0,CC1=CC=C(NC(=O)CN2C=NC3=C2C(=O)N(C)C(=O)N3C)C=C1,327.34400000000005,-1.8365098797774209,0.7528197786063354,2.0962754613326755
CNP0258830.2,CN(C)C(=N)NCCC[C@H](N)C(=O)O,202.25799999999998,0.7952579959662,0.2671325495602927,3.242710579688419
CNP0166511.1,CC(C)=CCC[C@@H](C)[C@@H]1CC/C(C)=C/C[C@H](O)/C(C)=C/[C@@H]1O,306.49,3.1789429731167087,0.7335597590293665,4.650453996039429
CNP0425022.0,CCCCCCCCCCCCCCCCCCCCCCCCCCC(=O)NCCC1=CNC2=CC=C(O)C(O)=C12,584.9300000000004,0.1130906229125642,0.0592512196053453,2.6873898728493515
CNP0042763.0,CCOC(=O)CC1=CC(CC(=O)OCC)=C(N)C=C1N,280.32399999999996,-0.0983224826291349,0.5961125891953213,2.3710388723145144
CNP0132219.0,COC1=NC(CC(C)C)=CN=C1C(C)C,208.305,-0.4607076299526532,0.7628162937651386,2.6260296572654536
CNP0133353.5,C=C[C@H]1[C@H](O[C@H]2O[C@@H](CO[C@@H]3C[C@@H]4C(=CO[C@@H](O[C@@H]5O[C@H](CO)[C@@H](O)[C@H](O)[C@H]5O)[C@@H]4C=C)C(=O)O3)[C@H](O)[C@@H](O)[C@@H]2O)OC=C(C(=O)OC)[C@H]1CC(=O)O,760.6950000000004,2.091266025270617,0.0680397357100773,6.010574787289908
CNP0503934.0,COC1=CC=C(C=CC(=O)N2CCCCC2)C=C1,245.32199999999992,-0.3965539888848833,0.766254192250365,1.7500917573528625
CNP0338901.2,CC[C@]1(C)C[C@](CCNCC2=CC=CC=C2)(C2=CC=C(C)C=C2)CCO1,351.53400000000016,-0.1748210196501576,0.6751614843175429,3.1048066113831947
CNP0080492.0,CC(C)=CCCC(C)=CCOC1=CC=C(C(=O)O)C=C1,274.35999999999996,1.2005438750782602,0.7467728831313679,2.1803208303564734
CNP0345914.1,COC1=CC2=C(C(OC)=C1OC)C1=C(C=C3OCOC3=C1OC)[C@H](O)C(C)C(C)C2,416.4700000000002,1.9222812599863808,0.8079701796246755,3.750852741768752
CNP0217768.0,COC1=CC=CC=C1C=CC(=O)C1=CC(Br)=CC=C1O,333.18100000000004,-0.13519975635295,0.6779506765216076,1.9784833778090205
CNP0583384.2,CC1=CC=C(NC(=O)[C@H]2[C@H]3C=C[C@@]4(O3)[C@H]2C(=O)N(CCN2CCOCC2)[C@@H]4C(=O)NC2CCCCC2)C=C1,522.6460000000005,-0.9800073581643924,0.5306894055524597,4.997050478438732
CNP0558539.1,CCCCC/C=C\C/C=C\C/C=C\C/C=C\CCCCCC(=O)O[C@H](COC(=O)CCC/C=C\C/C=C\C/C=C\CCCCCCCC)COC(=O)CCCCCCCCCCCCC,905.442999999999,0.4840211371329465,0.0261916468436378,3.9325038268620105
CNP0352999.0,O=C1CCN2C3=CC=CC=C3C3=C2C1=NC=C3,222.24699999999999,-0.1853570859805352,0.5858659628553146,2.390299504917479
CNP0221409.3,COC1=CC(O)=C2C(=O)C(O)=C(C3=CC=C(O[C@@H]4O[C@H](CO)[C@@H](O)[C@H](O)[C@H]4O)C(O)=C3)OC2=C1OC,508.43200000000024,2.022076809845375,0.2298128264502204,4.089712529931707
CNP0170201.0,CCC(C)C(NC(=O)C(N)CCCNC(=N)N)C(=O)NC(CC(C)C)C(=O)NC(C(=O)NC(C(=O)NC(CCCNC(=N)N)C(=O)NC(CCCNC(=N)N)C(=O)NCCCCN)C(C)CC)C(C)C,995.3339999999989,0.1641883949445885,0.0177761873294666,5.188130308724443
CNP0176887.3,C=C1[C@H](O)C[C@H](OC(C)=O)[C@@]2(C)[C@@H](OC(C)=O)[C@H](OC(=O)C3=CC=CC=C3)C3=C(C)[C@@H](O)C[C@@]3(C(C)(C)O)[C@H](OC(C)=O)[C@H]12,614.6880000000003,2.4740702393197203,0.245029258008513,5.095011580022007
CNP0256973.1,C=C1C(=O)O[C@@H]2[C@H]1CCC(C)=C(CCC(=O)O)[C@@]2(C)OCC,308.374,2.349375628832337,0.4801325129132254,4.22084631779992
CNP0309697.0,CC1=CC=CC2=C1C(O)=C(C1=CC(O)=C3C=CC(=O)OC3=C1O)C(=O)O2,352.2980000000001,1.135204255252077,0.3555164550526202,2.8241602586944303
CNP0401094.1,CC(C)[C@H](O)[C@H](O)C[C@@H](C)[C@H]1[C@@H](O[C@@H]2O[C@H](CO)[C@@H](O)[C@H](O)[C@H]2O)C[C@H]2[C@@H]3C[C@@H](O)[C@H]4C[C@@H](O[C@@H]5O[C@H](CO[C@@H]6O[C@H](CO)[C@@H](O)[C@H](O)[C@H]6O)[C@@H](O)[C@H](O)[C@H]5O)CC[C@]4(C)[C@H]3CC[C@]12C,939.0990000000002,1.878106381980848,0.0763984766648879,6.435105395133311
CNP0114970.2,CC(C)[C@H](C)CC[C@@H](C)[C@H]1CCC2=C3CCC4C[C@@H](O)CC[C@]4(C)[C@H]3CC[C@@]21C,400.6910000000002,3.046578173184008,0.4670479560468723,4.580983780744907
CNP0087369.3,C[C@H]1O[C@@H](O[C@@H]2[C@@H](O)[C@H](C(=O)O)O[C@H](O[C@@H]3CC[C@@]4(C)[C@H](CC[C@]5(C)[C@@H]4C=CC4=C6CC(C)(C)C[C@H](O)[C@]6(C)CC[C@@]45C)C3(C)C)[C@H]2O[C@@H]2OC[C@@H](O)[C@H](O)[C@@H]2O)[C@H](O)[C@@H](O)[C@H]1O,895.0930000000005,2.525965115918766,0.1663369412487657,6.40087365620693
CNP0350216.0,CC12C=CC(=O)C=C1CCC1C2C(O)CC2(C)C1CC(O)C2(O)C(=O)CO,376.4490000000002,2.538231955047896,0.5588298111070759,4.615777023379932
CNP0387383.0,COC1=CC=CC=C1C=CC=C1OC2=CC(OC(=O)C=CC3=CC=CC=C3)=CC=C2C1=O,424.4520000000001,-0.0710341820115843,0.2976243161408455,2.5349850674579724
CNP0383606.1,CC(=O)[C@@H]1[C@]2(CO)[C@@H](OC(=O)/C=C/C3=CC=CC=C3)C[C@@H](O)[C@@]3(C)CO[C@H]([C@@H](O)[C@]1(C)[C@]14O[C@@]1(C)[C@@H]1C[C@@H]4O[C@H]4OC=C[C@@]41O)[C@@H]32,638.7100000000005,3.00677236706023,0.2028787057485177,6.741468958417329
CNP0543720.1,CCCCC/C=C\C/C=C\C/C=C\C/C=C\CCCCCC(=O)O[C@H](COC(=O)CCCCCCC/C=C\CCCCCC)COC(=O)CCCCCCCCCCCCCCC,881.4209999999991,0.4770856877785957,0.0262142518537048,3.722539388953624
CNP0096096.1,COCCCO[C@H]1CC[C@@]2(C)[C@@H](C1)C(=O)C1=C3[C@@]24C#CC[C@H]2CN2C(=O)[C@H]2N[C@H](O)[C@H]5O[C@@H]([C@H](C)C5C25CCCC5)[C@@H](O)[C@@](C)(O)[C@H]2C[C@@H](CC1)[C@]3(O)[C@]2(C)CC4,791.0389999999996,2.088094607124858,0.1583977531004759,7.995451735919133
CNP0204529.3,C=C/C=C\[C@@H](C)C(OC(N)=O)[C@H](C)[C@@H](O)[C@H](C)C/C(C)=C\[C@@H](C)[C@H](O)[C@H](C)/C=C\[C@H](O)C[C@H]1OC(=O)[C@@H](C)[C@H](O)[C@@H]1C,593.8020000000002,2.6632618140581505,0.1006334927512308,5.681577498083991
CNP0591121.0,COC1=CC=C(C(=O)CC2(O)C(O)=NC3=CC=C(C)C=C32)C(OC)=C1,341.3630000000001,-0.1245172231839,0.8160837763708133,3.092987083015733
CNP0537141.1,CC/C=C\C/C=C\C/C=C\C/C=C\C/C=C\CCCCCC(=O)OC[C@@H](COCCCCCCCCCCCCCCCCCC)OC(=O)CCCCCCC/C=C\CCCCCCCC,921.5299999999991,0.5117006779786942,0.034553631794966,4.023770171089581
CNP0374558.0,CC1=CC(O)=C2C(=O)C3=C4C(=O)C5=CC(C)=CC(O)=C5C(=O)C4=C4C(=O)C5=CC(C)=CC(O)=C5C(=O)C4=C3C(=O)C2=C1,558.4980000000004,0.3797157243723905,0.1874490223534922,2.9638351491514108
CNP0313860.2,CC(=O)NC(C(=O)NC(C)(C)C(=O)NC(C)(C)C(=O)NC(C)(C)C(=O)N[C@@H](C(=O)NCC(=O)N[C@@H](CC(C)C)C(=O)NC(C)(C)C(=O)NC(C)(C)C(=O)N1C[C@H](O)C[C@H]1C(=O)N[C@@H](CCC(N)=O)C(=O)NC(C)(C)C(=O)N1C[C@H](O)CC1C(=O)NC(C)(C)C(=O)N[C@H](CO)CC1=CC=CC=C1)C(C)C)C(C)C,1511.828999999999,-0.1868543265699233,0.0308618360619746,6.884145131283083
CNP0454070.1,COCC(=O)N[C@H]1C[C@@H](C(=O)OC)N(C(C)=O)C1,258.274,-0.9577421432169222,0.6477369609307028,3.0568765863729865
CNP0402449.2,COC(=O)C1=CO[C@@H](O[C@H]2O[C@@H](O)[C@@H](O)[C@@H](O)[C@H]2CO)[C@H]2[C@@H]1C=C[C@@]21C=C([C@H](C)O)C(=O)O1,470.42700000000025,2.6295994196781574,0.2168741920023005,5.93173552653656
