ChEMBL_ID,SMILES,pIC50,Activity_Label
CHEMBL3754585,Br.BrCC1CN=C(Nc2ccccn2)S1,3.958607314841775,0
CHEMBL5417346,Br.CC[N+](CC)(CCCCCn1c(=O)cc(C)n(CCCCCCn2c(C)cc(=O)n(C)c2=O)c1=O)Cc1ccccc1[N+](=O)[O-],10.0,1
CHEMBL5440753,Br.CC[N+](CC)(CCCCCn1c(=O)cc(C)n(CCCCCn2c(C)cc(=O)n(C)c2=O)c1=O)Cc1ccccc1[N+](=O)[O-],9.397940008672037,1
CHEMBL5434553,Br.CC[N+](CC)(CCCCCn1c(=O)cc(C)n(CCCCn2c(C)cc(=O)n(C)c2=O)c1=O)Cc1ccccc1[N+](=O)[O-],9.221848749616356,1
CHEMBL5396497,Br.CC[N+](CC)(CCCCCn1c(=O)cc(C)n(CCCn2c(C)cc(=O)n(C)c2=O)c1=O)Cc1ccccc1[N+](=O)[O-],8.154901959985743,1
CHEMBL4779999,Brc1ccc(-c2nnc(N3CCN(c4ccccn4)CC3)o2)cc1,7.130768280269024,1
CHEMBL4519496,Brc1ccc(-c2nnn3c2C2c4ccccc4CCN2Cc2ccccc2-3)cc1,6.6020599913279625,1
CHEMBL4526428,Brc1ccc(-n2cc(COc3ccc(/C=N/Nc4c5c(nc6ccccc46)CCCC5)cc3)nn2)cc1.Cl,4.892790030352131,0
CHEMBL1766143,Brc1ccc(CN2CCN(c3nccc(NCc4ccccc4)n3)CC2)cc1,4.5934598195660445,0
CHEMBL4741398,Brc1ccc(CNC2CCN(Cc3ccccc3)C2)cc1,6.876148359032914,1
CHEMBL5631356,Brc1ccc(Cn2cc(CNC34CC5CC(CC(C5)C3)C4)nn2)cc1,7.036212172654444,1
CHEMBL4779440,Brc1ccc([N+]2=Cc3ccccc3CC2)cc1.[Br-],4.978810700930062,0
CHEMBL330004,Brc1ccc2c(CCC3CCN(Cc4ccccc4)CC3)noc2c1,7.300821784066763,1
CHEMBL3116301,Brc1ccc2c(c1)c(OCc1ccc3ccccc3c1)nn2CCN1CCCCC1,5.0,0
CHEMBL147517,C#CC(C)(C)OC[n+]1ccn(C)c1/C=N/O.[Cl-],4.616184634019569,0
CHEMBL357981,C#CC(C)C(C)OC[n+]1ccn(C)c1/C=N/O.[Cl-],4.896196279044043,0
CHEMBL151861,C#CC(C)NCCc1cccc(OC(=O)N(C)C)c1,6.769551078621726,1
CHEMBL357953,C#CC(C)NCCc1cccc(OC(=O)N(C)CC)c1,4.856985199745905,0
CHEMBL348216,C#CC(C)OC[n+]1ccn(C)c1/C=N/O.[Cl-],4.924453038607469,0
CHEMBL147025,C#CC1(OC[n+]2ccn(C)c2/C=N/O)CCCC1.[Cl-],4.616184634019569,0
CHEMBL356000,C#CC1CCCCC1OC[n+]1ccn(C)c1/C=N/O.[Cl-],4.692503962086787,0
CHEMBL148771,C#CCC1CCCc2ccc(OC(=O)N(C)CC)cc21,4.280668713016273,0
CHEMBL5394478,C#CCCCCCCCCCN(C)C(=O)Oc1cccc2c(CN(C)CCC3CCCCCC3)c[nH]c12,6.909389292171594,1
CHEMBL150164,C#CCCCC[n+]1ccc(/C=N/O)cc1.[Cl-],3.515700160653214,0
CHEMBL149017,C#CCCCC[n+]1ccccc1/C=N/O.[Cl-],4.211124884224583,0
CHEMBL149084,C#CCCCC[n+]1ccn(C(C)(C)C)c1/C=N/O.[Cl-],4.115771230367396,0
CHEMBL423397,C#CCCCC[n+]1ccn(COC)c1/C=N/O.[Cl-],3.7328282715969863,0
CHEMBL150156,C#CCCCC[n+]1cn(C)c(/C=N/O)n1.[Cl-],4.204119982655925,0
CHEMBL346399,C#CCCCOC[n+]1ccn(C)c1/C=N/O.[Cl-],4.554395796726403,0
CHEMBL150212,C#CCCOC[n+]1ccc(/C=N/O)cc1.[Cl-],4.015472686656207,0
CHEMBL355986,C#CCCOC[n+]1ccn(C(C)(C)C)c1/C=N/O.[Cl-],3.469800301796918,0
CHEMBL149026,C#CCCOC[n+]1ccn(C)c1/C=N/O.[Cl-],4.838631997765025,0
CHEMBL147465,C#CCCOC[n+]1ccn(C)c1C.[Cl-],4.568636235841013,0
CHEMBL147527,C#CCN(C)C(C)Cc1cccc(OC(=O)N(C)CC)c1,3.630784142589857,0
CHEMBL343673,C#CCN(C)C(C)Cc1cccc(OC(=O)N(C)CCC)c1,4.480172006224281,0
CHEMBL542016,C#CCN(C)C1CCc2c(OC(=O)N(C)CC)cccc21.Cl,4.826813731587726,0
CHEMBL555506,C#CCN(C)C1CCc2ccc(OC(=O)N(C)C)cc21.Cl,4.889410289700751,0
CHEMBL554055,C#CCN(C)C1CCc2ccc(OC(=O)N(C)CC)cc21.Cl,2.886056647693163,0
CHEMBL545798,C#CCN(C)C1CCc2ccc(OC(=O)N(C)CCC)cc21.Cl,3.0,0
CHEMBL1193856,C#CCN(C)C1CCc2cccc(OC(=O)N(C)C)c21,3.136677139879544,0
CHEMBL541363,C#CCN(C)C1CCc2cccc(OC(=O)N(C)CC)c21.Cl,3.3575354797578787,0
CHEMBL544166,C#CCN(C)C1CCc2cccc(OC(=O)N(C)CCC)c21.Cl,3.0,0
CHEMBL8706,C#CCN(C)CCCOc1ccc(Cl)cc1Cl,3.3010299956639813,0
CHEMBL151559,C#CCN(C)CCc1cccc(OC(=O)N(C)CC)c1,4.779891911959945,0
CHEMBL3407583,C#CCN(C)Cc1cc2cc(OCCCC3CCN(Cc4ccccc4)CC3)ccc2[nH]1,4.8124792791635365,0
CHEMBL491527,C#CCN(C)Cc1ccc(C(=O)c2ccc(OC)c(OC)c2)cc1,4.565431095965801,0
CHEMBL1788297,C#CCN(C)[C@@H]1CCc2ccc(OC(=O)N(C)CC)cc21.Cl,2.9208187539523753,0
CHEMBL972,C#CCN(C)[C@H](C)Cc1ccccc1,3.3010299956639813,0
CHEMBL545797,C#CCN(CC)C1CCc2ccc(OC(=O)N(C)C)cc21.Cl,4.747146969020107,0
CHEMBL5417071,C#CCN(CCCc1ccccc1)Cc1cccc(OC)c1OCc1ccccc1,5.0,0
CHEMBL5398025,C#CCN(CCc1ccc(O)cc1)Cc1cccc(OC)c1OCc1ccccc1,5.0,0
CHEMBL5422164,C#CCN(CCc1ccc(OC)cc1)Cc1cccc(OC)c1OCc1ccccc1,5.0,0
CHEMBL5427121,C#CCN(CCc1ccc(OCC=C)cc1)Cc1cccc(OC)c1OCc1ccccc1,5.0,0
CHEMBL5428807,C#CCN(CCc1cccc(OC)c1)Cc1cccc(OC)c1OCc1ccccc1,5.0,0
CHEMBL5400426,C#CCN(CCc1ccccc1)Cc1cccc(OC)c1OCc1ccccc1,5.0,0
CHEMBL5394805,C#CCN(CCc1ccccc1OC)Cc1cccc(OC)c1OCc1ccccc1,5.0,0
CHEMBL3901082,C#CCN(Cc1ccc2cccc(O)c2n1)C(C#N)C1CCN(Cc2ccccc2)CC1,4.192464971931146,0
CHEMBL3910142,C#CCN(Cc1ccc2cccc(O)c2n1)C(C#N)CCC1CCN(Cc2ccccc2)CC1,7.5376020021010435,1
CHEMBL4780248,C#CCN1CCC(CO)CC1,4.0,0
CHEMBL4777039,C#CCN1CCC(COC(=O)N(C)CC)CC1,4.0,0
CHEMBL4792289,C#CCN1CCC(COC(=O)Nc2ccc(C(C)C)cc2)CC1,4.0,0
CHEMBL4779214,C#CCN1CCC(COC(=O)Nc2ccccc2)CC1,4.0,0
CHEMBL4792299,C#CCN1CCC(O)CC1,4.0,0
CHEMBL4793319,C#CCN1CCC(OC(=O)N(C)CC)CC1,4.0,0
CHEMBL4792634,C#CCN1CCC(OC(=O)Nc2ccc(C(C)C)cc2)CC1,4.0,0
CHEMBL4791143,C#CCN1CCC(OC(=O)Nc2ccccc2)CC1,4.0,0
CHEMBL4780765,C#CCN1CCCC(CO)C1,4.0,0
CHEMBL4786153,C#CCN1CCCC(COC(=O)N(C)CC)C1,4.0,0
CHEMBL4779749,C#CCN1CCCC(COC(=O)Nc2ccc(C(C)C)cc2)C1,4.0,0
CHEMBL4783379,C#CCN1CCCC(COC(=O)Nc2ccccc2)C1,4.0,0
CHEMBL4782857,C#CCN1CCCC(O)C1,4.0,0
CHEMBL4789240,C#CCN1CCCC(OC(=O)N(C)CC)C1,4.0,0
CHEMBL4798315,C#CCN1CCCC(OC(=O)Nc2ccc(C(C)C)cc2)C1,4.0,0
CHEMBL4780895,C#CCN1CCCC(OC(=O)Nc2ccccc2)C1,4.0,0
CHEMBL151923,C#CCNC(C)Cc1cccc(OC(=O)N(C)CC)c1,4.4698003017969175,0
CHEMBL151922,C#CCNC(C)Cc1cccc(OC(=O)N(C)CCC)c1,4.718966632752273,0
CHEMBL147031,C#CCNC(C)Cc1cccc(OC(=O)N(C)CCCC)c1,4.913640169325252,0
CHEMBL4579904,C#CCNC1CCCc2ccc(OC(=O)N(C)CC)cc21,4.280668713016273,0
CHEMBL544165,C#CCNC1CCc2c(Cl)cc(OC(=O)N(C)CC)cc21.Cl,4.5934598195660445,0
CHEMBL556161,C#CCNC1CCc2c(Cl)cc(OC(=O)N(C)CCC)cc21.Cl,4.357535479757878,0
CHEMBL1195259,C#CCNC1CCc2c(OC(=O)N(C)C)cccc21,4.0655015487564325,0
CHEMBL554179,C#CCNC1CCc2c(OC(=O)N(C)C)cccc21.Cl,7.275724130399211,1
CHEMBL1193656,C#CCNC1CCc2c(OC(=O)N(C)CC)cccc21,3.8239087409443187,0
CHEMBL4473282,C#CCNC1CCc2cc(Cl)c(OC(=O)N(C)CCC)cc21,4.357535479757878,0
CHEMBL543215,C#CCNC1CCc2ccc(OC(=O)N(C)C3CCCCC3)cc21.Cl,4.3851027839668655,0
CHEMBL544636,C#CCNC1CCc2ccc(OC(=O)N(C)CC)cc21.Cl,4.327902142064283,0
CHEMBL151225,C#CCNC1CCc2ccc(OC(=O)N(C)CC)cc2C1,3.6903698325741012,0
CHEMBL555592,C#CCNC1CCc2ccc(OC(=O)N(C)CCC)cc21.Cl,4.835647144215563,0
CHEMBL541885,C#CCNC1CCc2ccc(OC(=O)N(C)CCCC)cc21.Cl,4.94692155651658,0
CHEMBL556028,C#CCNC1CCc2ccc(OC(=O)N(C)CCCCCC)cc21.Cl,4.804100347590766,0
CHEMBL554056,C#CCNC1CCc2ccc(OC(=O)N(CC)C3CCCCC3)cc21.Cl,4.747146969020107,0
CHEMBL539571,C#CCNC1CCc2ccc(OC(=O)N(CC)CCCC)cc21.Cl,4.140261433802853,0
CHEMBL553498,C#CCNC1CCc2ccc(OC(=O)NCC)cc21.Cl,4.863279432843593,0
CHEMBL545334,C#CCNC1CCc2ccc(OC(=S)N(C)C)cc21.Cl,3.3010299956639813,0
CHEMBL541620,C#CCNC1CCc2ccc(OC(=S)N(C)CC)cc21.Cl,3.3010299956639813,0
CHEMBL544635,C#CCNC1CCc2cccc(OC(=O)N(C)CC)c21.Cl,3.279840696594043,0
CHEMBL542981,C#CCNC1CCc2cccc(OC(=O)N(C)CCC)c21.Cl,4.33913452199613,0
CHEMBL4212275,C#CCNCC(=O)Nc1ccc2nc3n(c(=O)c2c1)CCC3,7.333482019445119,1
CHEMBL347503,C#CCNCCc1cccc(OC(=O)N(C)C)c1,6.657577319177793,1
CHEMBL151883,C#CCNCCc1cccc(OC(=O)N(C)CC)c1,4.519993057042849,0
CHEMBL450931,C#CCNCCc1cccc(OC(=O)N(C)CCC)c1,4.8124792791635365,0
CHEMBL45069,C#CCNCc1cc2cc(OCc3ccccc3)ccc2[nH]1,4.0,0
CHEMBL255230,C#CCN[C@@H]1CCc2cc(Cl)c(OC(=O)N(C)CCC)cc21,4.357535479757878,0
CHEMBL255231,C#CCN[C@@H]1CCc2ccc(OC(=O)N(C)CC)cc21,4.38912079651592,0
CHEMBL5219232,C#CCN[C@@H]1CCc2ccc(OC(=O)N(C)CC)cc21.C#CCN[C@@H]1CCc2ccc(OC(=O)N(C)CC)cc21,3.0,0
CHEMBL1788299,C#CCN[C@@H]1CCc2ccc(OC(=O)N(C)CC)cc21.Cl,4.497572880015567,0
CHEMBL2093013,C#CCN[C@@H]1CCc2ccc(OC(=O)N(C)CCC)cc21.Cl,4.966576244513051,0
CHEMBL1788306,C#CCN[C@@H]1CCc2ccc(OC(=O)N(C)CCCC)cc21.Cl,4.935542010773082,0
CHEMBL887,C#CCN[C@@H]1CCc2ccccc21,7.721246399047171,1
CHEMBL1201142,C#CCN[C@@H]1CCc2ccccc21.CS(=O)(=O)O,4.0,0
CHEMBL2093014,C#CCN[C@H]1CCc2ccc(OC(=O)N(C)CC)cc21.Cl,4.45717457304082,0
CHEMBL4632951,C#CCNc1c2c(nc3cc(Cl)ccc13)CCCC2,8.0268721464003,1
CHEMBL4633540,C#CCNc1c2c(nc3ccccc13)CCCC2,7.294992040666664,1
CHEMBL5596159,C#CCNc1ccccc1-c1cc(-c2ccc(OCCN3CCCCC3)cc2)nc(N)n1,4.3979400086720375,0
CHEMBL4225157,C#CCNc1nc(NCCCCC2CCN(Cc3ccccc3)CC2)c(C#N)cc1C#N,9.0,1
CHEMBL148832,C#CCOC[n+]1ccn(C)c1/C=N/O.[Cl-],4.661543506395395,0
CHEMBL1922541,C#CCOP(C)(=O)OC(C(=O)OC)C(F)(F)F,4.360513510731414,0
CHEMBL1922540,C#CCOP(C)(=O)OC(C(F)(F)F)C(F)(F)F,4.187086643357144,0
CHEMBL4790416,C#CCOc1ccc(-c2cc(-c3ccc(OCCN4CCOCC4)cc3)nc(N)n2)cc1,6.516270100999976,1
CHEMBL5403494,C#CCOc1ccc(CCN(CC#C)Cc2cccc(OC)c2OCc2ccccc2)cc1,5.0,0
CHEMBL5397813,C#CCOc1ccc(CCN(CC=C)Cc2cccc(OC)c2OCc2ccccc2)cc1,5.0,0
CHEMBL5199704,C#CCOc1cccc(-c2cc(-c3ccc(OCCN4CCOCC4)cc3)nc(C)n2)c1,8.020451625295905,1
CHEMBL126939,C(=C/C1CCN(Cc2ccccc2)CC1)\c1noc2ccccc12,6.678596051151363,1
CHEMBL1081613,C(=C/C[n+]1ccccc1)\C[n+]1ccccc1.[Br-].[Br-],2.640164517660112,0
CHEMBL96246,C(=C\C1CCN(Cc2ccccc2)CC1)\c1noc2ccccc12,6.6777807052660805,1
CHEMBL1669490,C(=C\C[n+]1ccc2ccccc2c1)\C[n+]1ccc2ccccc2c1.[Cl-].[Cl-],4.769551078621726,0
CHEMBL1076550,C(=C\C[n+]1ccccc1)\C[n+]1ccccc1.[Cl-].[Cl-],2.701146923590293,0
CHEMBL4560804,C/C(=C/CC[C@H](CO)c1cc2cc(O)c(O)cc2o1)CO,4.543633966870957,0
CHEMBL5267312,C/C(=C\C1=CCN(C(=O)CCc2ccccc2)C(=O)C1)N1C(=O)c2ccccc2C1=O,7.2575891194195075,1
CHEMBL1915764,C/C(=C\CC[C@@H](C)[C@H]1CC[C@@]2(C)C3=C(CC[C@]12C)[C@@]1(C)CC[C@H](O)C(C)(C)[C@@H]1CC3=O)CO,4.508218224415835,0
CHEMBL1915760,C/C(=C\CC[C@@H](C)[C@H]1CC[C@@]2(C)C3=CC[C@H]4C(C)(C)[C@@H](O)CC[C@]4(C)C3=CC[C@]12C)C(=O)O,4.675614655697325,0
CHEMBL240972,C/C(=C\CC[C@@H](C)[C@H]1CC[C@@]2(C)C3=CC[C@H]4C(C)(C)[C@@H](O)CC[C@]4(C)C3=CC[C@]12C)CO,4.57218942732401,0
CHEMBL136135,C/C=C(\C)C(=O)NC1=CC[C@@]2(C)[C@@H](CC[C@H]3C4CC[C@H]([C@H](C)N(C)C)[C@@]4(C)CC[C@@H]32)C1=O,4.860000083248981,0
CHEMBL139424,C/C=C(\C)C(=O)N[C@@H]1C=C2CC[C@H]3[C@@H]4CC[C@H]([C@H](C)N(C)C)[C@@]4(C)CC[C@@H]3[C@@]2(C)C[C@@H]1O,4.800000052738446,0
CHEMBL337494,C/C=C(\C)C(=O)N[C@@H]1[C@H](O)C2CC[C@H]3C4=CC[C@H]([C@H](C)N(C)C)[C@@]4(C)CC[C@@H]3[C@@]2(C)C[C@@H]1O,4.480000028175458,0
CHEMBL421920,C/C=C(\C)C(=O)N[C@@H]1[C@H](OC(C)=O)[C@@H]2CC[C@@H]3[C@H](CC[C@]4(C)[C@@H]([C@H](C)N(C)C)CC[C@@H]34)[C@@]2(C)C[C@@H]1O,3.739999990121752,0
CHEMBL343054,C/C=C(\C)C(=O)N[C@@H]1[C@H](OC(C)=O)[C@@H]2CC[C@H]3C4=CC[C@H]([C@H](C)N(C)C)[C@@]4(C)CC[C@@H]3[C@@]2(C)C[C@@H]1O,4.210000001311122,0
CHEMBL342245,C/C=C(\C)C(=O)N[C@H]1C(OC(C)=O)C[C@@]2(C)C(CC[C@H]3C4CC=C([C@H](C)N(C)C)[C@@]4(C)CC[C@@H]32)[C@H]1OC(C)=O,4.300000029139088,0
CHEMBL2368067,C/C=C(\C)C(=O)N[C@H]1CC[C@@]2(C)C(=CC[C@H]3[C@@H]4CC[C@H]([C@H](C)N(C)C)[C@@]4(C)CC[C@@H]32)[C@H]1O,4.519999959791458,0
CHEMBL1443379,C/C=C(\C)C(=O)OC(C)(C)[C@@H]1Cc2cc3ccc(=O)oc3cc2O1,4.0,0
CHEMBL1651048,C/C=C1/C(=O)C[C@@]2(C)[C@@H]3CC[C@H]4C(C)(C)[C@@H](N(C)C)CC[C@@]45C[C@@]35CC[C@]12C,4.235077015350112,0
CHEMBL3355594,C/C=C1/[C@@H]2Cc3[nH]c(=O)ccc3[C@@]1(N)C[C@]1(C)O[C@H]21,4.916855856856948,0
CHEMBL594186,C/C=C1\[C@H]2C=C(C)C[C@]1(/N=C/C(=C/c1ccccc1)CCCCC)c1ccc(=O)[nH]c1C2,7.292429823902063,1
CHEMBL594187,C/C=C1\[C@H]2C=C(C)C[C@]1(/N=C/C(C)=C/c1ccccc1)c1ccc(=O)[nH]c1C2,7.6020599913279625,1
CHEMBL606372,C/C=C1\[C@H]2C=C(C)C[C@]1(/N=C/C=C/c1ccc(N(C)C)cc1)c1ccc(=O)[nH]c1C2,7.3979400086720375,1
CHEMBL595114,C/C=C1\[C@H]2C=C(C)C[C@]1(/N=C/C=C/c1ccccc1)c1ccc(=O)[nH]c1C2,7.619788758288394,1
CHEMBL606348,C/C=C1\[C@H]2C=C(C)C[C@]1(/N=C/c1cc(OC)cc(OC)c1)c1ccc(=O)[nH]c1C2,7.5376020021010435,1
CHEMBL596236,C/C=C1\[C@H]2C=C(C)C[C@]1(/N=C/c1ccc(C#N)cc1)c1ccc(=O)[nH]c1C2,7.657577319177793,1
CHEMBL595115,C/C=C1\[C@H]2C=C(C)C[C@]1(/N=C/c1ccc(N(C)C)cc1)c1ccc(=O)[nH]c1C2,7.508638306165727,1
CHEMBL604478,C/C=C1\[C@H]2C=C(C)C[C@]1(/N=C/c1ccc(O)c(OC)c1)c1ccc(=O)[nH]c1C2,7.795880017344075,1
CHEMBL605303,C/C=C1\[C@H]2C=C(C)C[C@]1(/N=C/c1ccc(O)c(OCC)c1)c1ccc(=O)[nH]c1C2,7.6020599913279625,1
CHEMBL594870,C/C=C1\[C@H]2C=C(C)C[C@]1(/N=C/c1ccc(OC)cc1)c1ccc(=O)[nH]c1C2,7.508638306165727,1
CHEMBL593933,C/C=C1\[C@H]2C=C(C)C[C@]1(/N=C/c1ccc(OC)cc1OC)c1ccc(=O)[nH]c1C2,7.075720713938118,1
CHEMBL596457,C/C=C1\[C@H]2C=C(C)C[C@]1(/N=C/c1ccccc1OS(=O)(=O)[O-])c1ccc(=O)[nH]c1C2.[Na+],7.3872161432802645,1
CHEMBL395280,C/C=C1\[C@H]2C=C(C)C[C@]1(N)c1ccc(=O)[nH]c1C2,7.09648784590773,1
CHEMBL3338388,C/C=C1\[C@H]2C=C(C)C[C@]1(NC1OCC3=C4CC(C)(C)C[C@H]4[C@@H](C)[C@H](O)CC31O)c1ccc(=O)[nH]c1C2,6.958607314841775,1
CHEMBL3338389,C/C=C1\[C@H]2C=C(C)C[C@]1(NC1OCC3=C4CC(C)(C)[C@H](O)[C@H]4[C@@H](C)CCC31O)c1ccc(=O)[nH]c1C2,7.221848749616356,1
CHEMBL158946,C/N=C1/CCc2c1n(C)c1ccc(OC(=O)N(C)C)c(Br)c21,7.221848749616356,1
CHEMBL156861,C/N=C1/CCc2c1n(C)c1ccc(OC(=O)NC)c(Br)c21,6.7447274948966935,1
CHEMBL155754,C/N=C1/CCc2c1n(C)c1ccc(OC(=O)NC)c(Cl)c21,6.638272163982407,1
CHEMBL442287,C=C(C)CN1CC[C@@]23C=C[C@H](O)C[C@@H]2Oc2c(OC)ccc(c23)C1,7.045757490560675,1
CHEMBL294292,C=C(C)C[N+](C)(C)c1ccc(O)cc1.[Br-],5.0,0
CHEMBL61126,C=C(C)C[N+](C)(C)c1cccc(O)c1.[Br-],5.0,0
CHEMBL305386,C=C(C)C[N+](C)(C)c1cccc(OC)c1.[Br-],5.0,0
CHEMBL294674,C=C(C)C[N+](C)(C)c1ccccc1O.[Br-],5.0,0
CHEMBL294152,C=C(C)C[N+](C)(C)c1ccccc1OC.[Br-],5.0,0
CHEMBL4128191,C=C(C)[C@@H](O)CC[C@]1(C)[C@@H](CC=C(C)C)C[C@]2(CC=C(C)C)C(=O)C3=C(O[C@H](C(C)(C)O)C3)[C@@]1(C(=O)C(C)C)C2=O,4.969805214643249,0
CHEMBL453641,C=C(C)[C@H](CC=C(C)C)Cc1c(O)cc(OC)c2c1O[C@H](c1ccc(O)cc1O)CC2=O,4.375717904164332,0
CHEMBL4128985,C=C(C)[C@H](O)CC[C@]1(C)[C@@H](CC=C(C)C)C[C@@]2(CC=C(C)C)C(=O)[C@]1(C(=O)C(C)C)C(=O)C1=C2O[C@@H](C(C)(C)O)C1,4.600845666041783,0
CHEMBL4125708,C=C(C)[C@H](O)CC[C@]1(C)[C@@H](CC=C(C)C)C[C@@]2(CC=C(C)C)C(=O)[C@]1(C(=O)C(C)C)C(=O)C1=C2O[C@H](C(C)(C)O)C1,4.577902836868289,0
CHEMBL4128040,C=C(C)[C@H](O)CC[C@]1(C)[C@@H](CC=C(C)C)C[C@]2(CC=C(C)C)C(=O)C3=C(O[C@H](C(C)(C)O)C3)[C@@]1(C(=O)C(C)C)C2=O,4.707743928643524,0
CHEMBL461949,C=C(C)[C@H](O)Cc1cc2ccc(=O)oc2cc1O,3.886056647693163,0
CHEMBL3581573,C=C(C)[C@H]1CC[C@@](C)(O)[C@@H](C2=C(O)C(CC=C(C)C)(CC=C(C)C)C(=O)C(C(=O)C(C)C)=C2O)C1,4.5951662833800615,0
CHEMBL5178216,C=C(C)[C@]1(O)CC[C@@]2(C)C3=Cc4c(cc(-c5cccnc5)oc4=O)O[C@]3(C)[C@@H](O)C[C@@H]2[C@@]12CCC(=O)OC2,4.856985199745905,0
CHEMBL561846,C=C1C[C@]23C[C@H]1CC[C@H]2[C@]1(C)CCC[C@](C)(CO)[C@@H]1C[C@@H]3O,4.642065152999546,0
CHEMBL5176633,C=C1c2[nH]c3ccc(OC)cc3c2C2[C@@H](CC)C1CCN2C,3.5543957967264026,0
CHEMBL1161717,C=C1c2ccc(Cl)cc2N=C2CCCCCN12,6.799998134593398,1
CHEMBL454594,C=CC(=O)N1C/C(=C\c2ccc(C)cc2)C(=O)/C(=C/c2ccc(C)cc2)C1,4.743282254022513,0
CHEMBL152675,C=CC(=O)N1C/C(=C\c2ccc(Cl)cc2)C(=O)/C(=C/c2ccc(Cl)cc2)C1,4.656788409820252,0
CHEMBL2332546,C=CC(=O)N1C/C(=C\c2ccc(Cl)cc2Cl)C(=O)/C(=C/c2ccc(Cl)cc2Cl)C1,4.80271944187438,0
CHEMBL350032,C=CC(=O)N1C/C(=C\c2ccc(F)cc2)C(=O)/C(=C/c2ccc(F)cc2)C1,4.820448208834812,0
CHEMBL2332547,C=CC(=O)N1C/C(=C\c2cccc3ccccc23)C(=O)/C(=C/c2cccc3ccccc23)C1,4.858863909879261,0
CHEMBL156016,C=CC(=O)N1C/C(=C\c2ccccc2)C(=O)/C(=C/c2ccccc2)C1,4.752517739322946,0
CHEMBL2332538,C=CC(=O)N1C/C(=C\c2ccccc2C)C(=O)/C(=C/c2ccccc2C)C1,4.759700417997288,0
CHEMBL2332535,C=CC(=O)N1C/C(=C\c2ccccc2Cl)C(=O)/C(=C/c2ccccc2Cl)C1,4.787279845582158,0
CHEMBL2332536,C=CC(=O)N1C/C(=C\c2ccccc2F)C(=O)/C(=C/c2ccccc2F)C1,4.927750102386486,0
CHEMBL3085398,C=CC(C)(C)c1cc([C@@H]2CC(=O)c3c(O)cc(O)c(CC=C(C)C)c3O2)c(O)cc1O,4.5379016188648444,0
CHEMBL1914495,C=CC(CBr)Nc1c2c(nc3ccc(OC)cc13)CCCC2,4.050122295963125,0
CHEMBL196401,C=CCC1(O)OCc2c(OC)c(OC)cc3ccnc1c23,3.7594507517174,0
CHEMBL196116,C=CCC1(OC)OCc2c(OC)c(OC)cc3ccnc1c23,4.0,0
CHEMBL140403,C=CCCC[N+](C)(C)C,2.9470000017962272,0
CHEMBL5420941,C=CCCN(CCCc1ccccc1)Cc1cccc(OC)c1OCc1ccccc1,5.0,0
CHEMBL4217666,C=CCCNCC(=O)Nc1ccc2nc3n(c(=O)c2c1)CCC3,7.876148359032914,1
CHEMBL135086,C=CCC[N+](C)(C)C,3.072000002122498,0
CHEMBL61515,C=CCC[N+](C)(C)c1ccccc1O.[Br-],5.0,0
CHEMBL5399726,C=CCN(CCCc1ccccc1)Cc1cccc(OC)c1OCc1ccccc1,5.0,0
CHEMBL5431372,C=CCN(CCc1ccc(O)cc1)Cc1cccc(OC)c1OCc1ccccc1,5.0,0
CHEMBL5422439,C=CCN(CCc1ccc(OC)cc1)Cc1cccc(OC)c1OCc1ccccc1,5.0,0
CHEMBL5414976,C=CCN(CCc1cccc(OC)c1)Cc1cccc(OC)c1OCc1ccccc1,5.0,0
CHEMBL5420342,C=CCN(CCc1ccccc1)Cc1cccc(OC)c1OCc1ccccc1,5.0,0
CHEMBL5400996,C=CCN(CCc1ccccc1OC)Cc1cccc(OC)c1OCc1ccccc1,5.0,0
CHEMBL307721,C=CCN1CC[C@@]2(C)c3cc(OC(=O)NC)ccc3N(C)[C@@H]12,7.420818753952375,1
CHEMBL399515,C=CCN1CC[C@@]23C=C[C@H](O)C[C@@H]2Oc2c(OC)ccc(c23)C1,6.7447274948966935,1
CHEMBL4212713,C=CCNCC(=O)Nc1ccc2nc3n(c(=O)c2c1)CCC3,7.176525770829699,1
CHEMBL5589962,C=CCNCC(O)COc1cc(C(C)C)ccc1C,6.866461091629782,1
CHEMBL606538,C=CCOc1ccc(/C=N/[C@@]23CC(C)=C[C@@H](Cc4[nH]c(=O)ccc42)/C3=C\C)cc1,7.508638306165727,1
CHEMBL5418052,C=CCOc1ccc(CCN(CC=C)Cc2cccc(OC)c2OCc2ccccc2)cc1,5.0,0
CHEMBL3393674,C=CC[C@@H]1[C@H](O)[C@@H](OCc2ccccc2)[C@H](O)CN1CCCCCCCC,4.657577319177793,0
CHEMBL135503,C=CC[N+](C)(C)C,2.5350000005956224,0
CHEMBL294498,C=CC[N+](C)(C)Cc1cccc(O)c1.[Br-],5.0,0
CHEMBL59490,C=CC[N+](C)(C)Cc1cccc(OC)c1.[Br-],5.0,0
CHEMBL140020,C=CC[N+](C)(C)c1ccc(CCC(=O)CCc2ccc([N+](C)(C)CC=C)cc2)cc1,8.096964306605276,1
CHEMBL464538,C=CC[N+](C)(C)c1ccc(CCC(=O)CCc2ccc([N+](C)(C)CC=C)cc2)cc1.[Br-].[Br-],7.567248495203609,1
CHEMBL58252,C=CC[N+](C)(C)c1ccc(O)cc1.[Br-],5.0,0
CHEMBL57003,C=CC[N+](C)(C)c1ccc(OC(C)=O)cc1.[Br-],5.0,0
CHEMBL57842,C=CC[N+](C)(C)c1ccc(OC)cc1.[Br-],5.0,0
CHEMBL58511,C=CC[N+](C)(C)c1ccc(OCC(=O)c2ccc(OC)c(OC)c2)cc1.[Br-],5.0,0
CHEMBL293316,C=CC[N+](C)(C)c1cccc(OC)c1.[Br-],5.0,0
CHEMBL189122,C=CC[n+]1ccc(CCC(=O)C2Cc3cc(OC)c(OC)cc3S2)cc1,8.202732459169283,1
CHEMBL6134414,C=CCc1ccc(Oc2cc(CC=C)cc(-c3cc(CC=C)ccc3O)c2O)cc1,5.0,0
CHEMBL4568349,C=C[C@@H]1[C@@H]2CC3=C(CCC(=O)N3)[C@@]1(N)C[C@H](C)C2,4.522878745280337,0
CHEMBL448799,C=C[C@@H]1[C@H]2C=C(C)C[C@]1(NC)c1ccc(=O)[nH]c1C2,4.823908740944319,0
CHEMBL4240365,C=Cc1oc2ccc(Br)cc2c(=O)c1CN(/C=C/C(=O)OC)Cc1ccccc1,4.698970004336019,0
CHEMBL4250287,C=Cc1oc2ccc(Br)cc2c(=O)c1CN(/C=C/C(C)=O)Cc1ccccc1,4.698970004336019,0
CHEMBL4249829,C=Cc1oc2ccc(Br)cc2c(=O)c1CN(C)/C=C/C(=O)OC,4.698970004336019,0
CHEMBL4238512,C=Cc1oc2ccc(Br)cc2c(=O)c1CN(Cc1ccccc1)/C(=C/C(=O)OC)C(=O)OC,4.698970004336019,0
CHEMBL4244573,C=Cc1oc2ccccc2c(=O)c1CN(/C=C/C(=O)OC)Cc1ccccc1,4.698970004336019,0
CHEMBL4246032,C=Cc1oc2ccccc2c(=O)c1CN(/C=C/C(C)=O)Cc1ccccc1,4.698970004336019,0
CHEMBL4250143,C=Cc1oc2ccccc2c(=O)c1CN(Cc1ccccc1)/C(=C/C(=O)OC)C(=O)OC,4.698970004336019,0
CHEMBL357987,CC#CC(C)(C)OC[n+]1ccn(C)c1/C=N/O.[Cl-],3.7569619513137056,0
CHEMBL146319,CC#CC(C)OC[n+]1ccn(C)c1/C=N/O.[Cl-],3.8416375079047502,0
CHEMBL347749,CC#CCCOC[n+]1ccn(C)c1/C=N/O.[Cl-],4.114638779968488,0
CHEMBL367881,CC(=O)C1=C(O)C=C2Oc3c(C(C)=O)c(O)c(C)c(O)c3[C@@]2(C)C1=O,4.552841968657781,0
CHEMBL4174452,CC(=O)C1=CN(Cc2cccc(Cl)c2)C=CC1CC1Cc2cc(F)ccc2C1=O,5.0,0
CHEMBL136916,CC(=O)CCC[N+](C)(C)C,4.072000007248565,0
CHEMBL136765,CC(=O)N(C)[C@@H](C)[C@H]1CC[C@H]2[C@@H]3CC=C4C[C@@H](N(C)C)CC[C@]4(C)[C@H]3CC[C@]12C,4.70000006855703,0
CHEMBL136052,CC(=O)N(C)[C@@H](C)[C@H]1CC[C@H]2[C@@H]3CC[C@H]4C[C@@H](N(C)C)CC[C@]4(C)[C@H]3CC[C@]12C,4.300000029139088,0
CHEMBL1783522,CC(=O)N(C)[C@@H](C)[C@H]1[C@H](O)C[C@@]2(C)[C@@H]3CC[C@H]4[C@]5(C)CSC(C(C)C)=N[C@H]5CC[C@@]45C[C@@]35C(=O)C[C@]12C,6.525783735923745,1
CHEMBL434042,CC(=O)N(C)[C@H]1CC[C@@]2(C)[C@@H](CC[C@@H]3[C@@H]2CC[C@]2(C)[C@@H]([C@H](C)N(C)C)CC[C@@H]32)C1,4.149999990420336,0
CHEMBL1082427,CC(=O)N(C)c1cccc2n1cc(-c1ccc(OC(=O)N(C)C)cc1)[n+]2C.[Cl-],4.610833915635467,0
CHEMBL340609,CC(=O)N(CCC1CCN(Cc2ccccc2)CC1)c1ccc(F)cc1,6.688246138944246,1
CHEMBL141167,CC(=O)N(CCC1CCN(Cc2ccccc2)CC1)c1cccc(F)c1,7.187086643357144,1
CHEMBL340672,CC(=O)N(CCC1CCN(Cc2ccccc2)CC1)c1ccccc1,7.2839966563652006,1
CHEMBL141352,CC(=O)N(CCC1CCN(Cc2ccccc2)CC1)c1ccncc1,6.966576244513051,1
CHEMBL301610,CC(=O)N1C(=O)[C@@H](C)[C@@H]2[C@@H]1CCN2C(=O)[C@@H]1CCCN1S(=O)(=O)c1cccc2c(N(C)C)cccc12,4.0,0
CHEMBL1668934,CC(=O)N1CCC(NC(=O)Nc2ccc(OC(F)(F)F)cc2)CC1,3.939302159646388,0
CHEMBL1834075,CC(=O)N1CCN(c2nccc(NC(c3ccccc3)c3ccccc3)n2)CC1,4.5376020021010435,0
CHEMBL1766150,CC(=O)N1CCN(c2nccc(NCCc3ccccc3)n2)CC1,4.701146923590294,0
CHEMBL1834064,CC(=O)N1CCN(c2nccc(NCc3cccc4ccccc34)n2)CC1,4.860120913598763,0
CHEMBL1766016,CC(=O)N1CCN(c2nccc(NCc3ccccc3)n2)CC1,4.779891911959945,0
CHEMBL5218931,CC(=O)N1CC[C@@]2(O)c3cc(OC(=O)Nc4ccccc4)ccc3N[C@@H]12,6.6020599913279625,1
CHEMBL5171946,CC(=O)N1N=C(c2ccc(-c3ccccc3)cc2)CC1c1ccc(C(=O)O)cc1,2.8121973612815805,0
CHEMBL5182185,CC(=O)N1N=C(c2ccc(-c3ccccc3)cc2)CC1c1ccc([N+](=O)[O-])cc1,2.8079904073463298,0
CHEMBL5175686,CC(=O)N1N=C(c2ccc(-c3ccccc3)cc2)CC1c1cccc([N+](=O)[O-])c1,2.988006885340743,0
CHEMBL5169783,CC(=O)N1N=C(c2ccc(-c3ccccc3)cc2)CC1c1ccccc1,2.8768019249680012,0
CHEMBL5187436,CC(=O)N1N=C(c2ccc3ccccc3c2)CC1c1ccc(-c2ccccc2)cc1,7.167491087293763,1
CHEMBL5185580,CC(=O)N1N=C(c2cccc3ccccc23)CC1c1ccc(-c2ccccc2)cc1,2.9935339577507682,0
CHEMBL5191187,CC(=O)N1N=C(c2ccccc2[N+](=O)[O-])CC1c1ccc(-c2ccccc2)cc1,7.2839966563652006,1
CHEMBL2425417,CC(=O)NC=C1C(=O)NC(=O)NC1=O,4.041388342235121,0
CHEMBL3642056,CC(=O)NCCc1c[nH]c2ccc(OC(=O)NCCCCCCCCCCCCNc3c4c(nc5cc(Cl)ccc35)CCCC4)cc12,7.59176003468815,1
CHEMBL3642057,CC(=O)NCCc1c[nH]c2ccc(OC(=O)NCCCCCCCCCCCCNc3c4c(nc5ccc(Cl)cc35)CCCC4)cc12,8.154901959985743,1
CHEMBL3642053,CC(=O)NCCc1c[nH]c2ccc(OC(=O)NCCCCCCCCCCCCNc3c4c(nc5ccccc35)CCCC4)cc12,8.42021640338319,1
CHEMBL3642055,CC(=O)NCCc1c[nH]c2ccc(OC(=O)NCCCCCCCCCCNc3c4c(nc5cc(Cl)ccc35)CCCC4)cc12,8.09151498112135,1
CHEMBL3642054,CC(=O)NCCc1c[nH]c2ccc(OC(=O)NCCCCCCCCCCNc3c4c(nc5ccc(Cl)cc35)CCCC4)cc12,8.844663962534938,1
CHEMBL3642052,CC(=O)NCCc1c[nH]c2ccc(OC(=O)NCCCCCCCCCCNc3c4c(nc5ccccc35)CCCC4)cc12,8.928117992693874,1
CHEMBL3642049,CC(=O)NCCc1c[nH]c2ccc(OC(=O)NCCCCCCCCNc3c4c(nc5ccccc35)CCCC4)cc12,8.336299074610352,1
CHEMBL3642043,CC(=O)NCCc1c[nH]c2ccc(OC(=O)NCCCCCCCNc3c4c(nc5cc(Cl)ccc35)CCCC4)cc12,8.113509274827518,1
CHEMBL3642050,CC(=O)NCCc1c[nH]c2ccc(OC(=O)NCCCCCCCNc3c4c(nc5ccc(Cl)cc35)CCCC4)cc12,7.399244850360382,1
CHEMBL3642040,CC(=O)NCCc1c[nH]c2ccc(OC(=O)NCCCCCCCNc3c4c(nc5ccccc35)CCCC4)cc12,7.471468939364589,1
CHEMBL3642042,CC(=O)NCCc1c[nH]c2ccc(OC(=O)NCCCCCCNc3c4c(nc5ccccc35)CCCC4)cc12,6.748653840411419,1
CHEMBL3642048,CC(=O)NCCc1c[nH]c2ccc(OC(=O)NCCCCCNc3c4c(nc5ccccc35)CCCC4)cc12,6.729460905739452,1
CHEMBL3642046,CC(=O)NCCc1c[nH]c2ccc(OC(=O)NCCCNc3c4c(nc5ccccc35)CCCC4)cc12,6.569151260487084,1
CHEMBL3642044,CC(=O)NCCc1c[nH]c2ccc(OC(=O)NCCNc3c4c(nc5cc(Cl)ccc35)CCCC4)cc12,7.697885623043799,1
CHEMBL4445099,CC(=O)N[C@@H](CCCCn1cc(-c2ccccc2)nn1)C(=O)NCC1CCN(Cc2ccccc2)CC1,5.0,0
CHEMBL3343932,CC(=O)N[C@@H](Cc1c[nH]c2ccccc12)C(=O)NCCCCCCNc1c2c(nc3ccccc13)CCCC2,6.815308569182402,1
CHEMBL4464964,CC(=O)N[C@@H](Cn1cc(-c2ccccc2)nn1)C(=O)NCC1CCN(Cc2ccccc2)CC1,5.0,0
CHEMBL422098,CC(=O)N[C@H]1CC[C@@]2(C)[C@@H](CC[C@@H]3[C@@H]2CC[C@]2(C)[C@@H]([C@H](C)N(C)C)CC[C@@H]32)C1,4.159999981744464,0
CHEMBL4877556,CC(=O)Nc1cc(C(=O)Nc2cccc(OCC3CCN(Cc4ccccc4)CC3)c2)ccn1,5.0,0
CHEMBL4875903,CC(=O)Nc1cc(C(=O)Nc2cncc(OCC3CCN(Cc4ccc(F)cc4)CC3)c2)ccn1,8.045757490560675,1
CHEMBL6142452,CC(=O)Nc1cc(O)c(C(=O)CCC2CCN(CC3CCCCC3)CC2)cc1Cl,7.24184537803261,1
CHEMBL4070057,CC(=O)Nc1ccc(-c2c3ccccc3[n+](C)c3ccccc23)cc1.F[B-](F)(F)F,4.265200170411153,0
CHEMBL342370,CC(=O)Nc1ccc([C@@]2(O)C[N+](C)(C)CCO2)cc1,2.683999999746373,0
CHEMBL92736,CC(=O)Nc1ccc2c(CCC3CCN(Cc4ccccc4)CC3)noc2c1,8.552316403746769,1
CHEMBL94217,CC(=O)Nc1ccc2c(CCC3CCN(Cc4ccccc4)CC3)noc2c1.O=C(O)/C=C/C(=O)O,8.55284196865778,1
CHEMBL433678,CC(=O)Nc1ccc2c(c1)C(=O)N(CCC1CCN(Cc3ccccc3)CC1)C2=O,8.55284196865778,1
CHEMBL5185354,CC(=O)Nc1ccc2nc3c(c(N4CCCCC4)c2c1)CCCC3,6.521433504406157,1
CHEMBL137226,CC(=O)Nc1cccc([N+](C)(C)C)c1,3.0,0
CHEMBL5194876,CC(=O)O[C@@H]1C[C@@]2(C)Oc3cc(C)oc(=O)c3C[C@@H]2[C@@]2(C)C=CC(=O)C(C)(C)[C@H]12,4.866461091629782,0
CHEMBL1651040,CC(=O)O[C@@H]1C[C@@]2(C)[C@@H]3CC[C@H]4[C@](C)(CO)[C@@H](NC(=O)c5ccccc5)C=C[C@]4(O)CC3=CC[C@]2(C)[C@H]1[C@H](C)N(C)C,4.519993057042849,0
CHEMBL1651041,CC(=O)O[C@@H]1C[C@@]2(C)[C@@H]3C[C@H]4OC[C@@]5(C)[C@@H](NC(=O)c6ccccc6)C=C[C@@](O)(CC3=CC[C@]2(C)[C@H]1[C@H](C)N(C)C)[C@@H]45,4.853871964321762,0
CHEMBL3642045,CC(=O)O[C@@]12CCN(C(C)=O)[C@@H]1N(C(C)=O)c1ccc(OC(=O)NCCCCCCNc3c4c(nc5ccccc35)CCCC4)cc12,7.434034182553333,1
CHEMBL413039,CC(=O)O[C@H]1[C@@H](NC(=O)c2ccccc2)[C@@H](O)C[C@]2(C)[C@H]3CC[C@]4(C)[C@@H]([C@H](C)N(C)C)CC[C@H]4[C@@H]3CC[C@@H]12,3.6399999910458836,0
CHEMBL62210,CC(=O)Oc1ccc([N+](C)(C)Cc2ccccc2)cc1.[Br-],5.0,0
CHEMBL136719,CC(=O)Oc1cccc([N+](C)(C)C)c1C,4.3889999854632515,0
CHEMBL58190,CC(=O)Oc1cccc([N+](C)(C)Cc2ccccc2)c1.[Br-],5.0,0
CHEMBL299898,CC(=O)Oc1ccccc1[N+](C)(C)Cc1ccccc1.[Br-],5.0,0
CHEMBL511948,CC(=O)c1c(-c2ccc(OCCCCCCCN(C)Cc3ccccc3)cc2)oc2ccccc12,4.7594507517174005,0
CHEMBL4163077,CC(=O)c1c[n+](Cc2cccc(Cl)c2)ccc1CC1Cc2cc(F)ccc2C1=O.[Br-],5.0,0
CHEMBL4170331,CC(=O)c1c[n+](Cc2cccc(Cl)c2)ccc1CC1Cc2cc(O)ccc2C1=O.[Br-],6.933674074637962,1
CHEMBL4074062,CC(=O)c1c[n+](Cc2ccccc2C)ccc1CC1Cc2cc(C)c(C)cc2C1=O.[Br-],7.557520230935552,1
CHEMBL4072999,CC(=O)c1c[n+](Cc2ccccc2C)ccc1CC1Cc2cc(C)ccc2C1=O.[Br-],7.040958607678906,1
CHEMBL4099873,CC(=O)c1c[n+](Cc2ccccc2C)ccc1CC1Cc2cc(Cl)ccc2C1=O.[Br-],6.581698708680254,1
CHEMBL4173784,CC(=O)c1c[n+](Cc2ccccc2C)ccc1CC1Cc2cc(OCC(F)(F)F)ccc2C1=O.[Br-],7.430626090384954,1
CHEMBL4084371,CC(=O)c1c[n+](Cc2ccccc2C)ccc1CC1Cc2cc3c(cc2C1=O)OCO3.[Br-],7.221848749616356,1
CHEMBL1644325,CC(=O)c1cc[n+](CCC[n+]2ccc(/C=N/O)cc2)cc1.[Br-].[Br-],3.9788107009300617,0
CHEMBL5427488,CC(=O)n1c2c(c3ccccc31)Oc1nc(C)[nH]c(=O)c1C2c1ccc(Br)cc1,3.9442395353122652,0
CHEMBL5437114,CC(=O)n1c2c(c3ccccc31)Oc1nc(C)[nH]c(=O)c1C2c1ccc(C#N)cc1,3.4909319549828384,0
CHEMBL5425032,CC(=O)n1c2c(c3ccccc31)Oc1nc(C)[nH]c(=O)c1C2c1ccc(C)cc1,3.5578966780685435,0
CHEMBL5437596,CC(=O)n1c2c(c3ccccc31)Oc1nc(C)[nH]c(=O)c1C2c1ccc(Cl)cc1,3.5011383110071157,0
CHEMBL5431310,CC(=O)n1c2c(c3ccccc31)Oc1nc(C)[nH]c(=O)c1C2c1ccc([N+](=O)[O-])cc1,3.5122961368362735,0
CHEMBL5426044,CC(=O)n1c2c(c3ccccc31)Oc1nc(C)[nH]c(=O)c1C2c1cccc(Br)c1,3.5462842482992327,0
CHEMBL5400013,CC(=O)n1c2c(c3ccccc31)Oc1nc(C)[nH]c(=O)c1C2c1cccc([N+](=O)[O-])c1,3.5122961368362735,0
CHEMBL5430507,CC(=O)n1c2c(c3ccccc31)Oc1nc(C)[nH]c(=O)c1C2c1ccccc1[N+](=O)[O-],4.318487413361038,0
CHEMBL129684,CC(=O)n1cc(/C=C2\CN(Cc3ccccc3)CCC2=O)c2ccccc21,4.958607314841775,0
CHEMBL3087681,CC(C(=O)NCCCCCCNC1=CC(=O)C(NCCCCCCNC(=O)C(C)c2ccc(-c3ccccc3)c(F)c2)=CC1=O)c1ccc(-c2ccccc2)c(F)c1,4.698970004336019,0
CHEMBL3087682,CC(C(=O)NCCCNC1=CC(=O)C(NCCCNC(=O)C(C)c2ccc(-c3ccccc3)c(F)c2)=CC1=O)c1ccc(-c2ccccc2)c(F)c1,4.698970004336019,0
CHEMBL3087683,CC(C(=O)NCCCNCCCNC1=CC(=O)c2ccccc2C1=O)c1ccc(-c2ccccc2)c(F)c1,3.9706162223147903,0
CHEMBL271385,CC(C)(C)C(=O)NCCCCNc1c2c(nc3ccccc13)CCCC2,7.665546248849069,1
CHEMBL3597060,CC(C)(C)OC(=O)C1=C(Nc2ccccc2)C[C@@H](c2ccccc2)N(c2ccccc2)[C@@H]1c1ccccc1,4.0541981970566905,0
CHEMBL1834076,CC(C)(C)OC(=O)N1CCN(c2nccc(NC(c3ccccc3)c3ccccc3)n2)CC1,4.0,0
CHEMBL1834065,CC(C)(C)OC(=O)N1CCN(c2nccc(NCc3cccc4ccccc34)n2)CC1,4.294136287716081,0
CHEMBL1766017,CC(C)(C)OC(=O)N1CCN(c2nccc(NCc3ccccc3)n2)CC1,4.72584215073632,0
CHEMBL3343926,CC(C)(C)OC(=O)N1Cc2[nH]c3ccccc3c2C[C@H]1C(=O)NCCCCCCNc1c2c(nc3ccccc13)CCCC2,6.728158393463501,1
CHEMBL2396908,CC(C)(C)OC(=O)NCCNc1nc2ccccc2[nH]1,4.0,0
CHEMBL3343930,CC(C)(C)OC(=O)N[C@@H](Cc1c[nH]c2ccccc12)C(=O)NCCCCCCNc1c2c(nc3ccccc13)CCCC2,6.935542010773082,1
CHEMBL340929,CC(C)(C)OC(=O)n1cc(/C=C2\CN(Cc3ccccc3)CCC2=O)c2ccccc21,4.522878745280337,0
CHEMBL423352,CC(C)(C)[C@@]1(O)C[N+](C)(C)CCO1,2.430999999745263,0
CHEMBL1642988,CC(C)(C)c1cc[n+](/C=C2\C=CC3=CC/C(=C\[n+]4ccc(C(C)(C)C)cc4)C=C3C2)cc1.[Br-].[Br-],7.619788758288394,1
CHEMBL594629,CC(C)(C)c1cc[n+](CCCCCCCCCCCC[n+]2ccc(C(C)(C)C)cc2)cc1.[Br-].[Br-],8.154901959985743,1
CHEMBL1642980,CC(C)(C)c1cc[n+](CCCCCCCCCCC[n+]2ccc(C(C)(C)C)cc2)cc1.[Br-].[Br-],7.585026652029182,1
CHEMBL1642979,CC(C)(C)c1cc[n+](CCCCCCCCCC[n+]2ccc(C(C)(C)C)cc2)cc1.[Br-].[Br-],7.920818753952375,1
CHEMBL1642978,CC(C)(C)c1cc[n+](CCCCCCCCC[n+]2ccc(C(C)(C)C)cc2)cc1.[Br-].[Br-],7.431798275933005,1
CHEMBL1642977,CC(C)(C)c1cc[n+](CCCCCCCC[n+]2ccc(C(C)(C)C)cc2)cc1.[Br-].[Br-],8.301029995663981,1
CHEMBL1642976,CC(C)(C)c1cc[n+](CCCCCCC[n+]2ccc(C(C)(C)C)cc2)cc1.[Br-].[Br-],7.795880017344075,1
CHEMBL1642975,CC(C)(C)c1cc[n+](CCCCCC[n+]2ccc(C(C)(C)C)cc2)cc1.[Br-].[Br-],7.494850021680094,1
CHEMBL1642974,CC(C)(C)c1cc[n+](CCCCC[n+]2ccc(C(C)(C)C)cc2)cc1.[Br-].[Br-],4.619788758288394,0
CHEMBL1642972,CC(C)(C)c1cc[n+](CCC[n+]2ccc(C(C)(C)C)cc2)cc1.[Br-].[Br-],4.853871964321762,0
CHEMBL1642982,CC(C)(C)c1cc[n+](CCOCC[n+]2ccc(C(C)(C)C)cc2)cc1.[Br-].[Br-],4.721246399047171,0
CHEMBL1642971,CC(C)(C)c1cc[n+](CC[n+]2ccc(C(C)(C)C)cc2)cc1.[Br-].[Br-],4.769551078621726,0
CHEMBL1642981,CC(C)(C)c1cc[n+](COC[n+]2ccc(C(C)(C)C)cc2)cc1.[Cl-].[Cl-],4.920818753952375,0
CHEMBL1642970,CC(C)(C)c1cc[n+](C[n+]2ccc(C(C)(C)C)cc2)cc1.[Br-].[Br-],4.698970004336019,0
CHEMBL1642987,CC(C)(C)c1cc[n+](Cc2ccc(C[n+]3ccc(C(C)(C)C)cc3)cc2)cc1.[Br-].[Br-],6.522878745280337,1
CHEMBL1642985,CC(C)(C)c1cc[n+](Cc2ccccc2C[n+]2ccc(C(C)(C)C)cc2)cc1.[Br-].[Br-],5.0,0
CHEMBL5575842,CC(C)(C)c1ccc(Oc2ccc3nc4c(c(N)c3c2)CCCCC4)cc1.Cl,4.144905048841379,0
CHEMBL89354,CC(C)(C)c1cccc(C(=O)C(F)(F)F)c1,8.068338569939772,1
CHEMBL3623554,CC(C)(C)c1cccc(C(=O)C(F)F)c1,8.139612424449432,1
CHEMBL68953,CC(C)(C)c1noc(/C=N/O)n1,3.0,0
CHEMBL271746,CC(C)(CO[N+](=O)[O-])C(=O)NCCCCNc1c2c(nc3ccccc13)CCCC2,6.645891560852599,1
CHEMBL270349,CC(C)(CO[N+](=O)[O-])C(=O)NCCCNc1c2c(nc3ccccc13)CCCC2,7.158015195409886,1
CHEMBL459826,CC(C)(O)C(=O)Cc1cc2ccc(=O)oc2cc1O,3.744727494896694,0
CHEMBL442813,CC(C)(O)[C@@H]1Cc2cc3ccc(=O)oc3cc2O1,4.173925197299174,0
CHEMBL5078078,CC(C)(O)c1ccc(N2Cc3c(ccnc3-c3ccc(F)cc3OCC(F)(F)F)C2=O)cc1,5.0,0
CHEMBL459825,CC(C)(O[C@@H]1O[C@H](CO)[C@@H](O)[C@H](O)[C@H]1O)[C@H]1Cc2cc3ccc(=O)oc3cc2O1,4.167491087293763,0
CHEMBL1668333,CC(C)=CC(=O)C[C@H](C)c1ccc(C)cc1,3.718739312944987,0
CHEMBL496487,CC(C)=CC(=O)N[C@H]1CC[C@@]2(C)[C@@H](CC[C@@H]3[C@@H]2CC[C@]2(C)C([C@H](C)N(C)C)=CC[C@@H]32)[C@H]1O,4.314258261397736,0
CHEMBL2402007,CC(C)=CC(=O)OC(C)(C)[C@@H]1Cc2cc3ccc(=O)oc3cc2O1,4.0,0
CHEMBL481658,CC(C)=CC(=O)O[C@H]1Cc2cc3ccc(=O)oc3cc2OC1(C)C,3.408935392973501,0
CHEMBL5278221,CC(C)=CCC/C(C)=C/CC/C(C)=C\Cc1c(O)cc(O)c(CC=C(C)C)c1-c1cc2ccc(O)cc2o1,4.856360764725457,0
CHEMBL374130,CC(C)=CCC/C(C)=C/Cc1c(O)cc2c(c1O)C(=O)C[C@@H](c1ccc(O)cc1)O2,4.0385789059335515,0
CHEMBL517247,CC(C)=CCC/C(C)=C/Cc1c(O)ccc2cc(-c3cc(O)cc(O)c3CC=C(C)C)oc12,4.637329070274333,0
CHEMBL2297277,CC(C)=CCC/C(C)=C/Cc1cc(-c2cc(=O)c3c(O)cc(O)cc3o2)c(O)cc1O,4.790216985151485,0
CHEMBL4129147,CC(C)=CCC1=C2O[C@H](C(C)(C)O)C[C@@]23C[C@H](CC=C(C)C)[C@@](C)(CCC(=O)C(C)C)[C@@](C(=O)C(C)C)(C1=O)C3=O,4.615109203469446,0
CHEMBL4129940,CC(C)=CCC[C@]1(C)[C@@H](CC=C(C)C)C[C@@]2(CC=C(C)C)C(=O)[C@]1(C(=O)C(C)C)C(=O)C1=C2O[C@@H](C(C)(C)O)[C@@H]1O,4.9484616094846725,0
CHEMBL4126674,CC(C)=CCC[C@]1(C)[C@@H](CC=C(C)C)C[C@@]2(CC=C(C)C)C(=O)[C@]1(C(=O)C(C)C)C(=O)C1=C2O[C@H](C(C)(C)O)[C@H]1O,4.731656086048935,0
CHEMBL4129007,CC(C)=CCC[C@]1(C)[C@@H](CC=C(C)C)C[C@]2(CC=C(C)C)C(=O)C3=C(O[C@@H](C(C)(C)O)[C@@H]3O)[C@@]1(C(=O)C(C)C)C2=O,4.901356274182943,0
CHEMBL4207386,CC(C)=CCNCC(=O)Nc1ccc2nc3n(c(=O)c2c1)CCC3,7.586700235918748,1
CHEMBL448060,CC(C)=CCOc1c2ccoc2cc2oc(=O)ccc12,4.161150909262744,0
CHEMBL4127747,CC(C)=CC[C@H]1C[C@@]2(CC=C(C)C)C(=O)[C@](C(=O)C(C)C)(C(=O)C3=C2O[C@H](C(C)(C)O)C3)[C@]1(C)CCC(=O)C(C)C,4.963371104637839,0
CHEMBL4638958,CC(C)=CC[C@H]1C[C@]2(CC=C(C)C)C(=O)[C@]3(CC=C(C)C)O[C@@]1(C(=O)C(C)C)[C@@]2(O)C(C)(C)C3=O,4.684029654543083,0
CHEMBL3581576,CC(C)=CC[C@]12C[C@@H]3[C@@H]4[C@@H](O)C(C)(C)[C@@H](C(C)C)CC4(C1=O)C(=O)[C@](C(=O)c1ccccc1)(C2=O)C3(C)C,4.578396073130169,0
CHEMBL253998,CC(C)=CCc1c(O)cc(O)c2c1O[C@H](c1ccccc1)CC2=O,8.193820026016112,1
CHEMBL1952289,CC(C)=CCc1cc(=O)cc2n(C)c3cccc(C(=O)O)c3nc1-2,4.301029995663981,0
CHEMBL502689,CC(C)=CCc1cc2ccc(=O)oc2cc1O,2.619788758288394,0
CHEMBL2071428,CC(C)=CCc1cccc2nc3cccc(C(=O)O)c3nc12,4.301029995663981,0
CHEMBL393621,CC(C)C1=N[C@H]2CC=C3CC4C(=O)C[C@]5(C)[C@@H]([C@H](C)N(C)C)[C@H](O)C[C@@]5(C)[C@@H]4CC[C@H]3[C@]2(C)CO1,6.52432881167557,1
CHEMBL1783524,CC(C)C1=N[C@H]2CC[C@]34C[C@]35C(=O)C[C@]3(C)[C@@H]([C@H](C)N(C)C(=O)OC(C)(C)C)[C@H](O)C[C@@]3(C)[C@@H]5CC[C@H]4[C@]2(C)CS1,6.798602875679548,1
CHEMBL1783523,CC(C)C1=N[C@H]2CC[C@]34C[C@]35C(=O)C[C@]3(C)[C@@H]([C@H](C)N(C)C(=O)c6ccccc6)[C@H](O)C[C@@]3(C)[C@@H]5CC[C@H]4[C@]2(C)CS1,7.366531544420414,1
CHEMBL1783534,CC(C)C1=N[C@H]2CC[C@]34C[C@]35C(=O)C[C@]3(C)[C@@H]([C@H](C)N(C)C)[C@H](O)C[C@@]3(C)[C@@H]5CC[C@H]4[C@]2(C)C=C1,7.6020599913279625,1
CHEMBL1783532,CC(C)C1=N[C@H]2CC[C@]34C[C@]35C(=O)C[C@]3(C)[C@@H]([C@H](C)N(C)C)[C@H](O)C[C@@]3(C)[C@@H]5CC[C@H]4[C@]2(C)CN1C,5.0,0
CHEMBL1783520,CC(C)C1=N[C@H]2CC[C@]34C[C@]35C(=O)C[C@]3(C)[C@@H]([C@H](C)N(C)C)[C@H](O)C[C@@]3(C)[C@@H]5CC[C@H]4[C@]2(C)CS1,7.221848749616356,1
CHEMBL1783533,CC(C)C1=N[C@H]2CC[C@]34C[C@]35C(=O)C[C@]3(C)[C@@H]([C@H](C)N(C)C)[C@H](O)C[C@@]3(C)[C@@H]5CC[C@H]4[C@]2(C)N1,5.0,0
CHEMBL1783499,CC(C)C1=N[C@H]2CC[C@]34C[C@]35C(=O)C[C@]3(C)[C@@H]([C@H](C)N(C)CCCN6C(=O)c7ccccc7C6=O)[C@H](O)C[C@@]3(C)[C@@H]5CC[C@H]4[C@]2(C)CS1,7.853871964321762,1
CHEMBL1783527,CC(C)C1=N[C@H]2CC[C@]34C[C@]35C(=O)C[C@]3(C)[C@@H]([C@H](C)N(C)CCCc6ccccc6)[C@H](O)C[C@@]3(C)[C@@H]5CC[C@H]4[C@]2(C)CS1,7.119186407719209,1
CHEMBL1783519,CC(C)C1=N[C@H]2CC[C@]34C[C@]35C(=O)C[C@]3(C)[C@@H]([C@H](C)N(C)CCN6C(=O)c7ccccc7C6=O)[C@H](O)C[C@@]3(C)[C@@H]5CC[C@H]4[C@]2(C)CS1,7.154901959985743,1
CHEMBL1783526,CC(C)C1=N[C@H]2CC[C@]34C[C@]35C(=O)C[C@]3(C)[C@@H]([C@H](C)N(C)CCc6ccccc6)[C@H](O)C[C@@]3(C)[C@@H]5CC[C@H]4[C@]2(C)CS1,7.698970004336019,1
CHEMBL1783518,CC(C)C1=N[C@H]2CC[C@]34C[C@]35C(=O)C[C@]3(C)[C@@H]([C@H](C)N(C)Cc6ccc(C(F)(F)F)cc6)[C@H](O)C[C@@]3(C)[C@@H]5CC[C@H]4[C@]2(C)CS1,8.522878745280337,1
CHEMBL1783517,CC(C)C1=N[C@H]2CC[C@]34C[C@]35C(=O)C[C@]3(C)[C@@H]([C@H](C)N(C)Cc6cccc(C(F)(F)F)c6)[C@H](O)C[C@@]3(C)[C@@H]5CC[C@H]4[C@]2(C)CS1,8.522878745280337,1
CHEMBL1783525,CC(C)C1=N[C@H]2CC[C@]34C[C@]35C(=O)C[C@]3(C)[C@@H]([C@H](C)N(C)Cc6ccccc6)[C@H](O)C[C@@]3(C)[C@@H]5CC[C@H]4[C@]2(C)CS1,8.154901959985743,1
CHEMBL1783516,CC(C)C1=N[C@H]2CC[C@]34C[C@]35C(=O)C[C@]3(C)[C@@H]([C@H](C)N(C)Cc6ccccc6C(F)(F)F)[C@H](O)C[C@@]3(C)[C@@H]5CC[C@H]4[C@]2(C)CS1,7.958607314841775,1
CHEMBL1834072,CC(C)C1CCN(c2nccc(NC(c3ccccc3)c3ccccc3)n2)CC1,4.371611069949688,0
CHEMBL1834061,CC(C)C1CCN(c2nccc(NCc3cccc4ccccc34)n2)CC1,4.777283528852417,0
CHEMBL1766020,CC(C)C1CCN(c2nccc(NCc3ccccc3)n2)CC1,4.847711655616943,0
CHEMBL1952050,CC(C)CC/N=C(/C=N/O)N(C)C.Cl,4.769551078621726,0
CHEMBL322628,CC(C)CCSC(=O)OCC[N+](C)(C)C.[Cl-],4.301029995663981,0
CHEMBL2237998,CC(C)Cc1cc(N)c2c(C(F)(F)F)cc(-c3ccccc3)nc2n1,4.719194071606333,0
CHEMBL4439928,CC(C)Cc1ccc(C(C)C(=O)NS(=O)(=O)c2ccc(N)cc2)cc1,3.221848749616356,0
CHEMBL521,CC(C)Cc1ccc(C(C)C(=O)O)cc1,3.6287288985124153,0
CHEMBL3623560,CC(C)Cn1cc(C(=O)C(F)F)cn1,4.984134230027086,0
CHEMBL3623567,CC(C)Cn1cc(C(=O)CF)cn1,5.0,0
CHEMBL238257,CC(C)N(C)C(=O)Oc1ccc(Oc2ccc(C(F)(F)F)cn2)cc1,4.301029995663981,0
CHEMBL372279,CC(C)N(CCN1CC(=O)N(CCc2ccc(Cl)cc2Cl)CC1=O)C(C)C,4.698970004336019,0
CHEMBL2413558,CC(C)N(CCOc1ccc(-c2nc3ccccc3[nH]2)cc1)C(C)C,4.630413109263656,0
CHEMBL543546,CC(C)N(CCS/C(=N\O)C(=O)c1ccc(Cl)cc1)C(C)C.Cl,3.4814860601221125,0
CHEMBL3116282,CC(C)N(CCn1nc(OCc2cccc3ccccc23)c2ccccc21)C(C)C,5.0,0
CHEMBL1714574,CC(C)N1CCN(c2ccc(OCC3COC(Cn4cncn4)(c4ccc(Cl)cc4Cl)O3)cc2)CC1,4.666089456527021,0
CHEMBL1834071,CC(C)N1CCN(c2nccc(NC(c3ccccc3)c3ccccc3)n2)CC1,4.692503962086787,0
CHEMBL1834060,CC(C)N1CCN(c2nccc(NCc3cccc4ccccc34)n2)CC1,4.801342913045577,0
CHEMBL1766019,CC(C)N1CCN(c2nccc(NCc3ccccc3)n2)CC1,4.6020599913279625,0
CHEMBL3787307,CC(C)N1Cc2cc(O)ccc2N(C)C1c1ccccc1,3.596879478824182,0
CHEMBL609672,CC(C)NC(=O)Oc1ccc2c(c1)[C@]1(C)CCN(C)C1N2C,4.455965957365368,0
CHEMBL4171947,CC(C)NC(=O)c1cc2c(OC(=O)N(C)C)cccc2[n+](C)c1.[I-],7.236572006437063,1
CHEMBL4171941,CC(C)NC(=O)c1cc2c(OC(=O)N3CCCC3)cccc2[n+](C)c1.[I-],5.0,0
CHEMBL5401005,CC(C)NCCN1C(=O)CSC1c1ccc(Cl)cc1Cl.Cl,3.6989700043360187,0
CHEMBL3752974,CC(C)NCc1cccc2[nH]c3ccccc3c12,4.7447274948966935,0
CHEMBL494887,CC(C)NP(=O)(NC(C)C)OP(=O)(NC(C)C)NC(C)C,3.4685210829577446,0
CHEMBL672,CC(C)OC(=O)C(C)(C)Oc1ccc(C(=O)c2ccc(Cl)cc2)cc1,4.808241678629552,0
CHEMBL288316,CC(C)OC[n+]1ccn(C)c1/C=N/O.[Cl-],4.309803919971486,0
CHEMBL1025,CC(C)OP(=O)(F)OC(C)C,6.920818753952375,1
CHEMBL1586775,CC(C)c1cc2cc3ccc(=O)oc3cc2o1,4.063134541024377,0
CHEMBL5219958,CC(C)c1ccc(COc2ccc3[nH]c(=O)oc(=O)c3c2)cc1,4.259637310505756,0
CHEMBL4093532,CC(C)c1ccc(N2C(=O)C3CN(C)C4(C(=O)c5ccccc5C4=O)C3C2=O)cc1,4.912218582190458,0
CHEMBL139571,CC(C)c1ccc(NC(=O)N2CCC[C@H]2C(=O)N2CC[C@H]3[C@H]2[C@H](C)C(=O)N3C(=O)[C@@H]2[C@H](C)[C@@H]2C)cc1,4.0,0
CHEMBL344656,CC(C)c1ccc(NC(=O)N2CCC[C@H]2C(=O)N2CC[C@H]3[C@H]2[C@H](C)C(=O)N3c2nc3ccccc3s2)cc1,4.0,0
CHEMBL4800026,CC(C)c1ccc(NC(=O)OC2CCCN(Cc3ccccc3)C2)cc1,4.0,0
CHEMBL4783852,CC(C)c1ccc(NC(=O)OC2CCN(Cc3ccccc3)CC2)cc1,4.0,0
CHEMBL4785480,CC(C)c1ccc(NC(=O)OCC2CCCN(C3Cc4ccccc4C3)C2)cc1,4.728158393463501,0
CHEMBL4792208,CC(C)c1ccc(NC(=O)OCC2CCCN(Cc3ccccc3)C2)cc1,4.82102305270683,0
CHEMBL293720,CC(C)c1ccc(NC(=O)Oc2ccc3c(c2)[C@]2(C)CCN(C)C2N3Cc2ccccc2)cc1,4.886056647693163,0
CHEMBL333580,CC(C)c1ccc(NC(=O)Oc2ccc3c(c2)[C@]2(C)CCN(C)O[C@@H]2N3C)cc1,5.0,0
CHEMBL54577,CC(C)c1ccc(NC(=O)Oc2ccc3c(c2)[C@]2(C)CCN(CCc4ccccc4)C2N3C)cc1,4.522878745280337,0
CHEMBL300808,CC(C)c1ccc(NC(=O)Oc2ccc3c(c2)[C@]2(C)CCN(Cc4ccccc4)C2N3Cc2ccccc2)cc1,4.522878745280337,0
CHEMBL54470,CC(C)c1ccc(NC(=O)Oc2ccc3c(c2)[C@]2(C)CCNC2N3)cc1,6.958607314841775,1
CHEMBL4089082,CC(C)c1ccc(NC(=O)Oc2ccc3c(c2)[C@]2(C)CCN[C@@H]2N3)cc1,6.958607314841775,1
CHEMBL1242981,CC(C)c1ccc(NC(=O)Oc2ccc3c(c2)[C@]2(C)CCOC2O3)cc1,7.568636235841013,1
CHEMBL1173624,CC(C)c1ccc(NC(=O)Oc2ccc3c(c2)[C@]2(C)CC[N+](C)(C)C2N3C)cc1.[Br-],6.838631997765025,1
CHEMBL1173090,CC(C)c1ccc(NC(=O)Oc2ccc3c(c2)[C@]2(C)CC[N+](C)(CCc4ccccc4)C2N3C)cc1.[Br-],6.522878745280337,1
CHEMBL557400,CC(C)c1ccc(NC(=O)Oc2ccc3c(c2)[C@]2(C)CC[N@@+](C)([O-])[C@@H]2N3C)cc1.Cl,5.0,0
CHEMBL4791084,CC(C)c1ccc([C@@H]2CN(C)C3(C(=O)c4ccccc4C3=O)[C@]23CSc2ccccc2C3=O)cc1,4.703334809738469,0
CHEMBL4756742,CC(C)c1ccc([C@@H]2[C@H]3CSCN3C3(C(=O)c4ccccc4C3=O)[C@]23CSc2ccccc2C3=O)cc1,4.547600154088558,0
CHEMBL130270,CC(C)c1ccccc1NC(=O)Oc1ccc2c(c1)[C@]1(C)CCN(C)[C@@H]1N2C,7.823908740944319,1
CHEMBL3623548,CC(C)n1cc(C(=O)C(F)(F)F)cn1,7.01395646358862,1
CHEMBL3623562,CC(C)n1cc(C(=O)CF)cn1,5.0,0
CHEMBL1087180,CC(CC(=O)C[C@@H](C)[C@H]1CC(=O)[C@@]2(C)C3=C(C(=O)C[C@]12C)[C@@]1(C)CC[C@H](O)C(C)(C)[C@@H]1C[C@@H]3O)C(=O)O,4.645315446045271,0
CHEMBL1087131,CC(CC(=O)C[C@@H](C)[C@H]1C[C@H](O)[C@@]2(C)C3=C(C(=O)C[C@]12C)[C@@]1(C)CCC(=O)C(C)(C)[C@@H]1CC3)C(=O)O,4.638839004804974,0
CHEMBL147213,CC(CC(C)(C)C)OC[n+]1ccn(C)c1/C=N/O.[Cl-],4.488116639021126,0
CHEMBL5573558,CC(CCCCn1c(=O)c2c(ncn2C)n(C)c1=O)=NNC(=O)COc1ccccc1-c1nc(-c2ccccc2)no1,7.026872146400302,1
CHEMBL3780448,CC(COC(=O)c1ccc(Oc2nc(Oc3ccc(C(=O)OCC(C)N(C)C)cc3)nc(Oc3ccc(C(=O)OCC(C)N(C)C)cc3)n2)cc1)N(C)C,4.092588639225414,0
CHEMBL32585,CC(OC[n+]1ccn(C)c1/C=N/O)C(C)(C)C.[Cl-],4.939302159646388,0
CHEMBL357843,CC(OC[n+]1ccn(C)c1/C=N/O)C1CCCCC1.[Cl-],4.585026652029182,0
CHEMBL3545701,CC(c1cc(O)c2c(c1)oc(=O)c1ccccc12)N(C)C,4.723538195826756,0
CHEMBL3335021,CC(c1cc(O)c2c(c1)oc(=O)c1ccccc12)N(C)C.Cl,4.723538195826756,0
CHEMBL3545712,CC(c1cc(O)cc2oc(=O)c3ccccc3c12)N(C)C,4.480172006224281,0
CHEMBL3335022,CC(c1cc(O)cc2oc(=O)c3ccccc3c12)N(C)C.Cl,4.480172006224281,0
CHEMBL3545708,CC(c1ccc2c(c1)oc(=O)c1ccccc12)N(C)C,4.962573502059376,0
CHEMBL3335017,CC(c1ccc2c(c1)oc(=O)c1ccccc12)N(C)C.Cl,4.962573502059376,0
CHEMBL148882,CC(c1cccc(OC(=O)N(C)C)c1)N(C)C,7.522878745280337,1
CHEMBL6133076,CC(c1cccc(OC(=O)NCCc2c[nH]c3ccc(Cl)cc23)c1)N(C)C,7.860435733824151,1
CHEMBL6109010,CC(c1cccc(OC(=O)NCCc2c[nH]c3ccc(O)cc23)c1)N(C)C,8.636388020107855,1
CHEMBL6103076,CC(c1cccc(OC(=O)NCCc2c[nH]c3ccccc23)c1)N(C)C,7.6113660306482105,1
CHEMBL1912064,CC(c1cccc(OCCCNC(=O)CCCCC2CCSS2)c1)N(C)C,4.598599459218456,0
CHEMBL411,CC/C(=C(/CC)c1ccc(O)cc1)c1ccc(O)cc1,4.592609095529268,0
CHEMBL160836,CC/N=C1/CCc2c1n(C)c1ccc(OC(=O)NC)c(Br)c21,6.853871964321762,1
CHEMBL155350,CC/N=C1/CCc2c1n(C)c1ccc(OC(=O)NC)c(Cl)c21,6.795880017344075,1
CHEMBL3586197,CC1(C)C(=O)CC[C@@]2(C)[C@H]1CC[C@@]1(C)CC3=CC(=O)[C@H]4C(C)(C)[C@H](O)CC[C@]4(C)[C@H]3CC[C@@H]12,4.97183558057553,0
CHEMBL362378,CC1(C)C=Cc2c(ccc(C(=O)/C=C/c3ccc(O)cc3)c2O)O1,4.647642376345016,0
CHEMBL303846,CC1(C)C=Cc2cc3ccc(=O)oc3cc2O1,3.8239087409443187,0
CHEMBL2234517,CC1(C)CC(=O)C2=C(C1)Oc1nc3c(c(N)c1[C@H]2c1ccc(F)cc1)CCCC3,4.159999981744464,0
CHEMBL2234520,CC1(C)CC(=O)C2=C(C1)Oc1nc3c(c(N)c1[C@H]2c1ccc([N+](=O)[O-])cc1)CCCC3,4.030000000370884,0
CHEMBL2234519,CC1(C)CC(=O)C2=C(C1)Oc1nc3c(c(N)c1[C@H]2c1cccc([N+](=O)[O-])c1)CCCC3,4.920000156997057,0
CHEMBL2234516,CC1(C)CC(=O)C2=C(C1)Oc1nc3c(c(N)c1[C@H]2c1ccccc1)CCCC3,4.3100000171743025,0
CHEMBL2234518,CC1(C)CC(=O)C2=C(C1)Oc1nc3c(c(N)c1[C@H]2c1ccccc1C(F)(F)F)CCCC3,4.750000100140428,0
CHEMBL2271411,CC1(C)CCCC2(C)OC(=O)C=C12,7.522444667801019,1
CHEMBL3582205,CC1(C)CCN(Cc2ccc(-c3cnc4[nH]c5cnc(C#N)cc5c4c3)cc2)CC1,7.958607314841775,1
CHEMBL3310697,CC1(C)C[C@@H](c2ccccc2)C(CN2C(=O)c3ccccc3C2=O)=NO1,4.18495382393537,0
CHEMBL5286328,CC1(C)O[C@@H]2[C@@H](O)[C@H]3NC(=O)O[C@H]3C[C@@H]2O1,4.231361898752385,0
CHEMBL481657,CC1(C)Oc2cc3oc(=O)ccc3cc2C[C@@H]1O,4.552841968657781,0
CHEMBL3586205,CC1(C)[C@@H](O)CC[C@@]2(C)[C@H]1CC[C@@]1(C)C[C@@]3(O)CC[C@H]4C(C)(C)[C@@H](O)CC[C@]4(C)[C@H]3CC[C@@H]12,4.522878745280337,0
CHEMBL3586201,CC1(C)[C@H](O)CC[C@@]2(C)[C@H]1CC[C@@]1(C)CC3=CC[C@H]4C(C)(C)[C@@H](O)CC[C@]4(C)[C@H]3CC[C@@H]12,4.522878745280337,0
CHEMBL3586203,CC1(C)[C@H](O)CC[C@@]2(C)[C@H]1CC[C@@]1(C)CC3=CC[C@H]4C(C)(C)[C@H](O)CC[C@]4(C)[C@H]3CC[C@@H]12,4.522878745280337,0
CHEMBL3586206,CC1(C)[C@H](O)CC[C@]2(C)[C@H]3CC[C@H]4[C@@](C)(CC[C@@H]5[C@]4(C)CC[C@@H](O)[C@]5(C)C(=O)O)CC3=CC(=O)[C@@H]12,4.522878745280337,0
CHEMBL7002,CC1(COc2ccc(CC3SC(=O)NC3=O)cc2)CCCCC1,4.823156615496261,0
CHEMBL4163761,CC1(c2nccc3cc4c(cc23)OCO4)OC(O)c2c1ccc1c2OCO1,4.930280862920916,0
CHEMBL5277231,CC12CC(c3c(O)cc(-c4cc5ccc(O)cc5o4)cc3O)CC3c4ccc(O)cc4OC31C2,3.6989700043360187,0
CHEMBL807,CC12CC3CC(C)(C1)CC(N)(C3)C2,7.208854658640503,1
CHEMBL331637,CC12CCC(c3c1nc1ccccc1c3N)C2(C)C,3.958607314841775,0
CHEMBL3891315,CC1=C(C(=O)OCCN(C)C)C(c2ccccc2)c2c(nc3c(c2N)CC(F)(F)CC3)N1,6.866461091629782,1
CHEMBL512758,CC1=C(C)S(=O)(=O)N(c2c(F)c(F)nc(F)c2F)C1=O,4.0,0
CHEMBL5203291,CC1=C(NC2CCN(Cc3ccccc3)CC2)C(=O)c2ccccc2C1=O,4.323306390375134,0
CHEMBL461946,CC1=C(c2ccccc2)C(=O)N(c2c(F)c(F)nc(F)c2F)S1(=O)=O,4.0,0
CHEMBL6172894,CC1=CC(=O)[C@@](C)(O)C(=O)/C1=C\Nc1ccc(Cc2ccccc2)cc1,4.0,0
CHEMBL6171152,CC1=CC(=O)[C@@](C)(O)C(=O)/C1=C\Nc1ccc(Oc2ccc(C)cc2)cc1,4.0,0
CHEMBL6149859,CC1=CC(=O)[C@@](C)(O)C(=O)/C1=C\Nc1ccc(Oc2ccc(Cl)cc2)cc1,4.0,0
CHEMBL6159694,CC1=CC(=O)[C@@](C)(O)C(=O)/C1=C\Nc1ccc(Oc2ccc([N+](=O)[O-])cc2)cc1,4.0,0
CHEMBL6165973,CC1=CC(=O)[C@@](C)(O)C(=O)/C1=C\Nc1ccc(Oc2cccc(F)c2)cc1,4.0,0
CHEMBL5088794,CC1=CC(=O)[C@@](C)(O)C(=O)/C1=C\Nc1ccccc1,4.0,0
CHEMBL6147462,CC1=CC(=O)[C@](C)(O)C(=O)/C1=C\Nc1ccc(Oc2ccc(C#N)cc2)cc1,4.61261017366127,0
CHEMBL6148945,CC1=CC(=O)[C@](C)(O)C(=O)/C1=C\Nc1ccc(Oc2ccc(C)cc2)cc1,4.0,0
CHEMBL6152058,CC1=CC(=O)[C@](C)(O)C(=O)/C1=C\Nc1ccc(Oc2ccc(Cl)cc2)cc1,4.0,0
CHEMBL6150122,CC1=CC(=O)[C@](C)(O)C(=O)/C1=C\Nc1ccc(Oc2ccc([N+](=O)[O-])cc2)cc1,4.166852888087215,0
CHEMBL6164067,CC1=CC(=O)[C@](C)(O)C(=O)/C1=C\Nc1ccc(Oc2cccc(F)c2)cc1,4.0,0
CHEMBL6168749,CC1=CC(=O)[C@](C)(O)C(=O)/C1=C\Nc1ccccc1,4.0,0
CHEMBL611808,CC1=CC2Cc3nc(O)ccc3C3(C1)C2CCCN3C,4.0,0
CHEMBL574948,CC1=CC2Cc3nc4[nH]ncc4c(N)c3C(C1)C2,4.301029995663981,0
CHEMBL572865,CC1=CC2Cc3nc4cc(Cl)ccc4c(Cl)c3C(C1)C2,4.649751981665837,0
CHEMBL140476,CC1=CC2Cc3nc4cc(Cl)ccc4c(N)c3C(C1)C2,8.824833058309073,1
CHEMBL536047,CC1=CC2Cc3nc4cc(Cl)ccc4c(N)c3C(C1)C2.Cl,9.026546815629775,1
CHEMBL415799,CC1=CC2Cc3nc4cc(Cl)ccc4c(N)c3C(C1)C2N,6.647817481888637,1
CHEMBL384563,CC1=CC2Cc3nc4cc(Cl)ccc4c(N)c3C(C1)C2NC=O,7.008773924307505,1
CHEMBL386541,CC1=CC2Cc3nc4cc(Cl)ccc4c(N)c3C(C1)C2NS(C)(=O)=O,7.392544976785332,1
CHEMBL4854913,CC1=CC2Cc3nc4cc(Cl)ccc4c(NCCCCCCCCC(=O)N4CCNC(=O)C4)c3C(C1)C2,9.387216143280265,1
CHEMBL4848527,CC1=CC2Cc3nc4cc(Cl)ccc4c(NCCCCCCCCC(=O)NCc4cc[nH]c(=O)c4)c3C(C1)C2,9.200659450546418,1
CHEMBL4863615,CC1=CC2Cc3nc4cc(Cl)ccc4c(NCCCCCCCCC(=O)Nc4cn[nH]c4)c3C(C1)C2,8.621602099051863,1
CHEMBL3600552,CC1=CC2Cc3nc4cc(Cl)ccc4c(NCCCCCCCCCCCCNc4c5c(nc6cc(Cl)ccc46)CCCC5)c3C(C1)C2,8.460923901207224,1
CHEMBL3600551,CC1=CC2Cc3nc4cc(Cl)ccc4c(NCCCCCCCCCCCCNc4c5c(nc6ccccc46)CCCC5)c3C(C1)C2,8.71669877129645,1
CHEMBL3304241,CC1=CC2Cc3nc4cc(Cl)ccc4c(NCCCCCCCCCCCNC(=O)c4cc(O)c5c(c4)C(=O)c4cccc(O)c4C5=O)c3C(C1)C2,7.7594507517174005,1
CHEMBL3234039,CC1=CC2Cc3nc4cc(Cl)ccc4c(NCCCCCCCCCCCNC(=O)c4cc(O)c5c(c4)C(=O)c4cccc(O)c4C5=O)c3C(C1)C2.Cl,7.7594507517174005,1
CHEMBL3303094,CC1=CC2Cc3nc4cc(Cl)ccc4c(NCCCCCCCCCCNC(=O)c4cc(O)c5c(c4)C(=O)c4cccc(O)c4C5=O)c3C(C1)C2,8.119186407719209,1
CHEMBL3234038,CC1=CC2Cc3nc4cc(Cl)ccc4c(NCCCCCCCCCCNC(=O)c4cc(O)c5c(c4)C(=O)c4cccc(O)c4C5=O)c3C(C1)C2.Cl,8.118615343229427,1
CHEMBL3216779,CC1=CC2Cc3nc4cc(Cl)ccc4c(NCCCCCCCCCCNc4c5c(nc6cc(Cl)ccc46)CCCC5)c3C(C1)C2.Cl.Cl.Cl.Cl,8.041436116778032,1
CHEMBL3216554,CC1=CC2Cc3nc4cc(Cl)ccc4c(NCCCCCCCCCCNc4c5c(nc6ccccc46)CCCC5)c3C(C1)C2.Cl.Cl.Cl,8.377785977033705,1
CHEMBL3304306,CC1=CC2Cc3nc4cc(Cl)ccc4c(NCCCCCCCCCNC(=O)c4cc(O)c5c(c4)C(=O)c4cccc(O)c4C5=O)c3C(C1)C2,8.443697499232712,1
CHEMBL3233830,CC1=CC2Cc3nc4cc(Cl)ccc4c(NCCCCCCCCCNC(=O)c4cc(O)c5c(c4)C(=O)c4cccc(O)c4C5=O)c3C(C1)C2.Cl,8.443697499232712,1
CHEMBL4859103,CC1=CC2Cc3nc4cc(Cl)ccc4c(NCCCCCCCCCNC(=O)c4cc(O)cc(O)c4)c3C(C1)C2,8.590066876668706,1
CHEMBL4866930,CC1=CC2Cc3nc4cc(Cl)ccc4c(NCCCCCCCCCNC(=O)c4ccc[nH]c4=O)c3C(C1)C2,8.739928612014925,1
CHEMBL4862716,CC1=CC2Cc3nc4cc(Cl)ccc4c(NCCCCCCCCCNS(=O)(=O)c4cn[nH]c4)c3C(C1)C2,8.619788758288394,1
CHEMBL3216778,CC1=CC2Cc3nc4cc(Cl)ccc4c(NCCCCCCCCCNc4c5c(nc6cc(Cl)ccc46)CCCC5)c3C(C1)C2.Cl.Cl.Cl.Cl,8.48678239993206,1
CHEMBL3216116,CC1=CC2Cc3nc4cc(Cl)ccc4c(NCCCCCCCCCNc4c5c(nc6ccccc46)CCCC5)c3C(C1)C2.Cl.Cl.Cl,8.452225294612177,1
CHEMBL3304357,CC1=CC2Cc3nc4cc(Cl)ccc4c(NCCCCCCCCNC(=O)c4cc(O)c5c(c4)C(=O)c4cccc(O)c4C5=O)c3C(C1)C2,8.356547323513812,1
CHEMBL3233829,CC1=CC2Cc3nc4cc(Cl)ccc4c(NCCCCCCCCNC(=O)c4cc(O)c5c(c4)C(=O)c4cccc(O)c4C5=O)c3C(C1)C2.Cl,8.360513510731414,1
CHEMBL2011496,CC1=CC2Cc3nc4cc(Cl)ccc4c(NCCCCCCCCNc4c5c(nc6cc(Cl)ccc46)CCCC5)c3C(C1)C2.Cl,8.87942606879415,1
CHEMBL539599,CC1=CC2Cc3nc4cc(Cl)ccc4c(NCCCCCCCCNc4c5c(nc6cc(Cl)ccc46)CCCC5)c3C(C1)C2.Cl.Cl,9.397940008672037,1
CHEMBL2011488,CC1=CC2Cc3nc4cc(Cl)ccc4c(NCCCCCCCCNc4c5c(nc6ccccc46)CCCC5)c3C(C1)C2.Cl,6.536330219540174,1
CHEMBL534932,CC1=CC2Cc3nc4cc(Cl)ccc4c(NCCCCCCCCNc4c5c(nc6ccccc46)CCCC5)c3C(C1)C2.Cl.Cl,9.481486060122112,1
CHEMBL4878434,CC1=CC2Cc3nc4cc(Cl)ccc4c(NCCCCCCCNC(=O)[C@@H](N)Cc4c[nH]c5ccccc45)c3C(C1)C2.Cl.Cl,7.91721462968355,1
CHEMBL3233828,CC1=CC2Cc3nc4cc(Cl)ccc4c(NCCCCCCCNC(=O)c4cc(O)c5c(c4)C(=O)c4cccc(O)c4C5=O)c3C(C1)C2.Cl,8.497572880015568,1
CHEMBL538573,CC1=CC2Cc3nc4cc(Cl)ccc4c(NCCCCCCCNc4c5c(nc6cc(Cl)ccc46)CCCC5)c3C(C1)C2.Cl.Cl,9.481486060122112,1
CHEMBL3216555,CC1=CC2Cc3nc4cc(Cl)ccc4c(NCCCCCCCNc4c5c(nc6cc(Cl)ccc46)CCCC5)c3C(C1)C2.Cl.Cl.Cl.Cl,8.39577394691553,1
CHEMBL557155,CC1=CC2Cc3nc4cc(Cl)ccc4c(NCCCCCCCNc4c5c(nc6ccccc46)CCCC5)c3C(C1)C2.Cl.Cl,9.468521082957745,1
CHEMBL3215882,CC1=CC2Cc3nc4cc(Cl)ccc4c(NCCCCCCCNc4c5c(nc6ccccc46)CCCC5)c3C(C1)C2.Cl.Cl.Cl,8.723538195826755,1
CHEMBL4856400,CC1=CC2Cc3nc4cc(Cl)ccc4c(NCCCCCCNC(=O)[C@@H](N)Cc4c[nH]c5ccccc45)c3C(C1)C2.Cl.Cl,7.931814138253839,1
CHEMBL3233827,CC1=CC2Cc3nc4cc(Cl)ccc4c(NCCCCCCNC(=O)c4cc(O)c5c(c4)C(=O)c4cccc(O)c4C5=O)c3C(C1)C2.Cl,8.818156412055227,1
CHEMBL2011491,CC1=CC2Cc3nc4cc(Cl)ccc4c(NCCCCCCNc4c5c(nc6cc(Cl)ccc46)CCCC5)c3C(C1)C2.Cl,9.130768280269024,1
CHEMBL555214,CC1=CC2Cc3nc4cc(Cl)ccc4c(NCCCCCCNc4c5c(nc6cc(Cl)ccc46)CCCC5)c3C(C1)C2.Cl.Cl,9.346787486224656,1
CHEMBL2011483,CC1=CC2Cc3nc4cc(Cl)ccc4c(NCCCCCCNc4c5c(nc6ccccc46)CCCC5)c3C(C1)C2.Cl,9.050609993355087,1
CHEMBL555666,CC1=CC2Cc3nc4cc(Cl)ccc4c(NCCCCCCNc4c5c(nc6ccccc46)CCCC5)c3C(C1)C2.Cl.Cl,9.301029995663981,1
CHEMBL4874244,CC1=CC2Cc3nc4cc(Cl)ccc4c(NCCCCCNC(=O)[C@@H](N)Cc4c[nH]c5ccccc45)c3C(C1)C2.Cl.Cl,7.6439741428068775,1
CHEMBL3233826,CC1=CC2Cc3nc4cc(Cl)ccc4c(NCCCCCNC(=O)c4cc(O)c5c(c4)C(=O)c4cccc(O)c4C5=O)c3C(C1)C2.Cl,8.97061622231479,1
CHEMBL2011495,CC1=CC2Cc3nc4cc(Cl)ccc4c(NCCCN(C)CCCNc4c5c(nc6cc(Cl)ccc46)CCCC5)c3C(C1)C2.Cl,9.508638306165727,1
CHEMBL2011487,CC1=CC2Cc3nc4cc(Cl)ccc4c(NCCCN(C)CCCNc4c5c(nc6ccccc46)CCCC5)c3C(C1)C2.Cl,9.3767507096021,1
CHEMBL576385,CC1=CC2Cc3nc4cc(Cl)ccc4c(NCCCl)c3C(C1)C2,7.363512103646634,1
CHEMBL574973,CC1=CC2Cc3nc4cc(Cl)ccc4c(NCCN=[N+]=[N-])c3C(C1)C2,8.060980223551333,1
CHEMBL583920,CC1=CC2Cc3nc4cc(Cl)ccc4c(NCCO)c3C(C1)C2,8.015022873584506,1
CHEMBL3304178,CC1=CC2Cc3nc4cc(Cl)ccc4c(NCc4ccc(CNC(=O)c5cc(O)c6c(c5)C(=O)c5cccc(O)c5C6=O)cc4)c3C(C1)C2,7.739928612014925,1
CHEMBL3234040,CC1=CC2Cc3nc4cc(Cl)ccc4c(NCc4ccc(CNC(=O)c5cc(O)c6c(c5)C(=O)c5cccc(O)c5C6=O)cc4)c3C(C1)C2.Cl,7.739928612014925,1
CHEMBL575166,CC1=CC2Cc3nc4cc(Cl)ccc4c(O)c3C(C1)C2,4.8326826652518236,0
CHEMBL143290,CC1=CC2Cc3nc4cc(F)cc(F)c4c(N)c3C(C1)C2,8.657577319177793,1
CHEMBL109869,CC1=CC2Cc3nc4cccc(F)c4c(N)c3C(C1)C2,7.450996737974212,1
CHEMBL541344,CC1=CC2Cc3nc4ccccc4c(N)c3C(C1)C2.Cl,7.287350298372789,1
CHEMBL3600556,CC1=CC2Cc3nc4ccccc4c(NCCCCCCCCCCCCNc4c5c(nc6cc(Cl)ccc46)CCCC5)c3C(C1)C2,8.436518914605589,1
CHEMBL3600554,CC1=CC2Cc3nc4ccccc4c(NCCCCCCCCCCCCNc4c5c(nc6ccccc46)CCCC5)c3C(C1)C2,7.995678626217358,1
CHEMBL3600555,CC1=CC2Cc3nc4ccccc4c(NCCCCCCCCCCNc4c5c(nc6cc(Cl)ccc46)CCCC5)c3C(C1)C2,8.829738284605043,1
CHEMBL3600553,CC1=CC2Cc3nc4ccccc4c(NCCCCCCCCCCNc4c5c(nc6ccccc46)CCCC5)c3C(C1)C2,8.189767482004916,1
CHEMBL574747,CC1=CC2Cc3nc4oc(C5CC5)nc4c(N)c3C(C1)C2,4.301029995663981,0
CHEMBL576189,CC1=CC2Cc3nc4oc(C5CCC5)nc4c(N)c3C(C1)C2,4.567030709125595,0
CHEMBL2007996,CC1=C[C@@H]2Cc3nc4cc(Cl)ccc4c(N)c3[C@H](C1)C2,9.18970909630687,1
CHEMBL1994202,CC1=C[C@@H]2Cc3nc4cc(Cl)ccc4c(N)c3[C@H](C1)C2.Cl,9.366531544420413,1
CHEMBL5207628,CC1=C[C@@H]2Cc3nc4cc(Cl)ccc4c(NCCCCC(=O)N4CCC(NC(=O)Nc5ccc(OC(F)(F)F)cc5)CC4)c3[C@H](C1)C2,8.712198270069774,1
CHEMBL4113560,CC1=C[C@@H]2Cc3nc4cc(Cl)ccc4c(NCCCCCCCCCNC(=O)c4cc(O)c5c(c4)C(=O)c4cccc(O)c4C5=O)c3[C@H](C1)C2,8.619788758288394,1
CHEMBL3233832,CC1=C[C@@H]2Cc3nc4cc(Cl)ccc4c(NCCCCCCCCCNC(=O)c4cc(O)c5c(c4)C(=O)c4cccc(O)c4C5=O)c3[C@H](C1)C2.Cl,8.621602099051863,1
CHEMBL3216556,CC1=C[C@@H]2Cc3nc4cc(Cl)ccc4c(NCCCCCCCNc4c5c(nc6cc(Cl)ccc46)CCCC5)c3[C@H](C1)C2.Cl.Cl.Cl.Cl,8.6903698325741,1
CHEMBL3216777,CC1=C[C@@H]2Cc3nc4cc(Cl)ccc4c(NCCCCCCCNc4c5c(nc6ccccc46)CCCC5)c3[C@H](C1)C2.Cl.Cl.Cl,8.876148359032914,1
CHEMBL2113367,CC1=C[C@@H]2Cc3nc4cc(Cl)ccc4c(NCCCN(C)CCCCNc4c5c(nc6cc(Cl)ccc46)CCCC5)c3[C@H](C1)C2.Cl.Cl.Cl,9.537602002101044,1
CHEMBL2113368,CC1=C[C@@H]2Cc3nc4cc(Cl)ccc4c(NCCCN(C)CCCCNc4c5c(nc6ccccc46)CCCC5)c3[C@H](C1)C2.Cl.Cl.Cl,9.494850021680094,1
CHEMBL4524111,CC1=C[C@@H]2Cc3nc4cc(F)ccc4c(N)c3[C@H](C1)C2,8.339134521996131,1
CHEMBL2409141,CC1=C[C@H]2Cc3[nH]c(=O)ccc3[C@@]3(C1)[C@@H]2[C@H](C)CN3C,4.91721462968355,0
CHEMBL2409140,CC1=C[C@H]2Cc3[nH]c(=O)ccc3[C@@]3(C1)[C@@H]2[C@H](Cl)CCN3C,4.679853713888946,0
CHEMBL245079,CC1=C[C@H]2Cc3[nH]c(=O)ccc3[C@]3(C1)NCCC[C@H]23,7.522878745280337,1
CHEMBL4112162,CC1=C[C@H]2Cc3nc4cc(Cl)ccc4c(N)c3[C@@H](C1)C2,7.399529352329978,1
CHEMBL2011499,CC1=C[C@H]2Cc3nc4cc(Cl)ccc4c(N)c3[C@@H](C1)C2.Cl,7.179978029612455,1
CHEMBL3353041,CC1=C[C@H]2Cc3nc4cc(Cl)ccc4c(NCCCCCCCCCCNc4c5c(nc6cc(Cl)ccc46)C[C@@H]4C=C(C)C[C@H]5C4)c3[C@@H](C1)C2,7.756961951313706,1
CHEMBL3353040,CC1=C[C@H]2Cc3nc4cc(Cl)ccc4c(NCCCCCCCCNc4c5c(nc6cc(Cl)ccc46)C[C@@H]4C=C(C)C[C@H]5C4)c3[C@@H](C1)C2,7.139661993429006,1
CHEMBL3216557,CC1=C[C@H]2Cc3nc4cc(Cl)ccc4c(NCCCCCCCNc4c5c(nc6cc(Cl)ccc46)CCCC5)c3[C@@H](C1)C2.Cl.Cl.Cl.Cl,7.939302159646388,1
CHEMBL3217208,CC1=C[C@H]2Cc3nc4cc(Cl)ccc4c(NCCCCCCCNc4c5c(nc6ccccc46)CCCC5)c3[C@@H](C1)C2.Cl.Cl.Cl,8.164943898279883,1
CHEMBL3353039,CC1=C[C@H]2Cc3nc4cc(Cl)ccc4c(NCCCCCCNc4c5c(nc6cc(Cl)ccc46)C[C@@H]4C=C(C)C[C@H]5C4)c3[C@@H](C1)C2,6.716698771296451,1
CHEMBL229334,CC1=C[C@H]2[C@H](O)C(=O)[C@H]3CCCN4CCC[C@H]2[C@]34C1,4.777283528852417,0
CHEMBL238572,CC1CCCCN1C(=O)Oc1ccc(Oc2ccc(C(F)(F)F)cn2)cc1,4.301029995663981,0
CHEMBL434948,CC1CCCCN1CCCN1CC(=O)N(CCc2ccc(F)cc2)CC1=O,4.698970004336019,0
CHEMBL2396913,CC1CCCCN1c1nc2ccccc2[nH]1,4.051000545973047,0
CHEMBL238573,CC1CCCN(C(=O)Oc2ccc(Oc3ccc(C(F)(F)F)cn3)cc2)C1,4.301029995663981,0
CHEMBL238785,CC1CCN(C(=O)Oc2ccc(Oc3ccc(C(F)(F)F)cn3)cc2)CC1,4.301029995663981,0
CHEMBL155768,CC1CCN(C(=O)c2ccccc2)CC1,5.0,0
CHEMBL345241,CC1CCN(CC2CCCCC2)CC1,8.050609993355087,1
CHEMBL4081932,CC1CCN(CCNC(=S)Nc2cccc(Cl)c2)CC1,3.6989700043360187,0
CHEMBL343237,CC1CCN(CCc2ccccc2)CC1,6.7447274948966935,1
CHEMBL154263,CC1CCN(Cc2ccc(CNCCN3CCNC3=C(C#N)C#N)o2)CC1,6.5376020021010435,1
CHEMBL155121,CC1CCN(Cc2cccc3ccccc23)CC1,6.657577319177793,1
CHEMBL158232,CC1CCN(Cc2ccccc2)CC1,8.275724130399212,1
CHEMBL347354,CC1CCN(Cc2ccccc2[N+](=O)[O-])CC1,6.795880017344075,1
CHEMBL1834070,CC1CCN(c2nccc(NC(c3ccccc3)c3ccccc3)n2)CC1,4.492144128304169,0
CHEMBL1766151,CC1CCN(c2nccc(NCc3cccc4ccccc34)n2)CC1,4.58838029403677,0
CHEMBL1082977,CC1CCN(c2nccc(NCc3ccccc3)n2)CC1,4.735182176990463,0
CHEMBL4095755,CC1CC[C@@]2(C)c3cc(OC(=O)Nc4ccccc4)ccc3C(C)[C@@H]12,7.657577319177793,1
CHEMBL397168,CC1CN(C(=O)Oc2ccc(Oc3ccc(C(F)(F)F)cn3)cc2)CC(C)O1,4.301029995663981,0
CHEMBL4438286,CC1C[C@H]2[C@H](O)[C@@H]3O[C@]4(C1)OC1CCN5CCCC24[C@]13C5,4.522878745280337,0
CHEMBL115580,CC1Cc2c(nc3ccccc3c2N)C1(C)O,3.8728952016351923,0
CHEMBL422695,CC1Cc2cc3c(cc2C1=O)OCO3,7.030095657096896,1
CHEMBL155499,CC1Cc2ccc(F)cc2C1=O,6.560104100414689,1
CHEMBL155191,CC1Cc2ccccc2C1=O,6.625109433158309,1
CHEMBL3343929,CC1N[C@H](C(=O)NCCCCCCNc2c3c(nc4ccccc24)CCCC3)Cc2c1[nH]c1ccccc21,6.692503962086787,1
CHEMBL5272549,CC1c2[nH]c3ccccc3c2CCN1C(=O)/C=C/c1ccc(O)c(O)c1,4.6777807052660805,0
CHEMBL5282182,CCC(=O)CNC(=O)Nc1nc2ccc(-c3oc4c(OC)c(O)c(O)c(OC)c4c(=O)c3O)cc2s1,7.0,1
CHEMBL4644286,CCC(=O)O[C@@H]1C[N@@]2Cc3c(cc4c(c3OC)OCO4)[C@@]13C=C[C@H](OC)C[C@H]23,4.0,0
CHEMBL136669,CCC(=O)Oc1ccc(C)c([N+](C)(C)C)c1,4.161000002416256,0
CHEMBL136670,CCC(=O)Oc1cccc([N+](C)(C)C)c1C,3.1230000021524136,0
CHEMBL5220560,CCC(C)(C)NCC(O)c1cc(O)cc(OC(=O)N(C)C)c1,4.698970004336019,0
CHEMBL4096024,CCC(C)(C)NCC(O)c1cc(OC(=O)N(C)C)cc(OC(=O)N(C)C)c1.Cl,5.0,0
CHEMBL103890,CCC(C)(C)SC(=O)OCC[N+](C)(C)C.[Cl-],4.3979400086720375,0
CHEMBL3581572,CCC(C)C(=O)[C@]12C(=O)[C@]3(CC=C(C)C)C[C@H](CC=C(C)C)[C@@]1(C)CC[C@@H](C(C)(C)O)OC2=C(CC=C(C)C)C3=O,4.429457060118103,0
CHEMBL101482,CCC(C)CSC(=O)OCC[N+](C)(C)C.[Cl-],3.0,0
CHEMBL3623549,CCC(C)n1cc(C(=O)C(F)(F)F)cn1,8.121321727159113,1
CHEMBL3623556,CCC(C)n1cc(C(=O)C(F)F)cn1,7.012307075505266,1
CHEMBL3623563,CCC(C)n1cc(C(=O)CF)cn1,4.75842039514151,0
CHEMBL3623551,CCC(CC)n1cc(C(=O)C(F)(F)F)cn1,8.533816396300542,1
CHEMBL3623558,CCC(CC)n1cc(C(=O)C(F)F)cn1,7.497032424381319,1
CHEMBL149230,CCC(OC[n+]1ccn(C)c1/C=N/O)C(C)(C)C.[Cl-],4.619788758288394,0
CHEMBL1952047,CCC/N=C(/C=N/O)N(C)C.Cl,3.6989700043360187,0
CHEMBL542497,CCC1=CC2CC(C1)Cc1nc3ccccc3c(N)c12.Cl,7.114073660198569,1
CHEMBL143094,CCC1=CC2Cc3nc4cc(C)cc(C)c4c(N)c3C(C1)C2,8.304518323509802,1
CHEMBL357207,CCC1=CC2Cc3nc4cc(Cl)cc(Cl)c4c(N)c3C(C1)C2,8.856985199745905,1
CHEMBL572866,CCC1=CC2Cc3nc4cc(Cl)ccc4c(Cl)c3C(C1)C2,4.716698771296451,0
CHEMBL143812,CCC1=CC2Cc3nc4cc(Cl)ccc4c(N)c3C(C1)C2,9.489991487059765,1
CHEMBL208599,CCC1=CC2Cc3nc4cc(Cl)ccc4c(N)c3[C@@H](C1)C2,8.803696023309506,1
CHEMBL5268897,CCC1=CC2Cc3nc4cc(Cl)ccc4c(NCCCN4CCC(CC5Cc6cc(OC)c(OC)cc6C5)CC4)c3C(C1)C2.Cl.Cl,8.306911096104557,1
CHEMBL5276617,CCC1=CC2Cc3nc4cc(Cl)ccc4c(NCCN4CCC(CC5Cc6cc(OC)c(OC)cc6C5)CC4)c3C(C1)C2.Cl.Cl,7.543633966870957,1
CHEMBL574974,CCC1=CC2Cc3nc4cc(Cl)ccc4c(NCCN=[N+]=[N-])c3C(C1)C2,7.863279432843593,1
CHEMBL573095,CCC1=CC2Cc3nc4cc(Cl)ccc4c(NCCO)c3C(C1)C2,8.170696227168975,1
CHEMBL575674,CCC1=CC2Cc3nc4cc(Cl)ccc4c(NCCn4cc(CCCCCCN5CCc6cc(OC)c(OC)cc6C5c5cccc([N+](=O)[O-])c5)nn4)c3C(C1)C2,8.224753740259764,1
CHEMBL335355,CCC1=CC2Cc3nc4cc(F)cc(F)c4c(N)c3C(C1)C2,8.75448733218585,1
CHEMBL341658,CCC1=CC2Cc3nc4cc(F)ccc4c(N)c3C(C1)C2,8.18795850737229,1
CHEMBL139819,CCC1=CC2Cc3nc4cccc(Cl)c4c(N)c3C(C1)C2,7.931814138253839,1
CHEMBL142491,CCC1=CC2Cc3nc4cccc(F)c4c(N)c3C(C1)C2,7.530177984021837,1
CHEMBL539051,CCC1=CC2Cc3nc4ccccc4c(N)c3C(C1)C2.Cl,7.422508200162775,1
CHEMBL535812,CCC1=CC2Cc3nc4ccccc4c(NCCCCCCCCNc4c5c(nc6ccccc46)CCCC5)c3C(C1)C2.Cl.Cl,9.086186147616283,1
CHEMBL584003,CCC1=CC2Cc3nc4oc(C5CC5)nc4c(N)c3C(C1)C2,4.301029995663981,0
CHEMBL5181051,CCC1C/C(=C\c2cc(OC)c(OC)c(OC)c2Br)C(=O)c2ccccc21,7.346787486224656,1
CHEMBL3828273,CCC1OCc2c[n+](C)c(C)c(OC(=O)N(C)C)c2CO1.[Br-],3.5528419686577806,0
CHEMBL342902,CCCC(=O)OCC[N+](C)(C)C,3.6399999910458836,0
CHEMBL6141866,CCCC(=O)OC[C@]1(C)C=C(C=O)[C@@]2(C)[C@H]1CC[C@]1(C)[C@@H]2CC=C2[C@H]3[C@](C(=O)O)(CC[C@@H](C)[C@@]3(C)O)CC[C@]21C,4.0,0
CHEMBL139908,CCCC(=O)SCC[N+](C)(C)C,3.9000000040686618,0
CHEMBL3623550,CCCC(C)n1cc(C(=O)C(F)(F)F)cn1,8.11148425010283,1
CHEMBL3623557,CCCC(C)n1cc(C(=O)C(F)F)cn1,6.814078322316652,1
CHEMBL3623564,CCCC(C)n1cc(C(=O)CF)cn1,4.68533598310271,0
CHEMBL1952048,CCCC/N=C(/C=N/O)N(C)C.Cl,4.267606240177032,0
CHEMBL3827449,CCCC1OCc2c[n+](C)c(C)c(OC(=O)N(C)C)c2CO1.[Br-],3.853871964321762,0
CHEMBL4645345,CCCCC(=O)O[C@@H]1C[N@@]2Cc3c(cc4c(c3OC)OCO4)[C@@]13C=C[C@H](OC)C[C@H]23,4.0,0
CHEMBL1952049,CCCCC/N=C(/C=N/O)N(C)C.Cl,4.886056647693163,0
CHEMBL119528,CCCCC1(O)c2nc3ccccc3c(N)c2CC1C,4.040958607678906,0
CHEMBL119389,CCCCC1=C(C)Cc2c1nc1ccccc1c2N,4.6020599913279625,0
CHEMBL415675,CCCCC1=NC2(CCCC2)C(=O)N1CC(=O)c1ccc(Cl)cc1,6.543026986364182,1
CHEMBL240793,CCCCC1=NC2(CCCC2)C(=O)N1CCN1C(=O)c2ccccc2C1=O,6.636764195516306,1
CHEMBL398406,CCCCC1=NC2(CCCC2)C(=O)N1Cc1cc(OC)c(OC)cc1Br,7.0835460514500745,1
CHEMBL241011,CCCCC1=NC2(CCCC2)C(=O)N1Cc1cc2c(cc1C)OCO2,6.635449004646028,1
CHEMBL332051,CCCCC1=NC2(CCCC2)C(=O)N1Cc1ccc(-c2ccccc2C#N)cc1,7.0835460514500745,1
CHEMBL115835,CCCCC1=NC2(CCCC2)C(=O)N1Cc1ccc(-c2ccccc2C(=O)OC(C)(C)C)cc1,6.570570735618213,1
CHEMBL325502,CCCCC1=NC2(CCCC2)C(=O)N1Cc1ccc(-c2ccccc2C(=O)OC)cc1,6.618704376996174,1
CHEMBL392324,CCCCC1=NC2(CCCC2)C(=O)N1Cc1ccc(Br)cc1,7.154901959985743,1
CHEMBL240792,CCCCC1=NC2(CCCC2)C(=O)N1Cc1ccc([N+](=O)[O-])cc1,6.8683813356508745,1
CHEMBL5178355,CCCCC1OC(=O)c2cc(OCc3ccc(CN4CCCCC4)c(O)c3)ccc21,7.3872161432802645,1
CHEMBL5183299,CCCCC1OC(=O)c2cc(OCc3ccc(CN4CCN(C)CC4)c(O)c3)ccc21,4.624153563690844,0
CHEMBL6159857,CCCCCC(=O)OC[C@]1(C)C=C(C=O)[C@@]2(C)[C@H]1CC[C@]1(C)[C@@H]2CC=C2[C@H]3[C@](C(=O)O)(CC[C@@H](C)[C@@]3(C)O)CC[C@]21C,4.0,0
CHEMBL5566339,CCCCCCCCCCCC1=C(O)C(=O)C=C(NCCC2CCN(Cc3ccccc3)CC2)C1=O,6.823908740944319,1
CHEMBL4205426,CCCCCCCCCCCCCCCCNCC(=O)Nc1ccc2nc3n(c(=O)c2c1)CCC3,8.27490547891853,1
CHEMBL4794629,CCCCCCCCCCCCCCCCc1c(C(=O)[O-])ccc[n+]1C,2.6777807052660805,0
CHEMBL4756653,CCCCCCCCCCCCCCCCc1cc[n+](C)cc1C(=O)[O-],2.585026652029182,0
CHEMBL4786519,CCCCCCCCCCCCCCCCc1ccc(C(=O)[O-])c[n+]1C,2.5528419686577806,0
CHEMBL5431265,CCCCCCCCCCCCCCN(CCCCc1ccccc1)Cc1cccc(OC)c1OCc1ccccc1,5.0,0
CHEMBL1257412,CCCCCCCCCCCCCCNc1c2c(nc3ccc(OC)cc13)CCCC2.Cl,4.337242168318426,0
CHEMBL1257413,CCCCCCCCCCCCCNc1c2c(nc3ccc(OC)cc13)CCCC2.Cl,4.0,0
CHEMBL4217139,CCCCCCCCCCCCNCC(=O)Nc1ccc2nc3n(c(=O)c2c1)CCC3,7.43533393574791,1
CHEMBL4208869,CCCCCCCCCCNCC(=O)Nc1ccc2nc3n(c(=O)c2c1)CCC3,7.617982957425132,1
CHEMBL325505,CCCCCCCCCN(Cc1ccccc1OC)C(=O)CCCCCN(C)Cc1ccc(-c2ccc(CN(C)CCCCCC(=O)NCc3ccccc3OC)cc2)cc1,3.9800000199290153,0
CHEMBL326308,CCCCCCCCCN(Cc1ccccc1OC)C(=O)CCCCCNCc1ccc(-c2ccc(-c3ccc(CNCCCCCC(=O)NCc4ccccc4OC)cc3)cc2)cc1,4.800000052738446,0
CHEMBL609150,CCCCCCCCNC(=O)Oc1ccc2c(c1)[C@]1(C)CCN(C)C1N2C,6.958804811209141,1
CHEMBL74107,CCCCCCCCNC(=O)Oc1ccc2c(c1)[C@]1(C)CCN(C)[C@@H]1N2C,7.809894379144197,1
CHEMBL4203988,CCCCCCCCNCC(=O)Nc1ccc2nc3n(c(=O)c2c1)CCC3,7.97469413473523,1
CHEMBL195437,CCCCCCCCc1ccc(O)cc1,4.940398720237246,0
CHEMBL71982,CCCCCCCCc1noc(/C=N/O)n1,3.0,0
CHEMBL3826998,CCCCCCCNC(=O)Oc1ccc(-n2cc(COc3ccc4ccc(=O)oc4c3)nn2)cc1,3.802719441874381,0
CHEMBL5179658,CCCCCCCNC(=O)Oc1ccc(Cc2nc3cc(C(=O)N(CC)CC)ccc3n2CCC(C)C)cc1,6.778480042953552,1
CHEMBL5201804,CCCCCCCNC(=O)Oc1ccc(Cc2nc3cc(C(=O)N(CC)CC)ccc3n2CCN2CCCCC2)cc1,4.9974097437481095,0
CHEMBL5189021,CCCCCCCNC(=O)Oc1ccc(Cc2nc3cc(C(=O)N4CCCCC4)ccc3n2CCC(C)C)cc1,7.218271323596465,1
CHEMBL3828696,CCCCCCCNC(=O)Oc1ccc(Cn2cc(COc3ccc4ccc(=O)oc4c3)nn2)cc1,6.669586226650809,1
CHEMBL302168,CCCCCCCNC(=O)Oc1ccc2c(c1)C1(C)CCN(CC)C2C1,6.798602875679548,1
CHEMBL64529,CCCCCCCNC(=O)Oc1ccc2c(c1)C1CCN(C)C2C1,6.844663962534939,1
CHEMBL292421,CCCCCCCNC(=O)Oc1ccc2c(c1)C1CCN(CC)C2C1,6.772113295386326,1
CHEMBL3262489,CCCCCCCNC(=O)Oc1ccc2c(c1)CN1CCc3c([nH]c4ccccc34)C1N2C,5.0,0
CHEMBL32966,CCCCCCCNC(=O)Oc1ccc2c(c1)[C@]1(C)CCN(C)C1C2,6.943095148663527,1
CHEMBL1083066,CCCCCCCNC(=O)Oc1ccc2c(c1)[C@]1(C)CCN(C)[C@@H]1C2,6.943095148663527,1
CHEMBL433041,CCCCCCCNC(=O)Oc1ccc2c(c1)[C@]1(C)CCN(C)[C@@H]1N2C,7.303937539671687,1
CHEMBL416586,CCCCCCCNC(=O)Oc1ccc2c(c1)[C@]1(C)CCN(CC)C1C2,7.118662350124027,1
CHEMBL1083375,CCCCCCCNC(=O)Oc1ccc2c(c1)[C@]1(C)CCN(CC)[C@@H]1C2,7.236572006437063,1
CHEMBL33642,CCCCCCCNC(=O)Oc1ccc2c(c1)[C@]1(C)CCN(CCC)C1C2,7.031517051446065,1
CHEMBL1085383,CCCCCCCNC(=O)Oc1ccc2c(c1)[C@]1(C)CCN(CCC)[C@@H]1C2,7.031517051446065,1
CHEMBL3827044,CCCCCCCNC(=O)Oc1cccc(CN(C)CCCCCOc2ccc3c(c2)Oc2ncccc2C3)c1,8.159893905543242,1
CHEMBL3827610,CCCCCCCNC(=O)Oc1cccc(CN(C)CCCCCOc2ccc3c4c(c(=O)oc3c2)CCCC4)c1,7.73754891026957,1
CHEMBL3828693,CCCCCCCNC(=O)Oc1cccc(CN(C)CCCCCOc2ccc3ccc(=O)oc3c2)c1,7.94692155651658,1
CHEMBL128780,CCCCCCCNC(=O)Oc1cccc(CN(C)CCCCOc2ccc3c(=O)c4ccccc4oc3c2)c1,7.0,1
CHEMBL128390,CCCCCCCNC(=O)Oc1cccc(CN(C)CCCOc2ccc3c(=O)c4cccnc4oc3c2)c1,7.631403678647631,1
CHEMBL3827288,CCCCCCCNC(=O)Oc1cccc(CN(C)CCCOc2ccc3c4c(c(=O)oc3c2)CCCC4)c1,7.665546248849069,1
CHEMBL440526,CCCCCCCNC(=O)Oc1cccc(CN(C)CCCOc2ccc3ccc(=O)oc3c2)c1,7.42712839779952,1
CHEMBL129577,CCCCCCCNC(=O)Oc1cccc(CN(CCCOc2ccc3c(=O)c4ccccc4oc3c2)C(C)C)c1,6.769551078621726,1
CHEMBL187870,CCCCCCCNC(=O)Oc1cccc2c1OCC1CCN(C)C21,7.692503962086787,1
CHEMBL61221,CCCCCCCNc1c2c(nc3cc(C)ccc13)CCCC2,6.887376666855478,1
CHEMBL59782,CCCCCCCNc1c2c(nc3cc(Cl)ccc13)CCCC2,7.884065961709445,1
CHEMBL61561,CCCCCCCNc1c2c(nc3cc(F)ccc13)CCCC2,7.34452125038666,1
CHEMBL294525,CCCCCCCNc1c2c(nc3cc([N+](=O)[O-])ccc13)CCCC2,6.535068453994447,1
CHEMBL1618106,CCCCCCCNc1c2c(nc3ccc(OC)cc13)CCCC2,6.568636235841013,1
CHEMBL1257767,CCCCCCCNc1c2c(nc3ccc(OC)cc13)CCCC2.Cl,6.568636235841013,1
CHEMBL102226,CCCCCCCSC(=O)OCC[N+](C)(C)C.[Cl-],3.8010299956639813,0
CHEMBL4282360,CCCCCCN(C)Cc1cc(N)ccc1O.Cl.Cl,2.977365460055881,0
CHEMBL5408610,CCCCCCN(CCCCc1ccccc1)Cc1cccc(OC)c1OCc1ccccc1,5.0,0
CHEMBL5404420,CCCCCCN(CCCc1ccccc1)Cc1cccc(OC)c1OCc1ccccc1,5.0,0
CHEMBL5192784,CCCCCCN1CCN(CCC(=O)Nc2nc3c(C)cccc3s2)CC1,4.3979400086720375,0
CHEMBL64633,CCCCCCNC(=O)Oc1ccc2c(c1)C1(C)CCN(CC)C2C1,6.876148359032914,1
CHEMBL61274,CCCCCCNC(=O)Oc1ccc2c(c1)C1CCN(C)C2C1,7.142667503568732,1
CHEMBL413549,CCCCCCNC(=O)Oc1ccc2c(c1)C1CCN(CC)C2C1,6.903089986991944,1
CHEMBL5407180,CCCCCCNC(=O)Oc1ccc2c(c1)N(CC)/C(=C/C(C)=O)S2,4.853871964321762,0
CHEMBL284369,CCCCCCNC(=O)Oc1ccc2c(c1)[C@@H]1CCN(CC)C1C2,6.681936665037238,1
CHEMBL1085384,CCCCCCNC(=O)Oc1ccc2c(c1)[C@@H]1CCN(CC)[C@@H]1C2,6.681936665037238,1
CHEMBL359198,CCCCCCNC(=O)Oc1ccc2c(c1)[C@@]1(C)CCN(CC)[C@H]1C2,6.632644078973981,1
CHEMBL284938,CCCCCCNC(=O)Oc1ccc2c(c1)[C@]1(C)CCN(C)C1C2,7.113509274827518,1
CHEMBL1083067,CCCCCCNC(=O)Oc1ccc2c(c1)[C@]1(C)CCN(C)[C@@H]1C2,8.0,1
CHEMBL34222,CCCCCCNC(=O)Oc1ccc2c(c1)[C@]1(C)CCN(CC)C1C2,7.226133856511552,1
CHEMBL413765,CCCCCCNC(=O)Oc1ccc2c(c1)[C@]1(C)CCN(CC)[C@@H]1C2,7.5815758316322315,1
CHEMBL2448609,CCCCCCNC(=O)Oc1ccc2c(c1)[C@]1(C)CCN(CCC)C1C2.Cc1ccc(C(=O)OC(C(=O)O)C(OC(=O)c2ccc(C)cc2)C(=O)O)cc1.O,7.2076083105017466,1
CHEMBL1084881,CCCCCCNC(=O)Oc1ccc2c(c1)[C@]1(C)CCN(CCC)[C@@H]1C2,7.2076083105017466,1
CHEMBL1083379,CCCCCCNC(=O)Oc1cccc(CN(C)CCCCCOc2ccc3c(=O)c4ccccc4oc3c2)c1,7.0,1
CHEMBL1083070,CCCCCCNC(=O)Oc1cccc(CN(C)CCCCOc2ccc3c(=O)c4ccccc4oc3c2)c1,7.0,1
CHEMBL1084090,CCCCCCNC(=O)Oc1cccc(CN(C)CCCOc2ccc3c(=O)c4cccnc4oc3c2)c1,7.376750709602099,1
CHEMBL1084366,CCCCCCNC(=O)Oc1cccc(CN(C)CCCOc2ccc3c(=O)cc(-c4ccccc4)oc3c2)c1,7.167491087293763,1
CHEMBL1085129,CCCCCCNC(=O)Oc1cccc(CN(C)CCCOc2ccc3c(=O)ccoc3c2)c1,7.6777807052660805,1
CHEMBL1084883,CCCCCCNC(=O)Oc1cccc(CN(C)CCCOc2ccc3ccc(=O)oc3c2)c1,7.886056647693163,1
CHEMBL1082419,CCCCCCNC(=O)Oc1cccc(CN(CC)CCCOc2ccc3c(=O)c4ccccc4oc3c2)c1,6.795880017344075,1
CHEMBL1083977,CCCCCCNC(=O)Oc1cccc(CN(CCCOc2ccc3c(=O)c4ccccc4oc3c2)C(C)C)c1,6.769551078621726,1
CHEMBL6152561,CCCCCCNC(=O)[C@]12CC[C@@H](C)[C@@](C)(O)[C@H]1C1=CC[C@@]3(C)[C@@](C)(CC[C@H]4[C@](C)(CO)[C@@H](O)[C@H](O)C[C@@]43C)[C@]1(C)CC2,4.0,0
CHEMBL4217746,CCCCCCNCC(=O)Nc1ccc2nc3n(c(=O)c2c1)CCC3,7.5968794788241825,1
CHEMBL1618217,CCCCCCNc1c2c(nc3ccc(OC)cc13)CCCC2,7.0,1
CHEMBL1257885,CCCCCCNc1c2c(nc3ccc(OC)cc13)CCCC2.Cl,7.0,1
CHEMBL1076243,CCCCCCOC(=O)[C@H](CCC(=O)NCCC1CCN(Cc2ccccc2)CC1)NC(=O)Cc1cc2ccc(Cl)cc2s1,7.0,1
CHEMBL1082082,CCCCCCOC(=O)[C@H](CCC(=O)NCCC1CCN(Cc2ccccc2)CC1)NC(=O)OCc1ccccc1,6.6020599913279625,1
CHEMBL1080814,CCCCCCOC(=O)[C@H](CCC(=O)NCCC1CCN(Cc2ccccc2)CC1)NC(=O)c1cc(Br)cs1,6.7447274948966935,1
CHEMBL1076259,CCCCCCOC(=O)[C@H](CCC(=O)NCCC1CCN(Cc2ccccc2)CC1)NC(=O)c1cc2ccccc2s1,6.568636235841013,1
CHEMBL1080274,CCCCCCOC(=O)[C@H](CCC(=O)NCCC1CCN(Cc2ccccc2)CC1)NC(=O)c1cc2ccsc2s1,6.522878745280337,1
CHEMBL147968,CCCCCCOC[n+]1ccn(C)c1/C=N/O.[Cl-],4.6020599913279625,0
CHEMBL102077,CCCCCCSC(=O)OCC[N+](C)(C)C.[Cl-],4.048455006504028,0
CHEMBL336276,CCCCCCSc1nc(-c2ccc(C)cc2)nn1C(=O)N(C)C,6.698970004336019,1
CHEMBL336625,CCCCCCSc1nc(-c2ccc(C)cc2)nn1C(=O)N(C)c1ccccc1,4.301029995663981,0
CHEMBL133580,CCCCCCSc1nc(-c2ccc(Cl)cc2)nn1C(=O)N(C)c1ccccc1,4.301029995663981,0
CHEMBL335158,CCCCCCSc1nc(-c2ccc(Cl)cc2)nn1C(=O)N1CCCCC1,8.0,1
CHEMBL337486,CCCCCCSc1nc(-c2ccc(Cl)cc2)nn1C(=O)N1CCOCC1,4.301029995663981,0
CHEMBL136229,CCCCCC[N+](C)(C)C,3.0880000007225594,0
CHEMBL4283986,CCCCCN(C)Cc1cc(N)ccc1O.Cl.Cl,3.094150173357681,0
CHEMBL1952067,CCCCCN1CC(C)(C)CN=C1/C=N/O.Cl,4.050609993355087,0
CHEMBL1952062,CCCCCN1CCCN=C1/C=N/O.Cl,4.6777807052660805,0
CHEMBL73339,CCCCCN1CCc2cc(C(=O)CCC3CCN(Cc4ccccc4)CC3)ccc21,7.327902142064283,1
CHEMBL4280848,CCCCN(C)Cc1cc(N)ccc1O.Cl.Cl,3.902395671125589,0
CHEMBL2396905,CCCCN(C)c1nc2ccccc2[nH]1,4.0,0
CHEMBL2396904,CCCCN(C)c1nc2ccccc2n1C,4.0,0
CHEMBL4096126,CCCCN(CC(=O)NC(C)C)C(=O)CCCCCn1cc[n+](C)c1/C=N\O.[I-],3.0,0
CHEMBL4069847,CCCCN(CC(=O)NC(C)C)C(=O)CCCCCn1ccnc1/C=N/O,3.0,0
CHEMBL4081509,CCCCN(CC(=O)NCc1ccccc1)C(=O)CCCCCn1cc[n+](C)c1/C=N\O.[I-],4.301029995663981,0
CHEMBL4091748,CCCCN(CC(=O)NCc1ccccc1)C(=O)CCCCCn1ccnc1/C=N/O,3.0,0
CHEMBL5183251,CCCCN(CCC1CCCCCC1)Cc1cc2ccccc2cc1O,4.729950356732839,0
CHEMBL5190129,CCCCN(CCC1CCCCCC1)Cc1ccc(OC(=O)N(C)C)c2ccccc12,6.99481948749622,1
CHEMBL5192664,CCCCN(CCC1CCCCCC1)Cc1cn(OC(=O)N(C)C)c2ccccc12,6.818442226137214,1
CHEMBL3339008,CCCCN(CCCC)CCCCCCOc1ccc(C(=O)/C=C/c2ccccc2)cc1,3.7889061689410366,0
CHEMBL3339007,CCCCN(CCCC)CCCCCOc1ccc(C(=O)/C=C/c2ccccc2)cc1,4.114243118930733,0
CHEMBL3339006,CCCCN(CCCC)CCCCOc1ccc(C(=O)/C=C/c2ccccc2)cc1,4.658763376761308,0
CHEMBL3339005,CCCCN(CCCC)CCCOc1ccc(C(=O)/C=C/c2ccccc2)cc1,3.81864240797155,0
CHEMBL3339004,CCCCN(CCCC)CCOc1ccc(C(=O)/C=C/c2ccccc2)cc1,3.596948147411866,0
CHEMBL5169453,CCCCN(CCOc1cccc2c(OC(=O)N(C)C)cccc12)CCC1CCCCCC1,7.319664486585437,1
CHEMBL5189102,CCCCN(CCc1c[nH]c2cc(O)ccc12)CCC1CCCCCC1,4.150955457470634,0
CHEMBL1952066,CCCCN1CC(C)(C)CN=C1/C=N/O.Cl,4.031517051446065,0
CHEMBL1952061,CCCCN1CCCN=C1/C=N/O.Cl,3.804100347590766,0
CHEMBL5192987,CCCCN1CCN(CCC(=O)Nc2nc3c(C)cccc3s2)CC1,4.3979400086720375,0
CHEMBL1952057,CCCCN1CCN=C1/C=N/O.Cl,3.6989700043360187,0
CHEMBL74922,CCCCN1CCc2cc(C(=O)CCC3CCN(Cc4ccccc4)CC3)ccc21,7.5376020021010435,1
CHEMBL241127,CCCCNC(=O)Oc1ccc(Oc2ncc(Cl)cc2Cl)cc1,4.301029995663981,0
CHEMBL60380,CCCCNC(=O)Oc1ccc2c(c1)C1CCN(CC)C2C1,6.686132779630847,1
CHEMBL609671,CCCCNC(=O)Oc1ccc2c(c1)[C@]1(C)CCN(C)C1N2C,6.818084993787538,1
CHEMBL32452,CCCCNC(=O)Oc1ccc2c(c1)[C@]1(C)CCN(CC)C1C2,7.045757490560675,1
CHEMBL1085125,CCCCNC(=O)Oc1ccc2c(c1)[C@]1(C)CCN(CC)[C@@H]1C2,7.045757490560675,1
CHEMBL130847,CCCCNC(=O)Oc1cccc(CN(C)CCCOc2ccc3c(=O)c4ccccc4oc3c2)c1,7.443697499232712,1
CHEMBL130918,CCCCNC(=O)Oc1cccc(CN(C)CCCOc2ccc3c(=O)c4cccnc4oc3c2)c1,8.050609993355087,1
CHEMBL128043,CCCCNC(=O)Oc1cccc(CN(C)CCCOc2ccc3c(=O)cc(-c4ccccc4)oc3c2)c1,7.508638306165727,1
CHEMBL1084091,CCCCNC(=O)Oc1cccc(CN(C)CCCOc2ccc3c(=O)ccoc3c2)c1,6.6020599913279625,1
CHEMBL128551,CCCCNC(=O)Oc1cccc(CN(C)CCCOc2ccc3ccc(=O)oc3c2)c1,7.853871964321762,1
CHEMBL339039,CCCCNC(=O)Oc1cccc(CN(CC)CCCOc2ccc3c(=O)c4ccccc4oc3c2)c1,8.065501548756432,1
CHEMBL128452,CCCCNC(=O)Oc1cccc(CN(CCC)CCCOc2ccc3c(=O)c4ccccc4oc3c2)c1,7.154901959985743,1
CHEMBL131411,CCCCNC(=O)Oc1cccc(CN(CCCOc2ccc3c(=O)c4ccccc4oc3c2)C(C)C)c1,7.0,1
CHEMBL5594315,CCCCNC1c2ccccc2-c2ccccc21,4.301812430133878,0
CHEMBL4208322,CCCCNCC(=O)Nc1ccc2nc3n(c(=O)c2c1)CCC3,7.673664139071248,1
CHEMBL4750731,CCCCN[C@@H](Cc1c[nH]c2ccccc12)C(=O)NCCC1CCCN(Cc2ccccc2)CC1,4.795880017344075,0
CHEMBL4745688,CCCCN[C@@H](Cc1c[nH]c2ccccc12)C(=O)NCCC1CCN(CC2CCN(C)CC2)CC1,4.527243550682788,0
CHEMBL4787418,CCCCN[C@@H](Cc1c[nH]c2ccccc12)C(=O)NCCC1CCN(Cc2ccccc2)CC1,4.5951662833800615,0
CHEMBL1257887,CCCCNc1c2c(nc3ccc(OC)cc13)CCCC2.Cl,4.6777807052660805,0
CHEMBL4083288,CCCCNc1c2ccccc2[n+](C)c2ccccc12.F[B-](F)(F)F,4.698970004336019,0
CHEMBL1376358,CCCCNc1nc2ccccc2[nH]1,4.0,0
CHEMBL2396903,CCCCNc1nc2ccccc2n1C,4.0,0
CHEMBL1915766,CCCCOC(=O)CC[C@@H](C)[C@H]1CC[C@@]2(C)C3=C(C(=O)C[C@]12C)[C@@]1(C)CCC(=O)C(C)(C)[C@@H]1C[C@@H]3O,4.911509529817604,0
CHEMBL1915765,CCCCOC(=O)CC[C@@H](C)[C@H]1CC[C@@]2(C)C3=C(C(=O)C[C@]12C)[C@@]1(C)CC[C@H](O)C(C)(C)[C@@H]1C[C@@H]3O,4.936291440608582,0
CHEMBL416772,CCCCOC[n+]1ccn(C)c1/C=N/O.[Cl-],4.560667306169737,0
CHEMBL5579758,CCCCOc1cc(-c2nc(-c3ccccc3)no2)ccc1N,6.718966632752273,1
CHEMBL5566300,CCCCOc1cc(-c2nc(C)no2)ccc1N,7.795880017344075,1
CHEMBL1201217,CCCCOc1ccc(C(=O)CCN2CCCCC2)cc1,6.7423214251308154,1
CHEMBL102078,CCCCSC(=O)OCC[N+](C)(C)C.[Cl-],3.1505149978319906,0
CHEMBL3586207,CCCC[C@@H](O)/C=C/C=C/C(=O)O,6.657577319177793,1
CHEMBL5184276,CCCC[N+](C)(CCCc1c[nH]c2ccccc12)CCC1CCCCCC1.[I-],4.63445585997053,0
CHEMBL5421463,CCCN(C)C(=O)Oc1ccc(Cc2nc3cc(C(=O)N(CC)CC)ccc3n2CCC(C)C)cc1,4.601030032967071,0
CHEMBL4288742,CCCN(C)Cc1cc(N)ccc1O.Cl.Cl,2.938924676370208,0
CHEMBL5406889,CCCN(C/C=C/c1ccccc1)Cc1cccc(OC)c1OCc1ccccc1,5.0,0
CHEMBL3339003,CCCN(CCC)CCCCCCOc1ccc(C(=O)/C=C/c2ccccc2)cc1,4.356054087251933,0
CHEMBL3339002,CCCN(CCC)CCCCCOc1ccc(C(=O)/C=C/c2ccccc2)cc1,4.530472520812986,0
CHEMBL3339000,CCCN(CCC)CCCOc1ccc(C(=O)/C=C/c2ccccc2)cc1,4.608535588160897,0
CHEMBL3338999,CCCN(CCC)CCOc1ccc(C(=O)/C=C/c2ccccc2)cc1,4.190103753397561,0
CHEMBL4285213,CCCN(CCC)Cc1cc(N)ccc1O.Cl.Cl,3.8823973083099155,0
CHEMBL131219,CCCN(CCCOc1ccc2c(=O)c3ccccc3oc2c1)Cc1cccc(OC(=O)NC)c1,8.397940008672037,1
CHEMBL5420247,CCCN(CCCc1ccc(F)cc1)Cc1cccc(OC)c1OCc1ccccc1,5.0,0
CHEMBL5409611,CCCN(CCCc1ccc(O)cc1)Cc1cccc(OC)c1OCc1ccccc1,5.0,0
CHEMBL5412993,CCCN(CCCc1cccc(F)c1)Cc1cccc(OC)c1OCc1ccccc1,5.0,0
CHEMBL5398273,CCCN(CCCc1cccc(O)c1)Cc1cccc(OC)c1OCc1ccccc1,5.0,0
CHEMBL5396049,CCCN(CCCc1ccccc1)Cc1cccc(OC)c1OCc1ccccc1,5.0,0
CHEMBL5424979,CCCN(CCCc1ccccc1F)Cc1cccc(OC)c1OCc1ccccc1,5.0,0
CHEMBL5413699,CCCN(CCCc1ccccc1O)Cc1cccc(OC)c1OCc1ccccc1,5.0,0
CHEMBL5420880,CCCN(CCc1ccc(O)cc1)Cc1cccc(OC)c1OCc1ccccc1,5.0,0
CHEMBL5437254,CCCN(CCc1ccc(OC)cc1)Cc1cccc(OC)c1OCc1ccccc1,5.0,0
CHEMBL5434796,CCCN(CCc1cccc(OC)c1)Cc1cccc(OC)c1OCc1ccccc1,5.0,0
CHEMBL5441139,CCCN(CCc1ccccc1)Cc1cccc(OC)c1OCc1ccccc1,5.0,0
CHEMBL5429766,CCCN(CCc1ccccc1OC)Cc1cccc(OC)c1OCc1ccccc1,5.0,0
CHEMBL62373,CCCN1CCCC(c2cccc(OC(=O)NC(C)C)c2)C1,5.0,0
CHEMBL1834073,CCCN1CCN(c2nccc(NC(c3ccccc3)c3ccccc3)n2)CC1,4.835647144215563,0
CHEMBL1834062,CCCN1CCN(c2nccc(NCc3cccc4ccccc34)n2)CC1,4.721246399047171,0
CHEMBL1766139,CCCN1CCN(c2nccc(NCc3ccccc3)n2)CC1,4.815308569182401,0
CHEMBL74560,CCCN1CCc2cc(C(=O)CCC3CCN(Cc4ccccc4)CC3)ccc21,7.657577319177793,1
CHEMBL3786544,CCCN1Cc2cc(O)ccc2N(C)C1c1ccccc1,3.553929064298995,0
CHEMBL32964,CCCNC(=O)Oc1ccc2c(c1)[C@]1(C)CCN(CC)C1C2,6.812479279163537,1
CHEMBL1085127,CCCNC(=O)Oc1ccc2c(c1)[C@]1(C)CCN(CC)[C@@H]1C2,6.812479279163537,1
CHEMBL336297,CCCNC(=O)Oc1cccc(CN(C)CCCOc2ccc3c(=O)c4ccccc4oc3c2)c1,7.552841968657781,1
CHEMBL128392,CCCNC(=O)Oc1cccc(CN(C)CCCOc2ccc3c(=O)ccoc3c2)c1,6.6020599913279625,1
CHEMBL4746403,CCCNC(=O)c1sc(-c2ccnc(NC(=O)CNCCNc3c4c(nc5ccccc35)CCCC4)c2)nc1OCC1CC1,8.309803919971486,1
CHEMBL5574783,CCCNC(C)C(=O)Nc1c(C)csc1-c1nc(-c2ccccc2)no1,6.991399828238082,1
CHEMBL5568989,CCCNC(C)C(=O)Nc1c(C)csc1-c1nc(-c2ccccc2N)no1,6.91721462968355,1
CHEMBL5583577,CCCNC(C)C(=O)Nc1c(C)csc1-c1nc(C)no1,6.696803942579511,1
CHEMBL5572853,CCCNC(C)C(=O)Nc1c(C)csc1-c1nc(Cc2ccccc2)no1,7.318758762624412,1
CHEMBL4213147,CCCNCC(=O)Nc1ccc2nc3n(c(=O)c2c1)CCC3,6.508638306165727,1
CHEMBL106782,CCCNc1cc(NCCSCc2ccc(CN(C)C)o2)c([N+](=O)[O-])cc1[N+](=O)[O-],6.585026652029182,1
CHEMBL368075,CCCOc1ccccc1CN(CC)CCCCCC(=O)N(C)CCCCCCCCN(C)C(=O)CCCCCN(CC)Cc1ccccc1OCCC,7.470056598341331,1
CHEMBL263785,CCCOc1ccccc1C[N+](C)(CC)CCCCCC(=O)N(C)CCCCCCCCN(C)C(=O)CCCCC[N+](C)(CC)Cc1ccccc1OCCC,7.7599502278873524,1
CHEMBL104891,CCCSC(=O)OCC[N+](C)(C)C.[Cl-],2.6505149978319906,0
CHEMBL334395,CCCSc1nc(-c2ccc(Cl)cc2)nn1C(=O)N(C)C,6.522878745280337,1
CHEMBL4162121,CCC[n+]1ccc(CC2CCc3cc(OC)ccc3C2=O)c(C(C)=O)c1.[I-],5.0,0
CHEMBL91432,CCCc1cc(=NCCC2CCN(Cc3ccccc3)CC2)[nH]nc1-c1ccccc1,7.214670164989233,1
CHEMBL1085465,CCCc1cc(N2CCC=N2)ccc1C(=O)O/N=C(\N)c1ccc(C(F)(F)F)cc1,4.886056647693163,0
CHEMBL445916,CCCn1c2c(c3c(Br)c(OC(=O)NC)ccc31)CC/C2=N/CC,6.638272163982407,1
CHEMBL4786091,CCN(C)C(=O)OC1CCCN(C2Cc3ccccc3C2)C1,4.0,0
CHEMBL4782186,CCN(C)C(=O)OC1CCCN(Cc2ccccc2)C1,4.0,0
CHEMBL4785240,CCN(C)C(=O)OC1CCN(C2Cc3ccccc3C2)CC1,4.0,0
CHEMBL4798907,CCN(C)C(=O)OC1CCN(Cc2ccccc2)CC1,4.0,0
CHEMBL4792310,CCN(C)C(=O)OCC1CCCN(C2Cc3ccccc3C2)C1,4.0,0
CHEMBL4792483,CCN(C)C(=O)OCC1CCCN(Cc2ccccc2)C1,4.015022873584507,0
CHEMBL4800467,CCN(C)C(=O)OCC1CCN(C2Cc3ccccc3C2)CC1,4.0,0
CHEMBL4799313,CCN(C)C(=O)OCC1CCN(Cc2ccccc2)CC1,4.142667503568732,0
CHEMBL3545714,CCN(C)C(=O)Oc1cc(C(C)N(C)C)c2c(c1)oc(=O)c1ccccc12,4.3979400086720375,0
CHEMBL3335024,CCN(C)C(=O)Oc1cc(C(C)N(C)C)c2c(c1)oc(=O)c1ccccc12.Cl,4.3979400086720375,0
CHEMBL3545713,CCN(C)C(=O)Oc1cc(C(C)N(C)C)cc2oc(=O)c3ccccc3c12,4.3979400086720375,0
CHEMBL3335023,CCN(C)C(=O)Oc1cc(C(C)N(C)C)cc2oc(=O)c3ccccc3c12.Cl,4.401209493236885,0
CHEMBL4098455,CCN(C)C(=O)Oc1cc(OC(=O)N(C)CC)cc(C(O)CNC(C)(C)CC)c1.Cl,5.0,0
CHEMBL4787451,CCN(C)C(=O)Oc1ccc(-c2cc(=O)c3c(OC(=O)N(C)CC)cc(OC(=O)N(C)CC)cc3o2)cc1,4.973153530607523,0
CHEMBL4800310,CCN(C)C(=O)Oc1ccc(/C=C/C(=O)N(CC)Cc2ccccc2)cc1OC,4.684029654543083,0
CHEMBL4776936,CCN(C)C(=O)Oc1ccc(/C=C/C(=O)N2CCC(Cc3ccccc3)CC2)cc1,4.567030709125595,0
CHEMBL4787165,CCN(C)C(=O)Oc1ccc(/C=C/C(=O)N2CCC(Cc3ccccc3)CC2)cc1OC,4.761953896871205,0
CHEMBL4747710,CCN(C)C(=O)Oc1ccc(/C=C/C(=O)N2CCCCC2)cc1OC,4.97061622231479,0
CHEMBL4750360,CCN(C)C(=O)Oc1ccc(/C=C/C(=O)N2CCN(Cc3ccccc3)CC2)cc1,4.8297382846050425,0
CHEMBL4793075,CCN(C)C(=O)Oc1ccc(/C=C/C(=O)N2CCc3ccccc3C2)cc1OC,4.97469413473523,0
CHEMBL6132970,CCN(C)C(=O)Oc1ccc(C(=O)N2CCC(Cc3ccccc3)CC2)cc1OC,5.0,0
CHEMBL5269984,CCN(C)C(=O)Oc1ccc(C(CCOc2ccc([N+](=O)[O-])cc2)NC)cc1,6.995678626217358,1
CHEMBL5186955,CCN(C)C(=O)Oc1ccc(C2CC(=O)c3c(OC(=O)N(C)CC)cc(OC(=O)N(C)CC)cc3O2)cc1,4.97469413473523,0
CHEMBL5409303,CCN(C)C(=O)Oc1ccc(Cc2nc3cc(C(=O)N(CC)CC)ccc3n2CCC(C)C)cc1,4.601030032967071,0
CHEMBL545566,CCN(C)C(=O)Oc1ccc2c(c1)C(N)CC2.Cl,4.721246399047171,0
CHEMBL545333,CCN(C)C(=O)Oc1ccc2c(c1)C(NC)CC2.Cl,4.413412695328245,0
CHEMBL5265846,CCN(C)C(=O)Oc1ccc2c(c1)C=CC(C)N(C)C2CCOc1ccc([N+](=O)[O-])cc1,7.853871964321762,1
CHEMBL357492,CCN(C)C(=O)Oc1ccc2c(c1)CC(N)CC2,4.099086932262331,0
CHEMBL151236,CCN(C)C(=O)Oc1cccc(CCN)c1,4.449771646944906,0
CHEMBL151369,CCN(C)C(=O)Oc1cccc(CCNC)c1,4.684029654543083,0
CHEMBL4744490,CCN(C)C(=O)Oc1cccc(CNCCc2c[nH]c3cc(F)ccc23)c1,4.782516055786093,0
CHEMBL4761198,CCN(C)C(=O)Oc1cccc(CNCCc2c[nH]c3cc(F)ccc23)c1.O=C(O)/C=C/C(=O)O,4.75559916619863,0
CHEMBL1201092,CCN(C)C(=O)Oc1cccc([C@H](C)N(C)C)c1.O=C(O)[C@H](O)[C@@H](O)C(=O)O,4.945210726547806,0
CHEMBL542749,CCN(C)C(=O)Oc1cccc2c1C(N)CC2.Cl,4.978810700930062,0
CHEMBL544396,CCN(C)C(=O)Oc1cccc2c1CCC2N.Cl,7.585026652029182,1
CHEMBL4161343,CCN(C)C(=O)Oc1cccc2c1cc(C(=O)NC(C)C)c[n+]2C.[I-],5.0,0
CHEMBL4284261,CCN(C)Cc1cc(N)ccc1O.Cl.Cl,3.0154276843783676,0
CHEMBL4789995,CCN(CC)C(=O)/C=C/c1ccc(OC(=O)N(C)C)c(OC)c1,4.882728704344236,0
CHEMBL4761179,CCN(CC)C(=O)Oc1ccc(/C=C/C(=O)N2CCC(Cc3ccccc3)CC2)cc1OC,4.705533773838407,0
CHEMBL4740081,CCN(CC)C(=O)Oc1ccc(/C=C/C(=O)N2CCN(Cc3ccccc3)CC2)cc1OC,4.774690718274137,0
CHEMBL4779514,CCN(CC)C(=O)Oc1ccc(/C=C/C(=O)N2CCc3ccccc3C2)cc1OC,4.804100347590766,0
CHEMBL5395228,CCN(CC)C(=O)Oc1ccc(Cc2nc3cc(C(=O)N(CC)CC)ccc3n2CCC(C)C)cc1,4.601030032967071,0
CHEMBL612098,CCN(CC)C(=O)Oc1ccc2c(c1)[C@]1(C)CCN(C)C1N2C,4.397970031353465,0
CHEMBL5421196,CCN(CC)C(=O)c1ccc2c(c1)nc(Cc1ccc(OC(=O)NC)cc1)n2CCC(C)C,4.601030032967071,0
CHEMBL5404463,CCN(CC)C(=O)c1ccc2c(c1)nc(Cc1ccc(OC(=O)NC3CC3)cc1)n2CCC(C)C,4.601030032967071,0
CHEMBL5411758,CCN(CC)C(=O)c1ccc2c(c1)nc(Cc1ccccc1)n2CCC(C)C,4.874092156439111,0
CHEMBL1200970,CCN(CC)C(C)CN1c2ccccc2Sc2ccccc21.Cl,2.9913998282380825,0
CHEMBL1773478,CCN(CC)CC(=O)Nc1ccc(C(=O)c2ccc(CN(C)Cc3ccccc3)cc2)cc1,6.6777807052660805,1
CHEMBL5590702,CCN(CC)CC(O)COc1cc(C(C)C)ccc1C,6.866461091629782,1
CHEMBL69059,CCN(CC)CC/N=C(\NO)c1nc(-c2ccccc2)no1,3.585026652029182,0
CHEMBL4087300,CCN(CC)CCCCCCCCCCOc1ccc(/C=C/C(=O)Nc2ccccc2)cc1OC,4.82623117686335,0
CHEMBL3338998,CCN(CC)CCCCCCOc1ccc(C(=O)/C=C/c2ccccc2)cc1,4.297224922098956,0
CHEMBL1773488,CCN(CC)CCCCCCOc1ccc(C(=O)c2ccc(CN(C)Cc3ccccc3)cc2)cc1,6.590066876668706,1
CHEMBL4067562,CCN(CC)CCCCCOc1ccc(/C=C/C(=O)Nc2ccccc2)cc1OC,4.721703791908726,0
CHEMBL3338997,CCN(CC)CCCCCOc1ccc(C(=O)/C=C/c2ccccc2)cc1,4.466736483221285,0
CHEMBL1773486,CCN(CC)CCCCCOc1ccc(C(=O)c2ccc(CN(C)Cc3ccccc3)cc2)cc1,6.841637507904751,1
CHEMBL599057,CCN(CC)CCCCCOc1ccc2c(c1)C(=O)/C(=C/c1ccc(CN(C)Cc3ccccc3)cc1)C2,6.721246399047171,1
CHEMBL597188,CCN(CC)CCCCCOc1ccc2c(c1)CC/C(=C\c1ccc(CN(C)Cc3ccccc3)cc1)C2=O,7.251811972993799,1
CHEMBL5286597,CCN(CC)CCCCOc1cc(O)c2c(=O)c(-c3ccc(O)cc3)coc2c1,7.0,1
CHEMBL4102718,CCN(CC)CCCCOc1ccc(/C=C/C(=O)Nc2ccccc2)cc1OC,4.380593589113222,0
CHEMBL4285471,CCN(CC)CCCCOc1ccc(/C=C2\COc3ccccc3C2=O)cc1,4.85078088734462,0
CHEMBL3338996,CCN(CC)CCCCOc1ccc(C(=O)/C=C/c2ccccc2)cc1,4.6343248595440825,0
CHEMBL372071,CCN(CC)CCCN1CC(=O)N(C2CC2)CC1=O,4.698970004336019,0
CHEMBL1572608,CCN(CC)CCCNc1nc2ccccc2[nH]1,4.0,0
CHEMBL4078463,CCN(CC)CCCOc1ccc(/C=C/C(=O)Nc2ccccc2)cc1OC,4.624885315307775,0
CHEMBL3338995,CCN(CC)CCCOc1ccc(C(=O)/C=C/c2ccccc2)cc1,4.64762450499948,0
CHEMBL1773482,CCN(CC)CCCOc1ccc(C(=O)c2ccc(CN(C)Cc3ccccc3)cc2)cc1,7.6020599913279625,1
CHEMBL3323068,CCN(CC)CCCOc1ccc2nc3n(c(=O)c2c1)CCCCC3,4.917607285196391,0
CHEMBL3323039,CCN(CC)CCCOc1ccc2nc3n(c(=O)c2c1)Cc1ccccc1-3,6.697984225340088,1
CHEMBL192953,CCN(CC)CCN1CC(=O)N(CCc2ccccc2)CC1=O,4.698970004336019,0
CHEMBL86,CCN(CC)CCNC(=O)c1cc(Cl)c(N)cc1OC,4.698970004336019,0
CHEMBL2413734,CCN(CC)CCOc1ccc(-c2nc3cc(C)ccc3[nH]2)cc1,4.292600168866751,0
CHEMBL2413745,CCN(CC)CCOc1ccc(-c2nc3ccccc3[nH]2)cc1,4.0,0
CHEMBL4064846,CCN(CC)CCOc1ccc(/C=C/C(=O)Nc2ccccc2)cc1OC,4.3865810549654265,0
CHEMBL2160224,CCN(CC)CCOc1ccc(C(=O)c2c(-c3ccc(OCCCCCCCN(C)Cc4ccccc4)cc3)oc3ccccc23)cc1,4.107905397309519,0
CHEMBL5284318,CCN(CC)CCOc1ccc2c(=O)cc(-c3ccc(OC)cc3)oc2c1,7.567030709125595,1
CHEMBL4278434,CCN(CC)CCOc1cccc(/C=C2\COc3ccccc3C2=O)c1,4.518557371497695,0
CHEMBL2160223,CCN(CC)CCOc1cccc(C(=O)c2c(-c3ccc(OCCCCCCCN(C)Cc4ccccc4)cc3)oc3ccccc23)c1,4.430626090384954,0
CHEMBL544669,CCN(CC)CCS/C(=N\O)C(=O)c1ccc(Br)cc1.Cl,3.677780705266081,0
CHEMBL543779,CCN(CC)CCS/C(=N\O)C(=O)c1ccc(C#N)cc1.Cl,3.744727494896694,0
CHEMBL544022,CCN(CC)CCS/C(=N\O)C(=O)c1ccc(Cl)cc1.Cl,3.283996656365201,0
CHEMBL46151,CCN(CC)CCS/C(=N\O)C(=O)c1ccc(OC)cc1,3.585026652029182,0
CHEMBL556172,CCN(CC)CCS/C(=N\O)C(=O)c1ccccc1.Cl,3.0,0
CHEMBL65891,CCN(CC)CCS/C(=N\O)c1nc(C(C)(C)C)no1,3.408935392973501,0
CHEMBL19557,CCN(CC)CCS/C(=N\O)c1nc(C)no1,4.045757490560675,0
CHEMBL71994,CCN(CC)CCS/C(=N\O)c1nc(Cc2ccccc2)no1,4.522878745280337,0
CHEMBL1773492,CCN(CC)CCc1ccc(Oc2ccc(C(=O)c3ccc(CN(C)Cc4ccccc4)cc3)cc2)cc1,6.886056647693163,1
CHEMBL4280224,CCN(CC)Cc1cc(N)ccc1O.Cl.Cl,4.532816433469797,0
CHEMBL4590539,CCN(CC)Cc1cc2cc(c1O)Oc1ccc(cc1)C[C@H]1c3cc(c(OC)cc3CCN1C)Oc1c(OC)c(OC)cc3c1[C@@H](C2)N(C)CC3,4.167491087293763,0
CHEMBL464427,CCN(CC)Cc1ccc(/C=C2\Cc3cc(OC)c(OC)cc3C2=O)cc1,7.200659450546418,1
CHEMBL5207442,CCN(CC)Cc1ccc(/C=C2\Cc3cc(OC)ccc3C2=O)cc1,6.94692155651658,1
CHEMBL2160222,CCN(CC)Cc1ccc(C(=O)c2c(-c3ccc(OCCCCCCCN(C)Cc4ccccc4)cc3)oc3ccccc23)cc1,4.0,0
CHEMBL523311,CCN(CC)Cc1ccc(C(=O)c2ccc(OC)c(OC)c2)cc1,4.434152181326482,0
CHEMBL5206198,CCN(CC)Cc1ccc(C=C2Cc3cc(OC)c(OC)cc3C2=O)cc1,6.5968794788241825,1
CHEMBL4068888,CCN(CC)Cc1ccc(NC(=O)c2ccccc2)c(C(=O)C(=O)N(CC)CC)c1,7.349984047528161,1
CHEMBL2160221,CCN(CC)Cc1cccc(C(=O)c2c(-c3ccc(OCCCCCCCN(C)Cc4ccccc4)cc3)oc3ccccc23)c1,4.275724130399211,0
CHEMBL4778167,CCN(CC)c1cc(/C=C2/OC(=O)c3cc(OC)c(OC)cc32)ccc1O,8.892790030352131,1
CHEMBL4761887,CCN(CC)c1cc(/C=C2\OC(=O)c3cc(OC)c(OC)cc32)ccc1O,8.809668301829708,1
CHEMBL4080726,CCN(CC)c1ccc(-c2c3ccccc3[n+](C)c3ccccc23)cc1.F[B-](F)(F)F,4.598599459218456,0
CHEMBL4292192,CCN(CC)c1ccc(/C=C/c2cc(N3CCCCC3)c3ccccc3n2)cc1,4.193141970481182,0
CHEMBL2064465,CCN(CCC(=O)N1CCN(CCNc2c3c(nc4ccccc24)CCCC3)CC1)C1CCCCC1,8.303643611266669,1
CHEMBL3322142,CCN(CCC(=O)NCCCCNc1c2c(nc3ccccc13)CCCC2)C1CCCCC1,7.025949097207123,1
CHEMBL3322141,CCN(CCC(=O)NCCCNc1c2c(nc3ccccc13)CCCC2)C1CCCCC1,7.580044251510242,1
CHEMBL3322140,CCN(CCC(=O)NCCNc1c2c(nc3ccccc13)CCCC2)C1CCCCC1,6.632644078973981,1
CHEMBL140936,CCN(CCC1CCN(Cc2ccccc2)CC1)c1ccccc1,4.920818753952375,0
CHEMBL176585,CCN(CCCCCC(=O)N(C)CCCCCCCCN(C)C(=O)CCCCCN(CC)Cc1ccccc1)Cc1ccccc1,7.309981219211305,1
CHEMBL174228,CCN(CCCCCC(=O)N(C)CCCCCCCCN(C)C(=O)CCCCCN(CC)Cc1ccccc1C)Cc1ccccc1C,7.250031916490597,1
CHEMBL177052,CCN(CCCCCC(=O)N(C)CCCCCCCCN(C)C(=O)CCCCCN(CC)Cc1ccccc1Cl)Cc1ccccc1Cl,6.950007143079858,1
CHEMBL173309,CCN(CCCCCC(=O)N(C)CCCCCCCCN(C)C(=O)CCCCCN(CC)Cc1ccccc1OC)Cc1ccccc1OC,7.760622829737943,1
CHEMBL385130,CCN(CCCCCC(=O)N(C)CCCCCCCCN(C)C(=O)CCCCCN(CC)Cc1ccccc1OC)Cc1ccccc1OC.O=C(O)C(=O)O,7.730020323354676,1
CHEMBL176308,CCN(CCCCCC(=O)N(C)CCCCCCCCN(C)C(=O)CCCCCN(CC)Cc1ccccc1[N+](=O)[O-])Cc1ccccc1[N+](=O)[O-],6.697501248550859,1
CHEMBL143055,CCN(CCCCCC(=O)N(CCCCCCCCN(C(=O)CCCCCN(CC)Cc1ccccc1OC)C(C)C)C(C)C)Cc1ccccc1OC,7.739928612014925,1
CHEMBL254016,CCN(CCCCCC(=O)N1CCC(C2CCN(C(=O)CCCCCN(CC)Cc3ccccc3OC)CC2)CC1)Cc1ccccc1OC,8.480173988209039,1
CHEMBL222904,CCN(CCCCCC(=O)N1CCC(C2CCN(C(=O)CCCCCN(CC)Cc3ccccc3OC)CC2)CC1)Cc1ccccc1OC.O=C(O)C(=O)O,8.480040819247932,1
CHEMBL222946,CCN(CCCCCC(=O)N1CCC(CC2CCN(C(=O)CCCCCN(CC)Cc3ccccc3OC)CC2)CC1)Cc1ccccc1OC.O=C(O)C(=O)O,8.480040819247932,1
CHEMBL387394,CCN(CCCCCC(=O)N1CCC(CCC2CCN(C(=O)CCCCCN(CC)Cc3ccccc3OC)CC2)CC1)Cc1ccccc1OC.O=C(O)C(=O)O,8.130005999878259,1
CHEMBL222378,CCN(CCCCCC(=O)N1CCC(CCCC2CCN(C(=O)CCCCCN(CC)Cc3ccccc3OC)CC2)CC1)Cc1ccccc1OC.O=C(O)C(=O)O,8.179995693191682,1
CHEMBL502877,CCN(CCCCCC(=O)N1CCN(C(=O)CCCCCN(CC)Cc2ccccc2OC)CC1)Cc1ccccc1OC,7.590066876668706,1
CHEMBL507885,CCN(CCCCCC(=O)N1Cc2ccc3c4c(ccc(c24)C1)CN(C(=O)CCCCCN(CC)Cc1ccccc1OC)C3)Cc1ccccc1OC,8.316052869248487,1
CHEMBL403260,CCN(CCCCCC(=O)Nc1ccc(-c2ccc(NC(=O)CCCCCN(CC)Cc3ccccc3OC)cc2)cc1)Cc1ccccc1OC,7.440093374963888,1
CHEMBL222340,CCN(CCCCCC(=O)Nc1ccc(-c2ccc(NC(=O)CCCCCN(CC)Cc3ccccc3OC)cc2)cc1)Cc1ccccc1OC.O=C(O)C(=O)O,7.439973751087107,1
CHEMBL222875,CCN(CCCCCC(=O)Nc1ccc(CCc2ccc(NC(=O)CCCCCN(CC)Cc3ccccc3OC)cc2)cc1)Cc1ccccc1OC.O=C(O)C(=O)O,6.770011163455189,1
CHEMBL222818,CCN(CCCCCC(=O)Nc1ccc(Cc2ccc(NC(=O)CCCCCN(CC)Cc3ccccc3OC)cc2)cc1)Cc1ccccc1OC.O=C(O)C(=O)O,7.199970640755866,1
CHEMBL5282063,CCN(CCCCCCCCCCCCn1cc(C=O)c2cc(OC)ccc21)Cc1cccc(O)c1,4.371713268910486,0
CHEMBL243273,CCN(CCCCCCCNC1=CC(=O)C(NCCCCCCCN(CC)Cc2ccccc2OC)=CC1=O)Cc1ccccc1OC,8.108462542327436,1
CHEMBL507304,CCN(CCCCCCN1C(=O)c2ccc(-c3ccc4c(c3)C(=O)N(CCCCCCN(CC)Cc3ccccc3OC)C4=O)cc2C1=O)Cc1ccccc1OC,7.853871964321762,1
CHEMBL450553,CCN(CCCCCCN1C(=O)c2ccc3c4c(ccc(c24)C1=O)C(=O)N(CCCCCCN(CC)Cc1ccccc1OC)C3=O)Cc1ccccc1OC,7.2608538651694685,1
CHEMBL488590,CCN(CCCCCCN1C(=O)c2cccc3cccc(c23)C1=O)Cc1ccccc1OC,7.2716462179787715,1
CHEMBL449467,CCN(CCCCCCN1CC(=O)N(CCCCCCN(CC)Cc2ccccc2OC)CC1=O)Cc1ccccc1OC,7.798602875679548,1
CHEMBL450990,CCN(CCCCCCN1CCN(CCCCCCN(CC)Cc2ccccc2OC)C(=O)C1=O)Cc1ccccc1OC,7.161780778092374,1
CHEMBL449941,CCN(CCCCCCN1CCN(CCCCCCN(CC)Cc2ccccc2OC)C1=O)Cc1ccccc1OC,7.140261433802853,1
CHEMBL1912062,CCN(CCCCCCNC(=O)CCCCC1CCSS1)Cc1ccccc1OC,6.59176003468815,1
CHEMBL243062,CCN(CCCCCCNC1=C(Br)C(=O)C(NCCCCCCN(CC)Cc2ccccc2OC)=C(Br)C1=O)Cc1ccccc1OC,8.575118363368933,1
CHEMBL243269,CCN(CCCCCCNC1=C(C)C(=O)C(NCCCCCCN(CC)Cc2ccccc2OC)=C(C)C1=O)Cc1ccccc1OC,8.022276394711152,1
CHEMBL243056,CCN(CCCCCCNC1=C(Cl)C(=O)C(NCCCCCCN(CC)Cc2ccccc2OC)=C(Cl)C1=O)Cc1ccccc1OC,8.515700160653214,1
CHEMBL243055,CCN(CCCCCCNC1=C(F)C(=O)C(NCCCCCCN(CC)Cc2ccccc2OC)=C(F)C1=O)Cc1ccccc1OC,8.286509456906057,1
CHEMBL396050,CCN(CCCCCCNC1=C(c2ccccc2)C(=O)C(NCCCCCCN(CC)Cc2ccccc2OC)=C(c2ccccc2)C1=O)Cc1ccccc1OC,6.910094888560602,1
CHEMBL1940614,CCN(CCCCCCNC1=CC(=O)C(C)=C(C)C1=O)Cc1ccccc1OC,7.5376020021010435,1
CHEMBL394348,CCN(CCCCCCNC1=CC(=O)C(NCCCCCCN(CC)CCc2ccccc2OC)=CC1=O)CCc1ccccc1OC,7.761953896871205,1
CHEMBL242661,CCN(CCCCCCNC1=CC(=O)C(NCCCCCCN(CC)Cc2ccc(OC)cc2)=CC1=O)Cc1ccc(OC)cc1,7.291579099865287,1
CHEMBL394865,CCN(CCCCCCNC1=CC(=O)C(NCCCCCCN(CC)Cc2cccc(OC)c2)=CC1=O)Cc1cccc(OC)c1,7.860120913598763,1
CHEMBL218443,CCN(CCCCCCNC1=CC(=O)C(NCCCCCCN(CC)Cc2ccccc2)=CC1=O)Cc1ccccc1,7.134896025358872,1
CHEMBL243274,CCN(CCCCCCNC1=CC(=O)C(NCCCCCCN(CC)Cc2ccccc2C)=CC1=O)Cc1ccccc1C,7.1432711096171175,1
CHEMBL231160,CCN(CCCCCCNC1=CC(=O)C(NCCCCCCN(CC)Cc2ccccc2OC)=CC1=O)Cc1ccccc1OC,6.959665048119933,1
CHEMBL244762,CCN(CCCCCCNC1=CC(=O)C(NCCCCCCN(CC)Cc2ccccn2)=CC1=O)Cc1ccccn1,6.903089986991944,1
CHEMBL241974,CCN(CCCCCCNC1=CC(=O)C(NCCCCCCN(CC)Cc2cccnc2)=CC1=O)Cc1cccnc1,6.876148359032914,1
CHEMBL276444,CCN(CCCCCCNC1=CC(=O)C(NCCCCCCN(CC)Cc2ccco2)=CC1=O)Cc1ccco1,6.841637507904751,1
CHEMBL390247,CCN(CCCCCCNC1=CC(=O)C(NCCCCCCN(CC)Cc2cccs2)=CC1=O)Cc1cccs1,7.218963061378868,1
CHEMBL241960,CCN(CCCCCCNC1=CC(=O)C(NCCCCCCN(CC)Cc2ccncc2)=CC1=O)Cc1ccncc1,6.716698771296451,1
CHEMBL556581,CCN(CCCCCCNC1=CC(=O)C(NCCCCCCN(CC)[C@@H](C)c2ccccc2OC)=CC1=O)[C@@H](C)c1ccccc1OC,6.7482592351806066,1
CHEMBL555300,CCN(CCCCCCNC1=CC(=O)C(NCCCCCCN(CC)[C@@H](C)c2ccccc2OC)=CC1=O)[C@H](C)c1ccccc1OC,7.2011524070372435,1
CHEMBL540178,CCN(CCCCCCNC1=CC(=O)C(NCCCCCCN(CC)[C@H](C)c2ccccc2OC)=CC1=O)[C@H](C)c1ccccc1OC,7.1653415597169445,1
CHEMBL572480,CCN(CCCCCCNC1=CC(=O)C(NCCCCCCNC(=O)CCCCC2CCSS2)=CC1=O)Cc1ccccc1OC,7.0,1
CHEMBL572532,CCN(CCCCCCNC1=CC(=O)C(NCCCNC(=O)CCCCC2CCSS2)=CC1=O)Cc1ccccc1OC,6.823908740944319,1
CHEMBL1940615,CCN(CCCCCCNC1=CC(=O)C(OC)=CC1=O)Cc1ccccc1OC,7.185086818724926,1
CHEMBL1940613,CCN(CCCCCCNC1=CC(=O)c2ncccc2C1=O)Cc1ccccc1OC,7.554395796726403,1
CHEMBL611732,CCN(CCCCCCNc1ccc(CCc2ccc(NCCCCCCN(CC)Cc3ccccc3OC)cc2)cc1)Cc1ccccc1OC,4.510000060783276,0
CHEMBL230434,CCN(CCCCCCNc1ccc(NCCCCCCN(CC)Cc2ccccc2OC)cc1)Cc1ccccc1OC,7.371611069949688,1
CHEMBL175047,CCN(CCCCCCOCCCCCCCCOCCCCCCN(CC)Cc1ccccc1OC)Cc1ccccc1OC,6.69000807121882,1
CHEMBL452339,CCN(CCCCCCn1c(=O)c(=O)n(CCCCCCN(CC)Cc2ccccc2OC)c2ccccc21)Cc1ccccc1OC,8.85078088734462,1
CHEMBL507903,CCN(CCCCCCn1c(=O)c2cc3c(=O)n(CCCCCCN(CC)Cc4ccccc4OC)c(=O)c3cc2c1=O)Cc1ccccc1OC,8.113509274827518,1
CHEMBL230702,CCN(CCCCCNC1=CC(=O)C(NCCCCCN(CC)Cc2ccccc2OC)=CC1=O)Cc1ccccc1OC,8.627087997029893,1
CHEMBL2236394,CCN(CCCCCOc1ccc2c(=O)c3ccccc3oc2c1)Cc1cccc(OC(=O)NC)c1,9.086186147616283,1
CHEMBL6164051,CCN(CCCCCn1c(C)cc(=O)n(CCCCCN(CC)Cc2cccc(C(=O)OC)c2)c1=O)Cc1cccc(C(=O)OC)c1,6.5376020021010435,1
CHEMBL4069776,CCN(CCCCN1C(=O)c2ccccc2C1=O)Cc1ccccc1OC,6.552841968657781,1
CHEMBL4100298,CCN(CCCCNC(=O)COc1ccc(-c2cc(=O)c3c(O)c(OC)c(OC)cc3o2)cc1)Cc1ccccc1OC,7.4089353929735005,1
CHEMBL4098654,CCN(CCCCNC(=O)COc1ccc(-c2cc(=O)c3c(OC)c(OC)c(OC)cc3o2)cc1)Cc1ccccc1OC,7.200659450546418,1
CHEMBL243272,CCN(CCCCNC1=CC(=O)C(NCCCCN(CC)Cc2ccccc2OC)=CC1=O)Cc1ccccc1OC,7.866461091629782,1
CHEMBL3577522,CCN(CCCCOc1ccc(-c2cc(=O)c3c(O)c(OC)c(OC)cc3o2)cc1)Cc1ccccc1OC,6.6020599913279625,1
CHEMBL3577511,CCN(CCCCOc1ccc(-c2cc(=O)c3c(OC)c(OC)c(OC)cc3o2)cc1)Cc1ccccc1OC,7.096910013008056,1
CHEMBL2064469,CCN(CCCN1CCN(CCNc2c3c(nc4ccccc24)CCCC3)CC1)C1CCCCC1,6.7121982700697735,1
CHEMBL572453,CCN(CCCNC1=CC(=O)C(NCCCCCCNC(=O)CCCCC2CCSS2)=CC1=O)Cc1ccccc1OC,6.795880017344075,1
CHEMBL243271,CCN(CCCNC1=CC(=O)C(NCCCN(CC)Cc2ccccc2OC)=CC1=O)Cc1ccccc1OC,8.647817481888637,1
CHEMBL574847,CCN(CCCNC1=CC(=O)C(NCCCNC(=O)CCCCC2CCSS2)=CC1=O)Cc1ccccc1OC,6.721246399047171,1
CHEMBL3577505,CCN(CCCOc1ccc(-c2cc(=O)c3c(OC)c(OC)c(OC)cc3o2)cc1)Cc1ccccc1OC,6.698970004336019,1
CHEMBL128202,CCN(CCCOc1ccc2c(=O)c3ccccc3oc2c1)Cc1cccc(OC(=O)NC)c1,9.2518119729938,1
CHEMBL5429690,CCN(CCCc1ccccc1)Cc1cccc(OC)c1OCc1ccccc1,5.0,0
CHEMBL243270,CCN(CCNC1=CC(=O)C(NCCN(CC)Cc2ccccc2OC)=CC1=O)Cc1ccccc1OC,7.211124884224583,1
CHEMBL329733,CCN(CCOCCNC(=O)NCc1ccccc1)CC1CCCCC1,5.0,0
CHEMBL4283733,CCN(CCOc1ccc(/C=C2\COc3ccccc3C2=O)cc1)Cc1ccccc1,4.651695136951839,0
CHEMBL5401121,CCN(CCc1ccc(O)cc1)Cc1cccc(OC)c1OCc1ccccc1,5.0,0
CHEMBL5440083,CCN(CCc1ccc(OC)cc1)Cc1cccc(OC)c1OCc1ccccc1,5.0,0
CHEMBL5425341,CCN(CCc1cccc(OC)c1)Cc1cccc(OC)c1OCc1ccccc1,5.0,0
CHEMBL5436185,CCN(CCc1ccccc1)Cc1cccc(OC)c1OCc1ccccc1,5.0,0
CHEMBL5434452,CCN(CCc1ccccc1OC)Cc1cccc(OC)c1OCc1ccccc1,5.0,0
CHEMBL4762548,CCN(Cc1ccccc1)C(=O)/C=C/c1ccc(OC(=O)N(c2ccccc2)c2ccccc2)c(OC)c1,4.55129368009492,0
CHEMBL393149,CCN(Cc1ccccc1)C(=O)Oc1ccc(Oc2ccc(C(F)(F)F)cn2)cc1,4.301029995663981,0
CHEMBL244416,CCN(Cc1ccccc1)Cc1ccc(-c2cc3cc(OC)c(OC)cc3oc2=O)cc1,7.739941771811945,1
CHEMBL239046,CCN(Cc1ccccc1)Cc1ccc(-c2cc3cc(OCCNC(=O)/C=C/c4cc(F)cc(F)c4)ccc3oc2=O)cc1,6.645086977692145,1
CHEMBL407904,CCN(Cc1ccccc1)Cc1ccc(-c2cc3cc(OCCNC(=O)/C=C/c4ccc(Cl)c(Cl)c4)ccc3oc2=O)cc1,3.5734887386354246,0
CHEMBL26125,CCN(Cc1ccccc1)Cc1ccc(-c2cc3ccc(OCCNC(=O)Cc4cc(F)cc(F)c4)cc3oc2=O)cc1,6.7423214251308154,1
CHEMBL242190,CCN(Cc1ccccc1OC)C(=O)CCCCCNC1=CC(=O)C(NCCCCCC(=O)N(CC)Cc2ccccc2OC)=CC1=O,4.935542010773082,0
CHEMBL5414144,CCN1/C(=C/C(C)=O)Sc2ccc(OC(=O)NC3CCCCC3)cc21,4.958607314841775,0
CHEMBL5407164,CCN1/C(=C/C(C)=O)Sc2ccc(OC(=O)NCCc3ccccc3)cc21,4.698970004336019,0
CHEMBL5434888,CCN1/C(=C/C(C)=O)Sc2ccc(OC(=O)NCc3cccnc3)cc21,4.468521082957745,0
CHEMBL5219350,CCN1/C(=C/C(C)=O)Sc2ccc(OC(=O)OCCOCCNC(=O)c3cc4c(OC(=O)N(C)C)cccc4[n+](C)c3)cc21.COS(=O)(=O)[O-],7.089375595110798,1
CHEMBL60379,CCN1CCC2CC1c1ccc(OC(=O)NC)cc12,6.767003889607846,1
CHEMBL1085629,CCN1CCC2c3cc(OC(=O)NC)ccc3CC21,6.5968794788241825,1
CHEMBL1085274,CCN1CCCC1CNc1ccc(-c2ccccc2)nn1,4.207608310501746,0
CHEMBL4293179,CCN1CCN(C(=O)COc2ccc(-c3ccccc3)cc2)CC1,3.6989700043360187,0
CHEMBL4284619,CCN1CCN(C2CCN(C(=O)COc3ccc(-c4ccc(OC)cc4)cc3)CC2)CC1,4.7447274948966935,0
CHEMBL3965046,CCN1CCN(C2CCN(C(=O)COc3ccc(-c4ccccc4)cc3)CC2)CC1,4.508638306165727,0
CHEMBL4276694,CCN1CCN(C2CCN(C(=O)COc3ccc(-c4ccccc4F)cc3)CC2)CC1,4.721246399047171,0
CHEMBL4291400,CCN1CCN(C2CCN(C(=O)COc3ccc(I)cc3)CC2)CC1,4.698970004336019,0
CHEMBL5185552,CCN1CCN(CCC(=O)Nc2nc3c(C)cccc3s2)CC1,4.686554629573585,0
CHEMBL4292499,CCN1CCN(CCCNC(=O)COc2ccc(-c3ccc(OC)cc3)cc2)CC1,3.958607314841775,0
CHEMBL4295165,CCN1CCN(CCCNC(=O)COc2ccc(-c3ccccc3)cc2)CC1,3.94692155651658,0
CHEMBL4280753,CCN1CCN(CCCNC(=O)COc2ccc(I)cc2)CC1,4.060480747381382,0
CHEMBL4098196,CCN1CCN(Cc2ccc(/C=C3\Oc4cc(OC)c(OC)cc4C3=O)cc2O)CC1,4.493494967595128,0
CHEMBL4594199,CCN1CCN(c2ccc(C3CC(c4ccc(OC)c(OC)c4)=NN3C(C)=O)cc2)CC1,4.319664486585436,0
CHEMBL4532224,CCN1CCN(c2ccc(C3CC(c4ccc(OC)cc4)=NN3C(C)=O)cc2)CC1,3.655214877367339,0
CHEMBL34002,CCN1CC[C@@]2(C)c3cc(OC(=O)NC(C)(C)C)ccc3CC12,4.903541888282547,0
CHEMBL1085126,CCN1CC[C@@]2(C)c3cc(OC(=O)NC(C)(C)C)ccc3C[C@@H]12,4.903541888282547,0
CHEMBL284519,CCN1CC[C@@]2(C)c3cc(OC(=O)NC)ccc3CC12,7.42021640338319,1
CHEMBL1084635,CCN1CC[C@@]2(C)c3cc(OC(=O)NC)ccc3C[C@@H]12,7.42021640338319,1
CHEMBL286690,CCN1CC[C@@]2(C)c3cc(OC(=O)NCc4ccccc4)ccc3CC12,7.161150909262744,1
CHEMBL1085382,CCN1CC[C@@]2(C)c3cc(OC(=O)NCc4ccccc4)ccc3C[C@@H]12,7.161150909262744,1
CHEMBL33161,CCN1CC[C@@]2(C)c3cc(OC(=O)Nc4ccccc4)ccc3CC12,6.7544873321858505,1
CHEMBL1084880,CCN1CC[C@@]2(C)c3cc(OC(=O)Nc4ccccc4)ccc3C[C@@H]12,6.7544873321858505,1
CHEMBL287691,CCN1CC[C@H]2c3cc(OC(=O)NC)ccc3CC21,6.5968794788241825,1
CHEMBL3582215,CCN1CCc2cc(-c3cnc4[nH]c5cnc(C#N)cc5c4c3)ccc2C1,6.795880017344075,1
CHEMBL308793,CCN1CCc2cc(C(=O)CCC3CCN(Cc4ccccc4)CC3)ccc21,7.958607314841775,1
CHEMBL3582216,CCN1CCc2sc(-c3cnc4[nH]c5cnc(C#N)cc5c4c3)cc2C1,6.586700235918748,1
CHEMBL1782071,CCN1C[C@]2(C)[C@H](CC=C3C[C@H]4C(=O)C[C@]5(C)[C@@H]([C@H](C)N(C)C)[C@H](O)C[C@@]5(C)[C@@H]4CC[C@H]32)N=C1C(C)C,5.0,0
CHEMBL5403457,CCNC(=O)Oc1ccc(Cc2nc3cc(C(=O)N(CC)CC)ccc3n2CCC(C)C)cc1,4.601030032967071,0
CHEMBL542018,CCNC(=O)Oc1ccc2c(c1)C(N)CC2.Cl,4.752026733638194,0
CHEMBL361409,CCNC(=O)Oc1ccc2c(c1)[C@]1(C)CCN(C)C1N2C,7.026872146400302,1
CHEMBL205340,CCNC(=O)Oc1ccc2c(c1)[C@]1(C)CCN(C)[C@@H]1N2C,7.026872146400302,1
CHEMBL367795,CCNC(=O)Oc1ccc2c(c1)[C@]1(C)CCOC1N2C,7.086186147616283,1
CHEMBL5090683,CCNC(=O)Oc1ccc2c(c1)[C@]1(C)CCOC1O2,8.221848749616356,1
CHEMBL381926,CCNC(=O)Oc1ccc2c(c1)[C@]1(C)CCO[C@@H]1N2C,7.086186147616283,1
CHEMBL204895,CCNC(=O)Oc1ccc2c(c1)[C@]1(C)CCO[C@@H]1O2,7.221848749616356,1
CHEMBL128863,CCNC(=O)Oc1cccc(CN(C)CCCOc2ccc3c(=O)c4ccccc4oc3c2)c1,7.886056647693163,1
CHEMBL3122167,CCNC(=O)c1ccc2nc(-c3ccc(Cl)cc3)c3c(c2c1)NCCC3,7.187086643357144,1
CHEMBL4761239,CCNC(=O)c1sc(-c2ccnc(NC(=O)CNCCNc3c4c(nc5ccccc35)CCCC4)c2)nc1OCC1CC1,7.3448615651886175,1
CHEMBL5594488,CCNC(=S)N/N=C/c1c(OC)cc(OC)c2c(-c3ccccc3)c[nH]c12,4.226432951073941,0
CHEMBL545104,CCNC1CCc2ccc(OC(=O)N(C)C)cc21.Cl,4.610833915635467,0
CHEMBL3122169,CCNCc1ccc2nc(-c3cccnc3)c3c(c2c1)NCCC3,4.801342913045577,0
CHEMBL1257997,CCNc1c2c(nc3ccc(OC)cc13)CCCC2.Cl,4.180456064458132,0
CHEMBL4853637,CCOC(=O)/C(=N\Nc1cccc(C)c1)C(=O)C(F)(F)F,4.517126416391246,0
CHEMBL5405755,CCOC(=O)C1=C(C)N(CCC2CCN(Cc3ccccc3)CC2)C(=O)NC1c1coc2c(Cl)cc(Cl)cc2c1=O,7.221848749616356,1
CHEMBL6147092,CCOC(=O)C1=C(C)N=C2SC(c3ccc([N+](=O)[O-])cc3)=NN2C1c1ccc(C=O)cn1,7.086186147616283,1
CHEMBL490338,CCOC(=O)C1=C(C)Nc2nc3c(c(N)c2C1c1ccc(-c2ccccc2)cc1)CCCC3,7.1487416512809245,1
CHEMBL219406,CCOC(=O)C1=C(C)Nc2nc3c(c(N)c2C1c1ccc(C)cc1)CCCC3,6.771259223131459,1
CHEMBL219172,CCOC(=O)C1=C(C)Nc2nc3c(c(N)c2C1c1ccc(F)cc1)CCCC3,6.716710593677209,1
CHEMBL491358,CCOC(=O)C1=C(C)Nc2nc3c(c(N)c2C1c1ccc(OC)c(OC)c1)CCCC3,7.346787486224656,1
CHEMBL374184,CCOC(=O)C1=C(C)Nc2nc3c(c(N)c2C1c1ccc(OC)cc1)CCCC3,7.0657540507316385,1
CHEMBL219405,CCOC(=O)C1=C(C)Nc2nc3c(c(N)c2C1c1ccc([N+](=O)[O-])cc1)CCCC3,6.510041520575165,1
CHEMBL218940,CCOC(=O)C1=C(C)Nc2nc3c(c(N)c2C1c1cccc(OC)c1)CCCC3,7.236572006437063,1
CHEMBL220294,CCOC(=O)C1=C(C)Nc2nc3c(c(N)c2C1c1cccc([N+](=O)[O-])c1)CCCC3,6.718966632752273,1
CHEMBL218939,CCOC(=O)C1=C(C)Nc2nc3c(c(N)c2C1c1ccccc1)CCCC3,6.916033030867626,1
CHEMBL491561,CCOC(=O)C1=C(C)Nc2nc3c(c(N)c2C1c1ccccc1C(F)(F)F)CCCC3,6.645891560852599,1
CHEMBL3895528,CCOC(=O)C1=C(C)Nc2nc3c(c(N)c2C1c1ccccc1OC)CC(C)CC3,6.749579997691106,1
CHEMBL436302,CCOC(=O)C1=C(C)Nc2nc3c(c(N)c2C1c1ccccc1OC)CCCC3,6.6307841425898575,1
CHEMBL491359,CCOC(=O)C1=C(C)Nc2nc3c(c(N)c2C1c1cccnc1)CCCC3,6.801342913045577,1
CHEMBL491360,CCOC(=O)C1=C(C)Nc2nc3c(c(N)c2C1c1ccncc1)CCCC3,6.651695136951839,1
CHEMBL2234531,CCOC(=O)C1=C(C)Nc2nc3c(c(N)c2[C@@H]1c1ccccc1OC)CCCC3,6.799998134593398,1
CHEMBL2234530,CCOC(=O)C1=C(C)Nc2nc3c(c(N)c2[C@H]1c1ccc(C)cc1)CCCC3,7.0400051616715835,1
CHEMBL2234526,CCOC(=O)C1=C(C)Nc2nc3c(c(N)c2[C@H]1c1ccc(F)cc1)CCCC3,7.280006173632396,1
CHEMBL490359,CCOC(=O)C1=C(C)Nc2nc3c(c(N)c2[C@H]1c1ccc(OC)cc1)CCCC3,7.396840773380436,1
CHEMBL2234532,CCOC(=O)C1=C(C)Nc2nc3c(c(N)c2[C@H]1c1cccc(OC)c1)CCCC3,7.209996479609511,1
CHEMBL2234528,CCOC(=O)C1=C(C)Nc2nc3c(c(N)c2[C@H]1c1cccc([N+](=O)[O-])c1)CCCC3,6.959991363986458,1
CHEMBL2234525,CCOC(=O)C1=C(C)Nc2nc3c(c(N)c2[C@H]1c1ccccc1)CCCC3,7.100015437450609,1
CHEMBL2234527,CCOC(=O)C1=C(C)Nc2nc3c(c(N)c2[C@H]1c1ccccc1[N+](=O)[O-])CCCC3,6.519993057042849,1
CHEMBL430403,CCOC(=O)C1=C(C)Oc2nc3c(c(N)c2C1c1ccc(C)cc1)CCCC3,6.739928612014925,1
CHEMBL2234836,CCOC(=O)C1=C(C)Oc2nc3c(c(N)c2[C@H]1c1ccc(OC)c(OC)c1)CCC3,4.569999968362492,0
CHEMBL2234841,CCOC(=O)C1=C(C)Oc2nc3c(c(N)c2[C@H]1c1ccc(OC)c(OC)c1)CCCCC3,4.480000028175458,0
CHEMBL2234835,CCOC(=O)C1=C(C)Oc2nc3c(c(N)c2[C@H]1c1cccc(OC)c1)CCC3,4.619999985338959,0
CHEMBL2234839,CCOC(=O)C1=C(C)Oc2nc3c(c(N)c2[C@H]1c1cccc(OC)c1)CCCCC3,4.889999848866887,0
CHEMBL2234840,CCOC(=O)C1=C(C)Oc2nc3c(c(N)c2[C@H]1c1ccccc1OC)CCCCC3,4.68000002720016,0
CHEMBL2234833,CCOC(=O)C1=C(C)Oc2nc3c(c(N)c2[C@H]1c1cccnc1)CCCCC3,4.489999942195333,0
CHEMBL2234545,CCOC(=O)C1=C(C)Oc2nc3c(c(N)c2[C@H]1c1cccs1)CCC3,4.559999953221535,0
CHEMBL2234830,CCOC(=O)C1=C(C)Oc2nc3c(c(N)c2[C@H]1c1cccs1)CCCC3,4.609999985082743,0
CHEMBL2234834,CCOC(=O)C1=C(C)Oc2nc3c(c(N)c2[C@H]1c1cccs1)CCCCC3,4.8399999311187,0
CHEMBL3597062,CCOC(=O)C1=C(Nc2ccc(C)cc2)C[C@@H](c2ccc(Cl)cc2)N(c2ccc(C)cc2)[C@@H]1c1ccc(Cl)cc1,3.76820546547307,0
CHEMBL3597054,CCOC(=O)C1=C(Nc2ccc(C)cc2)C[C@@H](c2ccccc2)N(c2ccc(C)cc2)[C@@H]1c1ccccc1,3.7858350496270297,0
CHEMBL3597065,CCOC(=O)C1=C(Nc2ccc(Cl)cc2)C[C@@H](c2ccc(OC)cc2)N(c2ccc(Cl)cc2)[C@@H]1c1ccc(OC)cc1,4.920107856897075,0
CHEMBL3597010,CCOC(=O)C1=C(Nc2ccc(Cl)cc2)C[C@@H](c2ccccc2)N(c2ccc(Cl)cc2)[C@@H]1c1ccccc1,3.8371208829766674,0
CHEMBL3597056,CCOC(=O)C1=C(Nc2ccc(F)cc2)C[C@@H](c2ccc(Cl)cc2)N(c2ccc(F)cc2)[C@@H]1c1ccc(Cl)cc1,4.759819000551894,0
CHEMBL3597008,CCOC(=O)C1=C(Nc2ccc(OC)cc2)C[C@@H](c2ccc(C)cc2)N(c2ccc(OC)cc2)[C@@H]1c1ccc(C)cc1,3.8028853656938164,0
CHEMBL3597009,CCOC(=O)C1=C(Nc2ccc(OC)cc2)C[C@@H](c2ccccc2)N(c2ccc(OC)cc2)[C@@H]1c1ccccc1,4.147909185640305,0
CHEMBL3597003,CCOC(=O)C1=C(Nc2ccccc2)C[C@@H](c2ccc(C)cc2)N(c2ccccc2)[C@@H]1c1ccc(C)cc1,3.7531829762497955,0
CHEMBL3597057,CCOC(=O)C1=C(Nc2ccccc2)C[C@@H](c2ccc(F)cc2)N(c2ccccc2)[C@@H]1c1ccc(F)cc1,4.908968802811393,0
CHEMBL3597000,CCOC(=O)C1=C(Nc2ccccc2)C[C@@H](c2ccccc2)N(c2ccccc2)[C@@H]1c1ccccc1,4.030088935109755,0
CHEMBL4094833,CCOC(=O)CC[C@@H](NC(=O)OCc1ccccc1)C(=O)OCC,5.0,0
CHEMBL4071149,CCOC(=O)CC[C@H](NC(=O)OCc1ccccc1)C(=O)OCC,5.0,0
CHEMBL3597946,CCOC(=O)Cc1csc(NC(=O)C[n+]2ccc(/C=N/O)cc2)n1.[Cl-],2.643974142806877,0
CHEMBL5285181,CCOC(=O)[n+]1ccc2c([nH]c3cc(OC)ccc32)c1C,6.6020599913279625,1
CHEMBL372262,CCOC(=O)c1c(C)c(N2CCN(C)CC2)nc2ccccc12,5.0,0
CHEMBL6177591,CCOC(=O)c1c(C)cc(OC(=O)c2c(C)cc(O)cc2O)cc1O,4.823908740944319,0
CHEMBL4800002,CCOC(=O)c1c(C)nc(N2CCN(S(=O)(=O)c3ccc(N)c(Cl)c3)CC2)nc1-c1ccc(OC)c(OC)c1,7.289374984939203,1
CHEMBL4743674,CCOC(=O)c1c(C)nc(N2CCN(S(=O)(=O)c3ccc(N)c(Cl)c3)CC2)nc1-c1ccc(OC)cc1,7.108406795651035,1
CHEMBL4800558,CCOC(=O)c1c(C)nc(N2CCN(S(=O)(=O)c3ccc(N)c(Cl)c3)CC2)nc1-c1ccccc1,7.101713721410877,1
CHEMBL4792354,CCOC(=O)c1c(C)nc(N2CCN(S(=O)(=O)c3ccc(N)c(F)c3)CC2)nc1-c1ccc(OC)c(OC)c1,7.179995693191682,1
CHEMBL4779365,CCOC(=O)c1c(C)nc(N2CCN(S(=O)(=O)c3ccc(N)c(F)c3)CC2)nc1-c1ccc(OC)cc1,6.997402019280091,1
CHEMBL4759595,CCOC(=O)c1c(C)nc(N2CCN(S(=O)(=O)c3ccc(N)c(F)c3)CC2)nc1-c1ccccc1,6.698970004336019,1
CHEMBL4746943,CCOC(=O)c1c(C)nc(N2CCN(S(=O)(=O)c3ccc(N)c(OC)c3)CC2)nc1-c1ccc(OC)c(OC)c1,7.067627717852086,1
CHEMBL4797335,CCOC(=O)c1c(C)nc(N2CCN(S(=O)(=O)c3ccc(N)c(OC)c3)CC2)nc1-c1ccc(OC)cc1,7.164309428507575,1
CHEMBL4764003,CCOC(=O)c1c(C)nc(N2CCN(S(=O)(=O)c3ccc(N)c(OC)c3)CC2)nc1-c1ccccc1,7.072373037555046,1
CHEMBL4750278,CCOC(=O)c1c(C)nc(N2CCN(S(=O)(=O)c3ccc(N)cc3)CC2)nc1-c1ccc(OC)c(OC)c1,7.167363372403297,1
CHEMBL4762860,CCOC(=O)c1c(C)nc(N2CCN(S(=O)(=O)c3ccc(N)cc3)CC2)nc1-c1ccc(OC)cc1,7.143331516388465,1
CHEMBL4755324,CCOC(=O)c1c(C)nc(N2CCN(S(=O)(=O)c3ccc(N)cc3)CC2)nc1-c1ccccc1,6.698970004336019,1
CHEMBL4790766,CCOC(=O)c1c(C)nc(N2CCN(S(=O)(=O)c3ccc(NC(C)=O)c(Cl)c3)CC2)nc1-c1ccc(OC)c(OC)c1,7.324863495532006,1
CHEMBL4782471,CCOC(=O)c1c(C)nc(N2CCN(S(=O)(=O)c3ccc(NC(C)=O)c(Cl)c3)CC2)nc1-c1ccc(OC)cc1,7.057396751157843,1
CHEMBL4749805,CCOC(=O)c1c(C)nc(N2CCN(S(=O)(=O)c3ccc(NC(C)=O)c(Cl)c3)CC2)nc1-c1ccccc1,6.843117835560624,1
CHEMBL4752188,CCOC(=O)c1c(C)nc(N2CCN(S(=O)(=O)c3ccc(NC(C)=O)c(F)c3)CC2)nc1-c1ccc(OC)c(OC)c1,7.116225038644742,1
CHEMBL4797974,CCOC(=O)c1c(C)nc(N2CCN(S(=O)(=O)c3ccc(NC(C)=O)c(F)c3)CC2)nc1-c1ccc(OC)cc1,7.036684488613889,1
CHEMBL4752521,CCOC(=O)c1c(C)nc(N2CCN(S(=O)(=O)c3ccc(NC(C)=O)c(F)c3)CC2)nc1-c1ccccc1,7.011307297450183,1
CHEMBL4785119,CCOC(=O)c1c(C)nc(N2CCN(S(=O)(=O)c3ccc(NC(C)=O)c(OC)c3)CC2)nc1-c1ccc(OC)c(OC)c1,7.101494214465641,1
CHEMBL4756262,CCOC(=O)c1c(C)nc(N2CCN(S(=O)(=O)c3ccc(NC(C)=O)c(OC)c3)CC2)nc1-c1ccc(OC)cc1,7.10100072911021,1
CHEMBL4777023,CCOC(=O)c1c(C)nc(N2CCN(S(=O)(=O)c3ccc(NC(C)=O)c(OC)c3)CC2)nc1-c1ccccc1,7.10242788617427,1
CHEMBL4764274,CCOC(=O)c1c(C)nc(N2CCN(S(=O)(=O)c3ccc(NC(C)=O)cc3)CC2)nc1-c1ccc(OC)c(OC)c1,7.051635944011631,1
CHEMBL4742830,CCOC(=O)c1c(C)nc(N2CCN(S(=O)(=O)c3ccc(NC(C)=O)cc3)CC2)nc1-c1ccc(OC)cc1,6.879261594457057,1
CHEMBL4759625,CCOC(=O)c1c(C)nc(N2CCN(S(=O)(=O)c3ccc(NC(C)=O)cc3)CC2)nc1-c1ccccc1,6.928854709548917,1
CHEMBL2234538,CCOC(=O)c1c(C)nc2nc3c(c(N)c2c1-c1ccc(C)cc1)CCCCC3,4.889999848866887,0
CHEMBL2234540,CCOC(=O)c1c(C)nc2nc3c(c(N)c2c1-c1ccc(Cl)cc1)CCCCC3,4.719999935717911,0
CHEMBL398250,CCOC(=O)c1c(C)nc2nc3c(c(N)c2c1-c1ccc(OC)cc1)CCC3,4.860000083248981,0
CHEMBL2234543,CCOC(=O)c1c(C)nc2nc3c(c(N)c2c1-c1ccc(OC)cc1)CCCCCC3,4.769999911123512,0
CHEMBL2234541,CCOC(=O)c1c(C)nc2nc3c(c(N)c2c1-c1cccc([N+](=O)[O-])c1)CCCCC3,4.849999859991125,0
CHEMBL398249,CCOC(=O)c1c(C)nc2nc3c(c(N)c2c1-c1ccccc1)CCC3,4.920000156997057,0
CHEMBL253602,CCOC(=O)c1c(C)nc2nc3c(c(N)c2c1-c1ccccc1)CCCCC3,4.68000002720016,0
CHEMBL2234542,CCOC(=O)c1c(C)nc2nc3c(c(N)c2c1-c1ccccc1)CCCCCC3,4.769999911123512,0
CHEMBL2234539,CCOC(=O)c1c(C)nc2nc3c(c(N)c2c1-c1ccccc1OC)CCCCC3,4.659999925349902,0
CHEMBL6170553,CCOC(=O)c1c(O)cc(O)c(Cc2c(O)cc(C)c(C(=O)OC)c2O)c1C,4.698970004336019,0
CHEMBL6170205,CCOC(=O)c1c(O)cc(O)c(Cc2c(O)cc(C)c(C(=O)OCC)c2O)c1C,4.721246399047171,0
CHEMBL5219352,CCOC(=O)c1cc2c(OC(=O)N(C)C)cccc2[n+](C)c1.O=C([O-])C(F)(F)F,8.154901959985743,1
CHEMBL3120185,CCOC(=O)c1ccc2nc(-c3ccc(C(=O)OC)cc3)c3c(c2c1)N(Cc1ccccc1)C(=O)CC3,4.6020599913279625,0
CHEMBL3122146,CCOC(=O)c1ccc2nc(-c3ccc(C(=O)OC)cc3)c3c(c2c1)N(Cc1ccccc1)CCC3,4.6020599913279625,0
CHEMBL3122148,CCOC(=O)c1ccc2nc(-c3ccc(Cl)cc3)c3c(c2c1)N(Cc1ccc(OC)cc1)CCC3,4.6020599913279625,0
CHEMBL3122172,CCOC(=O)c1ccc2nc(-c3ccc(Cl)cc3)c3c(c2c1)N(Cc1ccccc1)CCC3,4.6020599913279625,0
CHEMBL3122147,CCOC(=O)c1ccc2nc(-c3ccc(Cl)cc3)c3c(c2c1)NCCC3,4.6020599913279625,0
CHEMBL550989,CCOC(=O)c1ccc2nc(-c3ccc(Cl)cc3)c3c(c2c1)OCCC3.Cl,5.0,0
CHEMBL3122171,CCOC(=O)c1ccc2nc(-c3cccnc3)c3c(c2c1)N(Cc1ccccc1)C(=O)CC3,4.886056647693163,0
CHEMBL3122166,CCOC(=O)c1ccc2nc(-c3cccnc3)c3c(c2c1)NCCC3,4.642065152999546,0
CHEMBL3597948,CCOC(=O)c1csc(NC(=O)C[n+]2ccc(/C=N/O)cc2)n1.[Cl-],2.6038006529042637,0
CHEMBL4285481,CCOC(=O)c1sc(-c2ccnc(NC(=O)C3CC3)c2)nc1OCCNc1c2c(nc3ccccc13)CCCC2,6.508638306165727,1
CHEMBL3289929,CCOC(OCC)c1ccc(/C=C/C(=O)/C=C/c2ccc(C(OCC)OCC)cc2)cc1,4.256960845195067,0
CHEMBL3289933,CCOC(OCC)c1ccc(/C=C/C(=O)C2CCc3ccccc3C2=O)cc1,4.113904267562252,0
CHEMBL3289930,CCOC(OCC)c1ccc(/C=C2\CC/C(=C\c3ccc(C(OCC)OCC)cc3)C2=O)cc1,4.115544503929512,0
CHEMBL3289924,CCOC(OCC)c1ccc(/C=C2\CCC/C(=C\c3ccc(C(OCC)OCC)cc3)C2=O)cc1,4.905528871358356,0
CHEMBL3289932,CCOC(OCC)c1ccc(/C=C2\CCc3ccccc3C2=O)cc1,4.0,0
CHEMBL3289927,CCOC(OCC)c1ccc(/C=C2\CN(C)C/C(=C\c3ccc(C(OCC)OCC)cc3)C2=O)cc1,7.376750709602099,1
CHEMBL3289928,CCOC(OCC)c1ccc(/C=C2\CN(Cc3ccccc3)C/C(=C\c3ccc(C(OCC)OCC)cc3)C2=O)cc1,4.560036064079095,0
CHEMBL3289925,CCOC(OCC)c1ccc(/C=C2\COC/C(=C\c3ccc(C(OCC)OCC)cc3)C2=O)cc1,4.384892012556806,0
CHEMBL3289931,CCOC(OCC)c1ccc(/C=C2\Cc3ccccc3C2=O)cc1,4.0,0
CHEMBL5203299,CCOCCN1CCN(CCC(=O)Nc2nc3c(C)cccc3s2)CC1,4.697236291527018,0
CHEMBL134914,CCOCC[N+](C)(C)C,2.9359999985589917,0
CHEMBL186264,CCOCC[n+]1ccc(CCC(=O)C2Cc3cc(OC)c(OC)cc3S2)cc1,8.154901959985743,1
CHEMBL87441,CCOCC[n+]1ccc(CCC(=O)c2cc3cc(OC)c(OC)cc3s2)cc1,8.154901959985743,1
CHEMBL5266377,CCOP(=O)(OCC)C(NCCc1ccc(OC)cc1)c1coc2ccccc2c1=O,7.0,1
CHEMBL5406359,CCOP(=O)(OCC)C(NCc1cccs1)c1cn(-c2ccccc2)nc1-c1ccc(Cl)cc1,7.769551078621726,1
CHEMBL23838,CCOP(=O)(OCC)Oc1ccc([N+](=O)[O-])cc1,8.0,1
CHEMBL3734787,CCOP1(=O)OC(C)=C(C(=O)OC)CCC1(F)F,4.0,0
CHEMBL5597667,CCO[C@H]1O[C@@H]2CC=C3CCN(C)[C@H]3[C@@H]2c2cc(OC)c(O)cc21,4.0,0
CHEMBL5597500,CCO[C@H]1c2cc(OC)c(OC)cc2[C@@]23CC[C@H](OC)C[C@@H]2N1CC3,4.0,0
CHEMBL4093928,CCO[P@@](=O)(SCC)c1ccccc1,3.8239087409443187,0
CHEMBL6173905,CCOc1cc(/C=N/NC(=O)c2ccc(Cl)nc2)ccc1O,7.522878745280337,1
CHEMBL6102364,CCOc1cc(N)ccc1C(=O)CCC1CCN(CC2CCCCC2)CC1,7.059981844992337,1
CHEMBL4647870,CCOc1cc(OCC)cc(C(=O)O[C@@H]2C[N@@]3Cc4c(cc5c(c4OC)OCO5)[C@@]24C=C[C@H](OC)C[C@H]34)c1,4.0,0
CHEMBL158242,CCOc1cc2c(cc1OCC)C(=O)C(C)C2,7.310093522069528,1
CHEMBL1903032,CCOc1ccc(-n2c(SCc3nc(-c4ccccc4C)no3)nnc2-c2ccccc2)cc1,3.0,0
CHEMBL2323356,CCOc1ccc(/C=N/NC(=O)CN2CCC(Cc3ccccc3)CC2)cc1,4.274905478918531,0
CHEMBL2323353,CCOc1ccc(/C=N/NC(=O)CN2CCN(Cc3ccccc3)CC2)cc1,4.089375595110798,0
CHEMBL5430829,CCOc1ccc(CCN(CC)Cc2cccc(OC)c2OCc2ccccc2)cc1,5.0,0
CHEMBL471980,CCOc1ccc(Cc2nc3cc(C(=O)N(CC)CC)ccc3n2CCC(C)C)cc1,5.0,0
CHEMBL4082785,CCOc1ccc(Cc2nc3cc(C(=O)N(CC)CC)ccc3n2CCCCCCN2CCCCC2)cc1,4.699485036446524,0
CHEMBL4456083,CCOc1ccc(Cc2nc3cc(C(=O)N(CC)CC)ccc3n2CCCCCCNc2c3c(nc4ccccc24)CCCC3)cc1,8.700057099977233,1
CHEMBL4583716,CCOc1ccc(Cc2nc3cc(C(=O)N(CC)CC)ccc3n2CCCCCNc2c3c(nc4ccccc24)CCCC3)cc1,8.199970640755867,1
CHEMBL4085482,CCOc1ccc(Cc2nc3cc(C(=O)N(CC)CC)ccc3n2CCCCN2CCCCC2)cc1,4.21056277930672,0
CHEMBL4473438,CCOc1ccc(Cc2nc3cc(C(=O)N(CC)CC)ccc3n2CCCCNc2c3c(nc4ccccc24)CCCC3)cc1,7.50003813440381,1
CHEMBL4458929,CCOc1ccc(Cc2nc3cc(C(=O)N(CC)CC)ccc3n2CCCNc2c3c(nc4ccccc24)CCCC3)cc1,8.500038134403809,1
CHEMBL4458217,CCOc1ccc(Cc2nc3cc(C(=O)N(CC)CC)ccc3n2CCNc2c3c(nc4ccccc24)CCCC3)cc1,8.899974269892137,1
CHEMBL4456433,CCOc1ccc(Cc2nc3cc(C(=O)N(CC)CC)ccc3n2CCOCCOCCNc2c3c(nc4ccccc24)CCCC3)cc1,7.0,1
CHEMBL4545532,CCOc1ccc(Cc2nc3cc(C(=O)N(CC)CCCCNc4c5c(nc6ccccc46)CCCC5)ccc3n2CCC(C)C)cc1,7.199970640755866,1
CHEMBL4558335,CCOc1ccc(Cc2nc3cc(C(=O)NCCCCCCNc4c5c(nc6ccccc46)CCCC5)ccc3n2CCC(C)C)cc1,7.700057099977233,1
CHEMBL4453905,CCOc1ccc(Cc2nc3cc(C(=O)NCCCCCNc4c5c(nc6ccccc46)CCCC5)ccc3n2CCC(C)C)cc1,8.100015437450608,1
CHEMBL4464883,CCOc1ccc(Cc2nc3cc(C(=O)NCCCCNc4c5c(nc6ccccc46)CCCC5)ccc3n2CCC(C)C)cc1,8.0,1
CHEMBL4441666,CCOc1ccc(Cc2nc3cc(C(=O)NCCCNc4c5c(nc6ccccc46)CCCC5)ccc3n2CCC(C)C)cc1,8.500038134403809,1
CHEMBL4588547,CCOc1ccc(Cc2nc3cc(C(=O)NCCNc4c5c(nc6ccccc46)CCCC5)ccc3n2CCC(C)C)cc1,7.100015437450609,1
CHEMBL4447210,CCOc1ccc(Cc2nc3cc(C(=O)NCCSSCCNc4c5c(nc6ccccc46)CCCC5)ccc3n2CCC(C)C)cc1,7.100015437450609,1
CHEMBL5429476,CCOc1ccc(Cc2nc3cc(O)ccc3n2CCC(C)C)cc1,4.601030032967071,0
CHEMBL5430169,CCOc1ccc(Cc2nc3cc(OC(=O)N(C)C)ccc3n2CCC(C)C)cc1,4.601030032967071,0
CHEMBL5411397,CCOc1ccc(Cc2nc3cc(OC(=O)N(C)CC)ccc3n2CCC(C)C)cc1,4.601030032967071,0
CHEMBL5422050,CCOc1ccc(Cc2nc3cc(OC(=O)N4CCC4)ccc3n2CCC(C)C)cc1,4.601030032967071,0
CHEMBL5412500,CCOc1ccc(Cc2nc3cc(OC(=O)N4CCCC4)ccc3n2CCC(C)C)cc1,4.601030032967071,0
CHEMBL5414873,CCOc1ccc(Cc2nc3cc(OC(=O)NC4CC4)ccc3n2CCC(C)C)cc1,4.601030032967071,0
CHEMBL5285953,CCOc1ccc2c(c1)O/C(=C\c1ccc(OCCN3CCCCC3)cc1)C2=O,7.346787486224656,1
CHEMBL4250314,CCOc1cccc2c(=O)c3c(oc12)CCN(/C(=C/C(=O)OC)C(=O)OC)C3,4.698970004336019,0
CHEMBL4250510,CCOc1cccc2c(=O)c3c(oc12)CCN(C)C3,4.698970004336019,0
CHEMBL4241100,CCOc1cccc2c(=O)c3c(oc12)CCN(Cc1ccccc1)C3,4.698970004336019,0
CHEMBL102637,CCSC(=O)OCC[N+](C)(C)C.[Cl-],2.0,0
CHEMBL136568,CCSCC[N+](C)(C)C,2.8210000011975964,0
CHEMBL336524,CCSc1nc(-c2ccc(Cl)cc2)nn1C(=O)N(C)C,7.251811972993799,1
CHEMBL341437,CCSc1nc(-c2ccc(OC)cc2)nn1C(=O)N1CCOCC1,4.301029995663981,0
CHEMBL4569343,CC[C@@H](CN1CCCC1=O)C(=O)NCCCCCCCNc1c2c(nc3cc(Cl)ccc13)C[C@H]1C=C(C)C[C@@H]2C1,8.3767507096021,1
CHEMBL3237632,CC[C@@H]1[C@H]2OC(=O)[C@@](C)(O)[C@H]2[C@]23CC[C@@H]([C@@H]4C[C@H](C)C(=O)O4)N2CCCC[C@H]13,4.162411561764489,0
CHEMBL3237631,CC[C@@H]1[C@H]2OC(=O)[C@](C)(O)[C@H]2[C@]23CC[C@@H]([C@@H]4C[C@@H](C)C(=O)O4)N2CCCC[C@@H]13,4.0,0
CHEMBL406645,CC[C@@]1(c2cccc(O)c2)CCCCN(CCCCCCCCCN2CCCC[C@@](CC)(c3cccc(O)c3)C2)C1,4.779891911959945,0
CHEMBL5219046,CC[C@@]1(c2cccc(OC(=O)Nc3ccccc3)c2)CCCCN(C)C1,6.562249437179612,1
CHEMBL393212,CC[C@H](C)C1=N[C@H]2CC=C3C[C@H]4C(=O)C[C@]5(C)[C@@H]([C@H](C)N(C)C)[C@H](O)C[C@@]5(C)[C@@H]4CC[C@H]3[C@]2(C)CO1,6.576754126063192,1
CHEMBL2018162,CC[C@H]1C[C@@H]2CN3CCc4c([nH]c5cc([C@H]6C[C@H]7C(C(=O)OC)[C@H](Cc8c6[nH]c6ccccc86)N(C)C[C@H]7CC)ccc45)[C@](C(=O)OC)(C2)[C@H]13,7.1487416512809245,1
CHEMBL376478,CC[C@H]1C[C@@H]2C[C@H]3c4[nH]c5cc([C@@H]6C[C@H]7C(C(=O)OC)[C@@H](Cc8c6[nH]c6ccccc86)N(C)C[C@H]7CC)ccc5c4CCN(C2)[C@@H]13,6.6439741428068775,1
CHEMBL3759013,CC[C@H]1O[C@@H]2O[C@H](/C=C/C=C/C=C/c3oc(=O)cc(OC/C=C(\C)C(=O)OC)c3C)[C@H](O)[C@]2(C)[C@@]1(C)O,4.826813731587726,0
CHEMBL3237633,CC[C@H]1[C@@H]2OC(=O)[C@@](C)(O)[C@@H]2[C@@]23CC[C@@H]([C@@H]4C[C@H](C)C(=O)O4)N2CCCC[C@H]13,4.767003889607846,0
CHEMBL3237628,CC[C@H]1[C@H](C[C@H](C)C(=O)OC)O[C@]23CC[C@@H]([C@@H]4C[C@H](C)C(=O)O4)N2CCCC[C@H]13,4.145693958198919,0
CHEMBL3237629,CC[C@H]1[C@H](C[C@H](C)C(=O)OC)O[C@]23CC[C@@H]([C@@H]4C[C@H](C)C(=O)O4)N2CCCC[C@]13O,4.0,0
CHEMBL3237634,CC[C@H]1[C@H]2OC(=O)[C@@](C)(O)[C@H]2[C@]23CC[C@@H]([C@@H]4C[C@H](C)C(=O)O4)N2CCCC[C@H]13,4.0,0
CHEMBL345124,CC[N+](C)(CC)CCC[n+]1c(-c2ccccc2)c2cc(N)ccc2c2ccc(N)cc21.[I-].[I-],4.6233341864133735,0
CHEMBL296277,CC[N+](C)(CC)CCS/C(=N\O)C(=O)c1ccc(C#N)cc1.[Cl-],3.0,0
CHEMBL296786,CC[N+](C)(CC)CCS/C(=N\O)C(=O)c1ccc(Cl)cc1.[Cl-],3.0,0
CHEMBL416644,CC[N+](C)(CC)CCS/C(=N\O)C(=O)c1ccc(F)cc1.[Cl-],3.1426675035687315,0
CHEMBL45118,CC[N+](C)(CC)CCS/C(=N\O)C(=O)c1ccc(OC)cc1.[Cl-],3.0,0
CHEMBL137059,CC[N+](C)(CCCCCC(=O)N(C)CCCCCCCCN(C)C(=O)CCCCC[N+](C)(CC)Cc1ccccc1)Cc1ccccc1,7.430041181903406,1
CHEMBL174046,CC[N+](C)(CCCCCC(=O)N(C)CCCCCCCCN(C)C(=O)CCCCC[N+](C)(CC)Cc1ccccc1C(F)(F)F)Cc1ccccc1C(F)(F)F,7.9299621333922445,1
CHEMBL173607,CC[N+](C)(CCCCCC(=O)N(C)CCCCCCCCN(C)C(=O)CCCCC[N+](C)(CC)Cc1ccccc1C)Cc1ccccc1C,7.779891911959945,1
CHEMBL173935,CC[N+](C)(CCCCCC(=O)N(C)CCCCCCCCN(C)C(=O)CCCCC[N+](C)(CC)Cc1ccccc1Cl)Cc1ccccc1Cl,7.709965388637482,1
CHEMBL173018,CC[N+](C)(CCCCCC(=O)N(C)CCCCCCCCN(C)C(=O)CCCCC[N+](C)(CC)Cc1ccccc1OC)Cc1ccccc1OC,7.940142489092464,1
CHEMBL609977,CC[N+](C)(CCCCCC(=O)N(C)CCCCCCCCN(C)C(=O)CCCCC[N+](C)(CC)Cc1ccccc1[N+](=O)[O-])Cc1ccccc1[N+](=O)[O-].[I-].[I-],7.902562045997387,1
CHEMBL176521,CC[N+](C)(CCCCCC(=O)N(CCCCCCCCN(C(=O)CCCCC[N+](C)(CC)Cc1ccccc1OC)C(C)C)C(C)C)Cc1ccccc1OC,8.090016305060155,1
CHEMBL19949,CC[N+](C)(CCCCCC(=O)N1CCC(CCC2CCN(C(=O)CCCCC[N+](C)(CC)Cc3ccccc3OC)CC2)CC1)Cc1ccccc1OC.[I-].[I-],8.240030142445693,1
CHEMBL221992,CC[N+](C)(CCCCCC(=O)N1CCC(CCCC2CCN(C(=O)CCCCC[N+](C)(CC)Cc3ccccc3OC)CC2)CC1)Cc1ccccc1OC.[I-].[I-],8.240030142445693,1
CHEMBL222043,CC[N+](C)(CCCCCC(=O)Nc1ccc(CCc2ccc(NC(=O)CCCCC[N+](C)(CC)Cc3ccccc3OC)cc2)cc1)Cc1ccccc1OC.[I-].[I-],6.919987152892072,1
CHEMBL172442,CC[N+](C)(CCCCCCOCCCCCCCCOCCCCCC[N+](C)(CC)Cc1ccccc1OC)Cc1ccccc1OC,7.110026361596004,1
CHEMBL3220806,CC[N+](CC)(CC)CCOCCOCCOC(=O)[C@]1(C)CCC[C@@]2(C)[C@@H]3CC[C@@]4(C)C[C@]3(CC[C@@H]21)CC4=O.[Br-],4.096910013008056,0
CHEMBL555247,CC[N+](CC)(CC)CCOc1cc(OCC[N+](CC)(CC)CC)c(C(=O)NCCCCCC(=O)NNc2c3c(nc4cc(Cl)ccc24)CCCC3)cc1OCC[N+](CC)(CC)CC.[Br-].[Br-].[Br-],8.184422251675732,1
CHEMBL540132,CC[N+](CC)(CC)CCOc1cc(OCC[N+](CC)(CC)CC)cc(C(=O)NCCCCCC(=O)NNc2c3c(nc4cc(Cl)ccc24)CCCC3)c1.[Br-].[Br-],8.170696227168975,1
CHEMBL1203986,CC[N+](CC)(CC)CCOc1cc(OCC[N+](CC)(CC)CC)cc(C(=O)NCCCCCC(=O)NNc2c3c(nc4ccccc24)CCCC3)c1.Cl.[Br-].[Br-],7.801342913045577,1
CHEMBL540131,CC[N+](CC)(CC)CCOc1ccc(C(=O)NCCCCCC(=O)NNc2c3c(nc4cc(Cl)ccc24)CCCC3)cc1.[Br-],8.26440110030182,1
CHEMBL1203985,CC[N+](CC)(CC)CCOc1ccc(C(=O)NCCCCCC(=O)NNc2c3c(nc4ccccc24)CCCC3)cc1.Cl.[Br-],8.118615343229427,1
CHEMBL360055,CC[N+](CC)(CC)CCOc1cccc(OCC[N+](CC)(CC)CC)c1OCC[N+](CC)(CC)CC,2.6757175447023074,0
CHEMBL5419243,CC[N+](CC)(CCCCCn1c(=O)cc(C)n(CCCCCCn2c(C)cc(=O)n(C)c2=O)c1=O)Cc1ccccc1C(F)(F)F.[Br-],9.698970004336019,1
CHEMBL5426103,CC[N+](CC)(CCCCCn1c(=O)cc(C)n(CCCCCn2c(C)cc(=O)n(C)c2=O)c1=O)Cc1ccccc1C(F)(F)F.[Br-],9.301029995663981,1
CHEMBL5417632,CC[N+](CC)(CCCCCn1c(=O)cc(C)n(CCCCn2c(C)cc(=O)n(C)c2=O)c1=O)Cc1ccccc1C(F)(F)F.[Br-],9.0,1
CHEMBL5418455,CC[N+](CC)(CCCCCn1c(=O)cc(C)n(CCCn2c(C)cc(=O)n(C)c2=O)c1=O)Cc1ccccc1C(F)(F)F.[Br-],8.698970004336019,1
CHEMBL5433692,CC[N+](CC)(CCCCCn1c(C)cc(=O)n(CCCCC[N+](CC)(CC)Cc2ccccc2)c1=O)Cc1ccccc1.[Br-].[Br-],9.853871964321762,1
CHEMBL3621322,CC[N+](CC)(CCCCCn1c(C)cc(=O)n(CCCCC[N+](CC)(CC)Cc2ccccc2[N+](=O)[O-])c1=O)Cc1ccccc1[N+](=O)[O-].[Br-].[Br-],9.853871964321762,1
CHEMBL3621332,CC[N+]1(Cc2ccccc2[N+](=O)[O-])CCCCCC[N+](CC)(Cc2ccccc2[N+](=O)[O-])CCCCCn2c(=O)cc(C)n(c2=O)CCCCC1.[Br-].[Br-],7.229147988357855,1
CHEMBL3621334,CC[N+]1(Cc2ccccc2[N+](=O)[O-])CCCCCn2c(C)cc(=O)n(c2=O)CCCCC[N+](CC)(Cc2ccccc2[N+](=O)[O-])CCCCCn2c(=O)cc(C)n(c2=O)CCCCC1.[Br-].[Br-],6.886056647693163,1
CHEMBL3621333,CC[N+]1(Cc2ccccc2[N+](=O)[O-])CCCCCn2c(C)cc(=O)n(c2=O)CCCCC[N+](CC)(Cc2ccccc2[N+](=O)[O-])Cc2ccc(cc2)C1.[Br-].[Br-],8.154901959985743,1
CHEMBL4175384,CC[n+]1cc(C(=O)NC)cc2c(OC(=O)N(C)C)cccc21.[I-],6.503070351926785,1
CHEMBL188753,CC[n+]1ccc(CCC(=O)C2Cc3cc(OC)c(OC)cc3S2)cc1,6.552841968657781,1
CHEMBL87128,CC[n+]1ccc(CCC(=O)c2cc3cc(OC)c(OC)cc3s2)cc1.[Br-],6.552841968657781,1
CHEMBL5593865,CCc1[nH]c2ccccc2c1CCN1CCC[C@H](CC)C1,4.0,0
CHEMBL583855,CCc1c(C(=O)NN2CCCCC2)nc(-c2ccccc2Cl)n1-c1ccc(Cl)cc1,4.499999953328896,0
CHEMBL90264,CCc1cc(=NCCC2CCN(Cc3ccccc3)CC2)[nH]nc1-c1ccccc1,7.568636235841013,1
CHEMBL1204296,CCc1cc(=NCCC2CCN(Cc3ccccc3)CC2)[nH]nc1-c1ccccc1.Cl.Cl.O,7.180456064458132,1
CHEMBL4855139,CCc1ccc(CN2CCC(c3cc4ccccc4o3)CC2)cc1,4.192262077985899,0
CHEMBL4069096,CCc1ccc(N2C(=O)C3CN(C)C4(C(=O)c5ccccc5C4=O)C3C2=O)cc1,4.351054817834328,0
CHEMBL103959,CCc1ccc(SC(=O)OCC[N+](C)(C)C)cc1.[Cl-],3.8010299956639813,0
CHEMBL121810,CCc1ccccc1NC(=O)Oc1ccc2c(c1)[C@]1(C)CCN(C)O[C@@H]1N2C,7.187086643357144,1
CHEMBL340391,CCc1ccccc1NC(=O)Oc1ccc2c(c1)[C@]1(C)CCN(C)[C@@H]1N2C,8.0,1
CHEMBL122834,CCc1ccccc1NC(=O)Oc1ccc2c(c1)[C@]1(C)CCN(C)[C@@H]1N2C.O=C(O)C(O)C(O)C(=O)O,8.0,1
CHEMBL519475,CCc1ccccc1NC(=O)Oc1ccc2c(c1)[C@]1(C)CC[N+](C)([O-])[C@@H]1N2C,6.903089986991944,1
CHEMBL539624,CCc1ccccc1NC(=O)Oc1ccc2c(c1)[C@]1(C)CC[N+](C)([O-])[C@@H]1N2C.Cl,6.903089986991944,1
CHEMBL538109,CCc1ccccc1NC(=O)Oc1ccc2c(c1)[C@]1(C)CC[N@@+](C)([O-])[C@@H]1N2C.Cl,6.903089986991944,1
CHEMBL5593372,CCc1ccccc1NC(=O)c1ccc(NS(=O)(=O)c2ccccc2)cc1,4.301029995663981,0
CHEMBL103153,CCc1ccccc1SC(=O)OCC[N+](C)(C)C.[Cl-],4.301029995663981,0
CHEMBL3343882,CCc1nc(C(=O)NCCCCCCNc2c3c(nc4ccccc24)CCCC3)cc2c1[nH]c1ccccc12,7.00788851221305,1
CHEMBL3085881,CCn1c(=O)n(C)s/c1=N\CCC1CCN(Cc2ccccc2)CC1,6.853871964321762,1
CHEMBL1082435,CCn1c(C)nc2cc(C(=O)CCC3CCN(Cc4ccccc4)CC3)ccc21,8.368255346653502,1
CHEMBL555075,CCn1c(C)nc2cc(C(=O)CCC3CCN(Cc4ccccc4)CC3)ccc21.Cl,8.366531544420413,1
CHEMBL3425895,CCn1c2ccccc2c2cc(/C=C/c3ccc4ccccc4[n+]3C)ccc21.[I-],6.522878745280337,1
CHEMBL238256,CN(C(=O)Oc1ccc(Nc2ccc(C(F)(F)F)cn2)cc1)c1ccccc1,4.301029995663981,0
CHEMBL391356,CN(C(=O)Oc1ccc(Oc2c(Cl)cncc2Cl)cc1)c1ccccc1,4.301029995663981,0
CHEMBL235759,CN(C(=O)Oc1ccc(Oc2ccc(C(F)(F)F)cn2)cc1)C(C)(C)C,4.301029995663981,0
CHEMBL438324,CN(C(=O)Oc1ccc(Oc2ccc(C(F)(F)F)cn2)cc1)C1CCCCC1,4.301029995663981,0
CHEMBL241761,CN(C(=O)Oc1ccc(Oc2ccc(C(F)(F)F)cn2)cc1)c1ccc(Cl)cc1,4.301029995663981,0
CHEMBL392385,CN(C(=O)Oc1ccc(Oc2ccc(C(F)(F)F)cn2)cc1)c1cccc(Cl)c1,4.301029995663981,0
CHEMBL238085,CN(C(=O)Oc1ccc(Oc2ccc(C(F)(F)F)cn2)cc1)c1ccccc1,4.301029995663981,0
CHEMBL241760,CN(C(=O)Oc1ccc(Oc2ccc(C(F)(F)F)cn2)cc1)c1ccccc1Cl,4.301029995663981,0
CHEMBL235751,CN(C(=O)Oc1ccc(Oc2ccc(Cl)cn2)cc1)c1ccccc1,4.301029995663981,0
CHEMBL238764,CN(C(=O)Oc1ccc(Oc2ccccc2)cc1)c1ccccc1,4.301029995663981,0
CHEMBL238067,CN(C(=O)Oc1ccc(Oc2ncc(C(F)(F)F)cc2Cl)cc1)c1ccccc1,4.301029995663981,0
CHEMBL239418,CN(C(=O)Oc1ccc(Oc2ncc(Cl)cc2Cl)cc1)c1ccccc1,4.301029995663981,0
CHEMBL131588,CN(C(=O)n1nc(-c2ccc(Cl)cc2)nc1SCC(F)(F)F)c1ccccc1,4.301029995663981,0
CHEMBL1952053,CN(C)C(/C=N/O)=N\C1CC1.Cl,3.6989700043360187,0
CHEMBL1952054,CN(C)C(/C=N/O)=N\C1CCC1.Cl,3.6989700043360187,0
CHEMBL1952055,CN(C)C(/C=N/O)=N\Cc1ccccc1.Cl,3.6989700043360187,0
CHEMBL1952056,CN(C)C(/C=N/O)=N\c1ccccc1.Cl,3.6989700043360187,0
CHEMBL3785391,CN(C)C(=O)NC1CCc2cc(O)ccc2C1,8.145086977692145,1
CHEMBL3786937,CN(C)C(=O)N[C@H]1CCc2c(O)cccc2C1,6.879327376717392,1
CHEMBL3785207,CN(C)C(=O)N[C@H]1CCc2ccc(O)cc2C1,6.985899678480379,1
CHEMBL521589,CN(C)C(=O)Oc1cc(OC(=O)N(C)C)cc(C(O)CNC(C)(C)C)c1,4.642159058960253,0
CHEMBL1084785,CN(C)C(=O)Oc1ccc(-c2cn3c(C(F)(F)F)cccc3[n+]2C)cc1.[Cl-],5.0,0
CHEMBL1085758,CN(C)C(=O)Oc1ccc(-c2cn3c(Cl)cccc3[n+]2C)cc1.[Cl-],4.899629454882437,0
CHEMBL1085028,CN(C)C(=O)Oc1ccc(-c2cn3c(NC(=O)c4ccccc4)cccc3[n+]2C)cc1.[Cl-],6.698970004336019,1
CHEMBL1084784,CN(C)C(=O)Oc1ccc(-c2cn3ccccc3[n+]2C)cc1.Cc1ccc(S(=O)(=O)[O-])cc1,4.767003889607846,0
CHEMBL4645476,CN(C)C(=O)Oc1ccc(C(O)CNC2CCCCC2)cc1.Cl,3.575118363368933,0
CHEMBL239207,CN(C)C(=O)Oc1ccc(Oc2ncc(Cl)cc2Cl)cc1,4.301029995663981,0
CHEMBL197696,CN(C)C(=O)Oc1ccc2c(c1)C=CCN(C)[C@@H]2CCOc1ccc([N+](=O)[O-])cc1,7.853871964321762,1
CHEMBL308043,CN(C)C(=O)Oc1ccc2c(c1)[C@]1(C)CCN(C)[C@@H]1N2C,6.621399905565963,1
CHEMBL1082749,CN(C)C(=O)Oc1cccc(-c2cn3c(C(F)(F)F)cccc3[n+]2C)c1.[Cl-],4.473660722610156,0
CHEMBL1085279,CN(C)C(=O)Oc1cccc(-c2cn3c(Cl)cccc3[n+]2C)c1.[Cl-],4.899629454882437,0
CHEMBL4635686,CN(C)C(=O)Oc1cccc(C(O)CNC2CCCCC2)c1.Cl,3.1012748184105066,0
CHEMBL147524,CN(C)C(=O)Oc1cccc(CCN)c1,6.638272163982407,1
CHEMBL54126,CN(C)C(=O)Oc1cccc([N+](C)(C)C)c1.[Br-],7.54259131820053,1
CHEMBL4173000,CN(C)C(=O)Oc1cccc2c1CC(C(=O)NCCOCCOCCN1C(=O)c3ccccc3C1=O)=CN2C,5.0,0
CHEMBL544398,CN(C)C(=O)Oc1cccc2c1CCC2N(C)C.Cl,7.886056647693163,1
CHEMBL554452,CN(C)C(=O)Oc1cccc2c1CCC2N.Cl,8.045757490560675,1
CHEMBL4177075,CN(C)C(=O)Oc1cccc2c1cc(C(=O)N(C)C)c[n+]2C.[I-],6.812479279163537,1
CHEMBL4160280,CN(C)C(=O)Oc1cccc2c1cc(C(=O)NC1CCCCC1)c[n+]2C.[I-],7.698970004336019,1
CHEMBL4165100,CN(C)C(=O)Oc1cccc2c1cc(C(=O)NCCOCCO)c[n+]2C.COS(=O)(=O)[O-],7.431798275933005,1
CHEMBL4168520,CN(C)C(=O)Oc1cccc2c1cc(C(=O)NCCOCCOCCN1C(=O)c3ccccc3C1=O)c[n+]2C.O=S(=O)([O-])C(F)(F)F,8.221848749616356,1
CHEMBL4168588,CN(C)C(=O)Oc1cccc2c1cc(C(=O)Nc1ccccc1)c[n+]2C.[I-],7.522878745280337,1
CHEMBL5189830,CN(C)C1CCC(CCN(CCCc2c[nH]c3ccccc23)CCC2CCCCCC2)CC1,4.9837659492936535,0
CHEMBL179218,CN(C)CC/N=C(/S)Nc1ccc(S(N)(=O)=O)cc1,3.6989700043360187,0
CHEMBL549,CN(C)CCCC1(c2ccc(F)cc2)OCc2cc(C#N)ccc21,4.134896025358872,0
CHEMBL1084368,CN(C)CCCCCCCCCCCCNc1c2c(nc3ccccc13)CCCC2,6.578396073130169,1
CHEMBL1084367,CN(C)CCCCCCCCCCNc1c2c(nc3ccccc13)CCCC2,7.346787486224656,1
CHEMBL1084095,CN(C)CCCCCCCCCNc1c2c(nc3ccccc13)CCCC2,7.1487416512809245,1
CHEMBL1084094,CN(C)CCCCCCCCNc1c2c(nc3ccccc13)CCCC2,7.327902142064283,1
CHEMBL1083791,CN(C)CCCCCCCNc1c2c(nc3ccccc13)CCCC2,7.2839966563652006,1
CHEMBL3338994,CN(C)CCCCCCOc1ccc(C(=O)/C=C/c2ccccc2)cc1,4.846490010699163,0
CHEMBL3338993,CN(C)CCCCCOc1ccc(C(=O)/C=C/c2ccccc2)cc1,4.883724412419456,0
CHEMBL2396910,CN(C)CCCN(c1nc2ccccc2[nH]1)c1nc2ccccc2[nH]1,4.224171185535387,0
CHEMBL5440621,CN(C)CCCN1C(=O)CSC1c1ccc(Cl)cc1.Cl,3.699485003797094,0
CHEMBL5421973,CN(C)CCCN1C(=O)CSC1c1ccc(Cl)cc1Cl.Cl,4.504319129747311,0
CHEMBL1202939,CN(C)CCCN1C(=O)CSC1c1ccc(F)cc1.Cl,3.649485004891946,0
CHEMBL5427383,CN(C)CCCN1C(=O)CSC1c1ccc(F)cc1Cl.Cl,4.0915149811213505,0
CHEMBL5416845,CN(C)CCCN1C(=O)CSC1c1ccc(F)cc1F.Cl,4.011138197355576,0
CHEMBL5405571,CN(C)CCCN1C(=O)CSC1c1ccc2c(c1)OCO2.Cl,3.9788107009300617,0
CHEMBL5397966,CN(C)CCCN1C(=O)CSC1c1cccc(Cl)c1.Cl,4.6020599913279625,0
CHEMBL1202933,CN(C)CCCN1C(=O)CSC1c1cccc(F)c1.Cl,4.013228265733755,0
CHEMBL5419436,CN(C)CCCN1C(=O)CSC1c1cccc2ccccc12.Cl,3.752026733638193,0
CHEMBL5403260,CN(C)CCCN1C(=O)CSC1c1ccccc1Cl.Cl,3.886447602851927,0
CHEMBL5404393,CN(C)CCCN1C(=O)CSC1c1ccccc1F.Cl,3.5994849994328524,0
CHEMBL5409526,CN(C)CCCN1C(=O)CSC1c1ccccn1.Cl,3.6989700043360187,0
CHEMBL5404712,CN(C)CCCN1C(=O)CSC1c1cccnc1.Cl,3.701146923590293,0
CHEMBL1202930,CN(C)CCCN1C(=O)CSC1c1ccncc1.Cl,3.6989700043360187,0
CHEMBL3338991,CN(C)CCCOc1ccc(C(=O)/C=C/c2ccccc2)cc1,4.980053318321158,0
CHEMBL4289104,CN(C)CCCOc1cccc(/C=C2\COc3ccccc3C2=O)c1,4.5897290357478155,0
CHEMBL296669,CN(C)CCCS/C(=N\O)C(=O)c1ccc(Br)cc1.O=C(O)C(=O)O,3.0,0
CHEMBL3605437,CN(C)CCC[C@@]1(c2ccc(F)cc2)OCc2cc(-c3nnc(-c4ccc(-c5nnn[nH]5)cc4)[nH]3)ccc21,3.5991685508837747,0
CHEMBL3605426,CN(C)CCC[C@@]1(c2ccc(F)cc2)OCc2cc(-c3nnc(-c4ccc(F)cc4)[nH]3)ccc21,3.583975595973466,0
CHEMBL3605432,CN(C)CCC[C@@]1(c2ccc(F)cc2)OCc2cc(-c3nnc(-c4ccc(I)cc4)[nH]3)ccc21,3.3010299956639813,0
CHEMBL3605314,CN(C)CCC[C@@]1(c2ccc(F)cc2)OCc2cc(-c3nnc(-c4ccc(O)cc4)[nH]3)ccc21,3.4116610527660463,0
CHEMBL3605428,CN(C)CCC[C@@]1(c2ccc(F)cc2)OCc2cc(-c3nnc(-c4cccc(Br)c4)[nH]3)ccc21,3.3010299956639813,0
CHEMBL3605422,CN(C)CCC[C@@]1(c2ccc(F)cc2)OCc2cc(-c3nnc(-c4cccc(Cl)c4)[nH]3)ccc21,3.3845128816013417,0
CHEMBL3605425,CN(C)CCC[C@@]1(c2ccc(F)cc2)OCc2cc(-c3nnc(-c4cccc(F)c4)[nH]3)ccc21,3.3010299956639813,0
CHEMBL3605431,CN(C)CCC[C@@]1(c2ccc(F)cc2)OCc2cc(-c3nnc(-c4cccc(I)c4)[nH]3)ccc21,3.3010299956639813,0
CHEMBL3605310,CN(C)CCC[C@@]1(c2ccc(F)cc2)OCc2cc(-c3nnc(-c4cccc(N)c4)[nH]3)ccc21,3.3010299956639813,0
CHEMBL3605313,CN(C)CCC[C@@]1(c2ccc(F)cc2)OCc2cc(-c3nnc(-c4cccc(O)c4)[nH]3)ccc21,3.3010299956639813,0
CHEMBL3605316,CN(C)CCC[C@@]1(c2ccc(F)cc2)OCc2cc(-c3nnc(-c4cccc([N+](=O)[O-])c4)[nH]3)ccc21,3.8593976919796678,0
CHEMBL3605308,CN(C)CCC[C@@]1(c2ccc(F)cc2)OCc2cc(-c3nnc(-c4ccccc4)[nH]3)ccc21,3.3010299956639813,0
CHEMBL3605424,CN(C)CCC[C@@]1(c2ccc(F)cc2)OCc2cc(-c3nnc(-c4ccccc4F)[nH]3)ccc21,3.7269755661815354,0
CHEMBL3605430,CN(C)CCC[C@@]1(c2ccc(F)cc2)OCc2cc(-c3nnc(-c4ccccc4I)[nH]3)ccc21,3.5082042286864086,0
CHEMBL3605309,CN(C)CCC[C@@]1(c2ccc(F)cc2)OCc2cc(-c3nnc(-c4ccccc4N)[nH]3)ccc21,3.4440354152585777,0
CHEMBL6120750,CN(C)CCN1CCN(Cc2ccc(C(=O)Nc3nc4ccccc4s3)cc2)CC1,7.6307841425898575,1
CHEMBL1301463,CN(C)CCN=C(S)Nc1cccc(Cl)c1,3.853871964321762,0
CHEMBL4100253,CN(C)CCNC(=S)Nc1ccccc1Cl.O=S(=O)(O)O,3.6989700043360187,0
CHEMBL2413746,CN(C)CCOc1ccc(-c2nc3ccccc3[nH]2)cc1,4.9714287473074625,0
CHEMBL541044,CN(C)CCS/C(=N\O)C(=O)c1ccc(Br)cc1.Cl,3.1487416512809245,0
CHEMBL542360,CN(C)CCS/C(=N\O)C(=O)c1ccc(Cl)cc1.Cl,3.0,0
CHEMBL151368,CN(C)CCc1cccc(OC(=O)N(C)C)c1,6.795880017344075,1
CHEMBL477770,CN(C)Cc1c(O)c(O)c(O)c2c(=O)cc(-c3ccccc3)oc12,4.086239113587677,0
CHEMBL4276921,CN(C)Cc1cc(N)ccc1O.Cl.Cl,2.813467435407603,0
CHEMBL12937,CN(C)Cc1ccc(CSCCCCSCc2ccc(CN(C)C)o2)o1,6.6777807052660805,1
CHEMBL13206,CN(C)Cc1ccc(CSCCN/C=C(/NCCSCc2ccc(CN(C)C)o2)[N+](=O)[O-])o1,7.130768280269024,1
CHEMBL12858,CN(C)Cc1ccc(CSCCNC(=NC#N)NCCSCc2ccc(CN(C)C)o2)o1,6.5376020021010435,1
CHEMBL13214,CN(C)Cc1ccc(CSCCNC(=O)NCCSCc2ccc(CN(C)C)o2)o1,4.318758762624412,0
CHEMBL104681,CN(C)Cc1ccc(CSCCNc2cc(F)c([N+](=O)[O-])cc2[N+](=O)[O-])o1,6.920818753952375,1
CHEMBL107892,CN(C)Cc1ccc(CSCCNc2cc(N)c([N+](=O)[O-])cc2[N+](=O)[O-])o1,7.080921907623926,1
CHEMBL13122,CN(C)Cc1ccc(CSCCNc2cc(NCCSCc3ccc(CN(C)C)o3)c([N+](=O)[O-])cc2[N+](=O)[O-])o1,7.552841968657781,1
CHEMBL107673,CN(C)Cc1ccc(CSCCNc2cc(NCc3cccnc3)c([N+](=O)[O-])cc2[N+](=O)[O-])o1,6.508638306165727,1
CHEMBL321605,CN(C)Cc1ccc(CSCCNc2cc(NN)c([N+](=O)[O-])cc2[N+](=O)[O-])o1,7.119186407719209,1
CHEMBL327135,CN(C)Cc1ccc(CSCCNc2cc(Oc3ccc([N+](=O)[O-])cc3)c([N+](=O)[O-])cc2[N+](=O)[O-])o1,6.568636235841013,1
CHEMBL316973,CN(C)Cc1ccc(CSCCNc2ccc([N+](=O)[O-])cc2[N+](=O)[O-])o1,6.698970004336019,1
CHEMBL12781,CN(C)Cc1ccc(CSCc2ccc(-c3ccc(CSCc4ccc(CN(C)C)o4)cc3)cc2)o1,6.7447274948966935,1
CHEMBL13522,CN(C)Cc1ccc(CSCc2ccc(CN(C)C)o2)o1,4.356547323513812,0
CHEMBL12472,CN(C)Cc1ccc(CSCc2ccc(CSCc3ccc(CN(C)C)o3)cc2)o1,6.585026652029182,1
CHEMBL3786873,CN(C)S(=O)(=O)NC1CCc2c(O)cccc2C1,7.510744831630739,1
CHEMBL3786719,CN(C)S(=O)(=O)NC1CCc2ccc(O)cc2C1,7.432150549426893,1
CHEMBL3786442,CN(C)S(=O)(=O)N[C@H]1CCc2cc(O)ccc2C1,7.554863031286696,1
CHEMBL187370,CN(C)c1ccc(-c2c3cc(O)c(=O)cc-3oc3cc(O)c(O)cc23)cc1,4.657577319177793,0
CHEMBL3289939,CN(C)c1ccc(/C=C/C(=O)/C=C/c2ccc(N(C)C)cc2[N+](=O)[O-])c([N+](=O)[O-])c1,4.0,0
CHEMBL3289943,CN(C)c1ccc(/C=C/C(=O)C2CCc3ccccc3C2=O)cc1,4.4040630937308265,0
CHEMBL3289934,CN(C)c1ccc(/C=C2/CCC/C(=C\c3ccc(N(C)C)cc3[N+](=O)[O-])C2=O)c([N+](=O)[O-])c1,4.3439976793170425,0
CHEMBL3289938,CN(C)c1ccc(/C=C2/CN(Cc3ccccc3)C/C(=C\c3ccc(N(C)C)cc3[N+](=O)[O-])C2=O)c([N+](=O)[O-])c1,4.0,0
CHEMBL4540497,CN(C)c1ccc(/C=C2/S/C(=N/c3ccc4oc(=O)ccc4c3)NC2=O)cc1,7.075720713938118,1
CHEMBL3289940,CN(C)c1ccc(/C=C2\CC/C(=C\c3ccc(N(C)C)cc3[N+](=O)[O-])C2=O)c([N+](=O)[O-])c1,4.0,0
CHEMBL3289942,CN(C)c1ccc(/C=C2\CCc3ccccc3C2=O)c([N+](=O)[O-])c1,4.100672050122346,0
CHEMBL3289941,CN(C)c1ccc(/C=C2\Cc3ccccc3C2=O)c([N+](=O)[O-])c1,4.0,0
CHEMBL4441237,CN(C)c1ccc(/C=N/c2ccc3oc(=O)ccc3c2)cc1,7.3872161432802645,1
CHEMBL3604199,CN(C)c1ccc(C(=O)NCCCCCCCCCNc2c3c(nc4ccccc24)CCCC3)cc1.Cl,6.903089986991944,1
CHEMBL3604198,CN(C)c1ccc(C(=O)NCCCCCCCCNc2c3c(nc4ccccc24)CCCC3)cc1.Cl,7.113509274827518,1
CHEMBL3604197,CN(C)c1ccc(C(=O)NCCCCCCCNc2c3c(nc4ccccc24)CCCC3)cc1.Cl,7.1249387366083,1
CHEMBL3604196,CN(C)c1ccc(C(=O)NCCCCCCNc2c3c(nc4ccccc24)CCCC3)cc1.Cl,7.1938200260161125,1
CHEMBL3604194,CN(C)c1ccc(C(=O)NCCCCNc2c3c(nc4ccccc24)CCCC3)cc1.Cl,6.530177984021837,1
CHEMBL3604193,CN(C)c1ccc(C(=O)NCCCNc2c3c(nc4ccccc24)CCCC3)cc1.Cl,7.721246399047171,1
CHEMBL4176034,CN(C)c1ccc(C2NC(=S)Nc3nc4c(c(N)c32)CCCC4)cc1,4.617982957425132,0
CHEMBL157336,CN(C)c1ccc(CC(=O)NCCCCCCCCCCCCNC23CC4CC(CC(C4)C2)C3)cc1,4.0,0
CHEMBL153934,CN(C)c1ccc(CC(=O)NCCCCCCCCCCNC23CC4CC(CC(C4)C2)C3)cc1,4.0,0
CHEMBL357551,CN(C)c1ccc(CC(=O)NCCCCCCCCNC23CC4CC(CC(C4)C2)C3)cc1,4.0,0
CHEMBL2147462,CN(C)c1ccccc1CNCCCCCCCCCNc1c2c(nc3ccccc13)CCCC2,8.453457336521868,1
CHEMBL2147461,CN(C)c1ccccc1CNCCCCCCCCNc1c2c(nc3ccccc13)CCCC2,8.393618634889394,1
CHEMBL2147460,CN(C)c1ccccc1CNCCCCCCCNc1c2c(nc3ccccc13)CCCC2,8.285670240254767,1
CHEMBL2064464,CN(CCC(=O)N1CCN(CCNc2c3c(nc4ccccc24)CCCC3)CC1)C1CCCCC1,7.826813731587726,1
CHEMBL2064466,CN(CCC(=O)N1CCN(CCNc2c3c(nc4ccccc24)CCCC3)CC1)c1ccccc1,7.153044674980176,1
CHEMBL3322157,CN(CCC(=O)NCCCCNc1c2c(nc3ccccc13)CCCC2)C1CCCCC1,6.982966660701219,1
CHEMBL5408499,CN(CCC1CCCCCC1)Cc1c[nH]c2c(O)cccc12,4.935804164135357,0
CHEMBL5429608,CN(CCC1CCCCCC1)Cc1c[nH]c2c(OC(=O)N(C)C(C)(C)C)cccc12,4.998179782961672,0
CHEMBL5180743,CN(CCC1CCCCCC1)Cc1c[nH]c2ccccc12,4.598599459218456,0
CHEMBL56470,CN(CCC1CCN(Cc2ccccc2)CC1)C(=O)c1ccccc1,6.769551078621726,1
CHEMBL5207319,CN(CCC1CCN(Cc2ccccc2)CC1)Cc1c[nH]c2ccccc12,4.4699284311626215,0
CHEMBL224555,CN(CCCCCCCCCCCCOc1ccc2c(=O)c3ccccc3oc2c1)Cc1ccccc1,3.041914151478915,0
CHEMBL5270722,CN(CCCCCCCCCCCCn1cc(C=O)c2cc(O)ccc21)Cc1cccc(O)c1,3.7508261105928877,0
CHEMBL224347,CN(CCCCCCCCCCCOc1ccc2c(=O)c3ccccc3oc2c1)Cc1ccccc1,3.2034256667895704,0
CHEMBL390598,CN(CCCCCCCCCCOc1ccc2c(=O)c3ccccc3oc2c1)Cc1ccccc1,3.4111682744057927,0
CHEMBL427090,CN(CCCCCCCCCOc1ccc2c(=O)c3ccccc3oc2c1)Cc1ccccc1,3.8181564120552274,0
CHEMBL224469,CN(CCCCCCCCOc1ccc2c(=O)c3ccccc3oc2c1)Cc1ccccc1,4.987162775294828,0
CHEMBL497755,CN(CCCCCCCOc1ccc(-c2cc3ccccc3o2)cc1)Cc1ccccc1,4.486782399932061,0
CHEMBL2160220,CN(CCCCCCCOc1ccc(-c2oc3ccccc3c2C(=O)c2c3ccccc3cc3ccccc23)cc1)Cc1ccccc1,4.169411331314856,0
CHEMBL2160225,CN(CCCCCCCOc1ccc(-c2oc3ccccc3c2C(=O)c2ccc(OCCN3CCOCC3)cc2)cc1)Cc1ccccc1,4.4089353929735005,0
CHEMBL2160217,CN(CCCCCCCOc1ccc(-c2oc3ccccc3c2C(=O)c2cccc3ccccc23)cc1)Cc1ccccc1,3.9956786262173574,0
CHEMBL511575,CN(CCCCCCCOc1ccc(-c2oc3ccccc3c2C(=O)c2ccccc2)cc1)Cc1ccccc1,4.39040559077478,0
CHEMBL223652,CN(CCCCCCCOc1ccc2c(=O)c3ccccc3oc2c1)Cc1ccc(Cl)cc1,2.9788107009300617,0
CHEMBL375976,CN(CCCCCCCOc1ccc2c(=O)c3ccccc3oc2c1)Cc1cccc(Cl)c1,3.2262135550188065,0
CHEMBL225453,CN(CCCCCCCOc1ccc2c(=O)c3ccccc3oc2c1)Cc1ccccc1Cl,3.3635121036466344,0
CHEMBL224811,CN(CCCCCCCOc1ccc2c(=O)c3ccccc3oc2c1)Cc1ccccc1[N+](=O)[O-],3.384049948343599,0
CHEMBL371798,CN(CCCCCCCOc1ccc2c(c1)O/C(=C\c1cccc3ccccc13)C2=O)Cc1cccc(O)c1,1.3045183235098026,0
CHEMBL2160227,CN(CCCCCCCOc1cccc(-c2oc3ccccc3c2C(=O)c2ccccc2)c1)Cc1ccccc1,6.619788758288394,1
CHEMBL4291591,CN(CCCCCCOc1ccc(/C=C2\COc3ccccc3C2=O)cc1)Cc1ccccc1,4.388276691992658,0
CHEMBL4276675,CN(CCCCCN1C(=O)c2ccccc2S1(=O)=O)Cc1ccccc1,7.481486060122112,1
CHEMBL2160213,CN(CCCCCOc1ccc(-c2cc3ccccc3o2)cc1)Cc1ccccc1,3.6675615400843946,0
CHEMBL3828293,CN(CCCCCOc1ccc2ccc(=O)oc2c1)Cc1cccc(OC(=O)NCCCCCc2ccccc2)c1,7.055024091587952,1
CHEMBL3099500,CN(CCCCNc1c2c(nc3c(NC(=O)CNC(=O)CC[C@H](NC(=O)CNC(=O)OCc4ccccc4)C(=O)N[C@@H](Cc4ccccc4)C(=O)OCc4ccccc4)cccc13)CCCC2)CCCNc1c2c(nc3ccccc13)CCCC2,3.94692155651658,0
CHEMBL1084257,CN(CCCCNc1ccc(-c2ccccc2)nn1)Cc1ccccc1,4.958607314841775,0
CHEMBL2064468,CN(CCCN1CCN(CCNc2c3c(nc4ccccc24)CCCC3)CC1)C1CCCCC1,7.39040559077478,1
CHEMBL2064470,CN(CCCN1CCN(CCNc2c3c(nc4ccccc24)CCCC3)CC1)c1ccccc1,7.071604147743286,1
CHEMBL388551,CN(CCCNC(=O)CCc1c[nH]c2ccccc12)CCCNc1c2c(nc3cc(Cl)ccc13)CCCC2,8.537602002101044,1
CHEMBL224336,CN(CCCNC(=O)CCc1c[nH]c2ccccc12)CCCNc1c2c(nc3ccccc13)CCCC2,6.8326826652518236,1
CHEMBL338755,CN(CCCNc1c2c(nc3ccccc13)CCCC2)CCCNc1c2c(nc3ccccc13)CCCC2,9.522878745280337,1
CHEMBL1083055,CN(CCCNc1ccc(-c2ccccc2)nn1)Cc1ccccc1,4.886056647693163,0
CHEMBL127857,CN(CCCOc1ccc2c(=O)c3ccccc3oc2c1)Cc1cccc(OC(=O)NCCCCCCCCCN2CCOCC2)c1,7.66250178307319,1
CHEMBL127465,CN(CCCOc1ccc2c(=O)c3ccccc3oc2c1)Cc1cccc(OC(=O)NCCCCCCCCN2CCOCC2)c1,7.562249437179612,1
CHEMBL340171,CN(CCCOc1ccc2c(=O)c3ccccc3oc2c1)Cc1cccc(OC(=O)NCCCCCCCN2CCOCC2)c1,7.581698708680254,1
CHEMBL340228,CN(CCCOc1ccc2c(=O)c3ccccc3oc2c1)Cc1cccc(OC(=O)NCCCCCCN2CCOCC2)c1,7.675717544702307,1
CHEMBL128260,CN(CCCOc1ccc2c(=O)c3ccccc3oc2c1)Cc1cccc(OC(=O)Nc2ccccc2)c1,8.55284196865778,1
CHEMBL2047531,CN(CCCOc1ccc2c(=O)c3cccnc3oc2c1)Cc1cccc(OC(=O)NCCCCCCCN2CCOCC2)c1,6.856985199745905,1
CHEMBL2047530,CN(CCCOc1ccc2c(=O)c3cccnc3oc2c1)Cc1cccc(OC(=O)NCCCCCc2ccccc2)c1,7.048176964684088,1
CHEMBL3827734,CN(CCCOc1ccc2c3c(c(=O)oc2c1)CCCC3)Cc1cccc(OC(=O)NCCCCCc2ccccc2)c1,7.046240308266771,1
CHEMBL3828631,CN(CCCOc1ccc2cc(-c3ccccc3)c(=O)oc2c1)Cc1cccc(OC(=O)NCCCCCc2ccccc2)c1,6.903089986991944,1
CHEMBL5220375,CN(CCCOc1ccc2ccc(=O)oc2c1)Cc1cccc(OC(=O)NC2CCCCC2)c1,6.982966660701219,1
CHEMBL2047529,CN(CCCOc1ccc2ccc(=O)oc2c1)Cc1cccc(OC(=O)NCCCCCCCN2CCOCC2)c1,6.924453038607469,1
CHEMBL3827432,CN(CCCOc1ccc2ccc(=O)oc2c1)Cc1cccc(OC(=O)NCCCCCCc2ccccc2)c1,6.962573502059376,1
CHEMBL2047528,CN(CCCOc1ccc2ccc(=O)oc2c1)Cc1cccc(OC(=O)NCCCCCc2ccccc2)c1,7.125518182300533,1
CHEMBL1086185,CN(CCNc1ccc(-c2ccccc2)nn1)Cc1ccccc1,3.769551078621726,0
CHEMBL101809,CN(CCOCCNC(=S)NC(=O)c1ccc(-c2ccccc2)cc1)Cc1ccccc1,6.638272163982407,1
CHEMBL101940,CN(CCOCCNC(=S)NC(=O)c1ccc(Cl)c(Cl)c1)Cc1ccccc1,7.259637310505756,1
CHEMBL101518,CN(CCOCCNC(=S)NC(=O)c1ccc(Cl)cc1)Cc1ccccc1,7.522878745280337,1
CHEMBL1085030,CN(CCOCCNC(=S)NC(=O)c1ccc2c(c1)C(=O)c1ccccc1-2)Cc1ccccc1,7.522878745280337,1
CHEMBL1085031,CN(CCOCCNC(=S)NC(=O)c1ccc2c(c1)C(=O)c1ccccc1C2=O)Cc1ccccc1,8.221848749616356,1
CHEMBL100510,CN(CCOCCNC(=S)NC(=O)c1ccc2ccccc2c1)Cc1ccccc1,7.0,1
CHEMBL430679,CN(CCOCCNC(=S)NC(=O)c1cccc([N+](=O)[O-])c1)Cc1ccccc1,7.823908740944319,1
CHEMBL317541,CN(CCOCCNC(=S)NC(=O)c1ccccc1)C1CCCCC1,7.886056647693163,1
CHEMBL100334,CN(CCOCCNC(=S)NC(=O)c1ccccc1)Cc1ccccc1,6.920818753952375,1
CHEMBL420827,CN(CCOCCNC(=S)Nc1cccc2ccccc12)Cc1ccccc1,5.0,0
CHEMBL5426641,CN(CCc1ccc(O)cc1)Cc1cc2c(cc1-c1cccc3c1N(C)CC3)OCO2,4.0,0
CHEMBL5573115,CN(CCc1cccnc1)Cc1ccc(COc2ccc3c(CO)cc(=O)oc3c2)cc1,4.97469413473523,0
CHEMBL5590122,CN(Cc1ccc(COc2ccc3c(CO)cc(=O)oc3c2)cc1)Cc1ccsc1,6.583359492661719,1
CHEMBL235761,CN(Cc1ccccc1)C(=O)Oc1ccc(Oc2ccc(C(F)(F)F)cn2)cc1,4.301029995663981,0
CHEMBL244624,CN(Cc1ccccc1)Cc1ccc(-c2cc3cc(N)ccc3oc2=O)cc1,6.55129368009492,1
CHEMBL244619,CN(Cc1ccccc1)Cc1ccc(-c2cc3cc([N+](=O)[O-])ccc3oc2=O)cc1,6.8297382846050425,1
CHEMBL599644,CN(Cc1ccccc1)Cc1ccc(/C=C2\CCc3cc(OCCCCCN4CCCCC4)ccc3C2=O)cc1,7.2839966563652006,1
CHEMBL3597548,CN(Cc1ccccc1)Cc1ccc(/C=C2\Cc3ccc(OCCCCCN4CCC(c5ccccc5)CC4)cc3C2=O)cc1,4.207608310501746,0
CHEMBL603256,CN(Cc1ccccc1)Cc1ccc(/C=C2\Cc3ccc(OCCCCCN4CCCCC4)cc3C2=O)cc1,6.698970004336019,1
CHEMBL597822,CN(Cc1ccccc1)Cc1ccc(/C=C2\Cc3ccc(OCCCCN4CCCCC4)cc3C2=O)cc1,6.7447274948966935,1
CHEMBL597406,CN(Cc1ccccc1)Cc1ccc(/C=C2\Cc3ccccc3C2=O)cc1,4.931814138253839,0
CHEMBL1773481,CN(Cc1ccccc1)Cc1ccc(C(=O)c2ccc(NC(=O)CCCCN3CCCCC3)cc2)cc1,6.663540266151471,1
CHEMBL1773491,CN(Cc1ccccc1)Cc1ccc(C(=O)c2ccc(OCCCCCCCN3CCCCC3)cc2)cc1,6.958607314841775,1
CHEMBL1773489,CN(Cc1ccccc1)Cc1ccc(C(=O)c2ccc(OCCCCCCN3CCCCC3)cc2)cc1,6.6777807052660805,1
CHEMBL1773487,CN(Cc1ccccc1)Cc1ccc(C(=O)c2ccc(OCCCCCN3CCCCC3)cc2)cc1,6.844663962534939,1
CHEMBL1773485,CN(Cc1ccccc1)Cc1ccc(C(=O)c2ccc(OCCCN3CCC(n4c(=O)[nH]c5ccccc54)CC3)cc2)cc1,7.167491087293763,1
CHEMBL1773483,CN(Cc1ccccc1)Cc1ccc(C(=O)c2ccc(OCCCN3CCCCC3)cc2)cc1,7.619788758288394,1
CHEMBL1773484,CN(Cc1ccccc1)Cc1ccc(C(=O)c2ccc(OCCCN3CCOCC3)cc2)cc1,6.97061622231479,1
CHEMBL491562,CN(Cc1ccccc1)Cc1ccc(C(=O)c2ccc3ccccc3c2)cc1,4.707743928643524,0
CHEMBL3586771,CN(Cc1ccccc1)Cc1ccc(COc2ccc3c(CO)cc(=O)oc3c2)cc1,6.920818753952375,1
CHEMBL3586608,CN(Cc1ccccc1)Cc1ccc(COc2ccc3c(CO)cc(=O)oc3c2)cc1.Cl,6.920818753952375,1
CHEMBL4446287,CN(Cc1ccnc(NC(=O)Nc2cccc3c2C2CCCCN2C3=O)c1)Cc1cn(CCNc2c3c(nc4ccccc24)CCCC3)nn1,7.23210238398191,1
CHEMBL1179697,CN1C(=O)Cc2cc3c(CCC4CCN(Cc5ccccc5)CC4)noc3cc21,9.320027305722581,1
CHEMBL94546,CN1C(=O)Cc2cc3c(CCC4CCN(Cc5ccccc5)CC4)noc3cc21.CS(=O)(=O)O,9.318758762624412,1
CHEMBL426441,CN1C(=O)Cc2cc3onc(CCC4CCN(Cc5ccccc5)CC4)c3cc21,9.318758762624412,1
CHEMBL3289937,CN1C/C(=C/c2ccc(N(C)C)cc2[N+](=O)[O-])C(=O)/C(=C/c2ccc(N(C)C)cc2[N+](=O)[O-])C1,7.2441251443275085,1
CHEMBL779,CN1CC(=O)N2[C@H](c3ccc4c(c3)OCO4)c3[nH]c4ccccc4c3C[C@@H]2C1=O,4.582943899729213,0
CHEMBL4060832,CN1CC2C(=O)N(Cc3ccccc3)C(=O)C2C12C(=O)c1ccccc1C2=O,4.385524633909605,0
CHEMBL4097877,CN1CC2C(=O)N(c3ccc(Br)cc3)C(=O)C2C12C(=O)c1ccccc1C2=O,4.134777543709821,0
CHEMBL4098808,CN1CC2C(=O)N(c3ccc(Cl)cc3)C(=O)C2C12C(=O)c1ccccc1C2=O,4.5550188879120554,0
CHEMBL4071803,CN1CC2C(=O)N(c3ccc(F)cc3)C(=O)C2C12C(=O)c1ccccc1C2=O,4.299988937677887,0
CHEMBL4080216,CN1CC2C(=O)N(c3cccc(F)c3)C(=O)C2C12C(=O)c1ccccc1C2=O,4.096313268263498,0
CHEMBL4079853,CN1CC2C(=O)N(c3ccccc3)C(=O)C2C12C(=O)c1ccccc1C2=O,4.156144577376839,0
CHEMBL155746,CN1CCC(/C=C/C=C2\Cc3ccccc3C2=O)CC1,8.522878745280337,1
CHEMBL156874,CN1CCC(/C=C2\Cc3ccccc3C2=O)CC1,8.075720713938118,1
CHEMBL155945,CN1CCC(CC/C=C2\Cc3ccccc3C2=O)CC1,9.086186147616283,1
CHEMBL158252,CN1CCC(CCC2C(=O)Nc3ccccc3C2=O)CC1,8.3767507096021,1
CHEMBL263322,CN1CCC(CCCC2Cc3ccccc3C2=O)CC1,8.823908740944319,1
CHEMBL345847,CN1CCC(CCN2C(=O)c3ccccc3C2=O)CC1,9.045757490560675,1
CHEMBL153865,CN1CCC(C[C@@H]2Cc3ccccc3C2=O)CC1,8.275724130399212,1
CHEMBL345905,CN1CCC(C[C@H]2Cc3ccccc3C2=O)CC1,8.113509274827518,1
CHEMBL74747,CN1CCCCc2ccc(C(=O)CCC3CCN(Cc4ccccc4)CC3)cc21,7.0915149811213505,1
CHEMBL1083660,CN1CCCc2cc(C(=O)CCC3CCN(Cc4ccccc4)CC3)ccc21,7.619788758288394,1
CHEMBL76470,CN1CCCc2ccc(C(=O)CCC3CCN(Cc4ccccc4)CC3)cc21,7.443697499232712,1
CHEMBL1194868,CN1CCN(C(C#N)c2ccc3c(c2)OCO3)CC1,3.5601937886066697,0
CHEMBL4285972,CN1CCN(C2CCN(C(=O)COc3ccc(-c4ccccc4)cc3)CC2)CC1,5.0,0
CHEMBL156157,CN1CCN(CC2Cc3ccccc3C2=O)CC1,7.026872146400302,1
CHEMBL4288000,CN1CCN(CCCNC(=O)COc2ccc(-c3ccccc3)cc2)CC1,3.939302159646388,0
CHEMBL4281203,CN1CCN(CCCNC(=O)COc2ccc(I)cc2)CC1,3.8601209135987635,0
CHEMBL4063877,CN1CCN(Cc2ccc3c(c2)C(=O)C(=O)N3C(=O)c2ccccc2)CC1,7.320027305722581,1
CHEMBL5199361,CN1CCN(c2c3c(nc4ccc([N+](=O)[O-])cc24)CCCC3)CC1,6.610833915635467,1
CHEMBL3359895,CN1CCN(c2ccc(-c3cnc4[nH]c5cnc(C#N)cc5c4c3)cc2)CC1,7.7447274948966935,1
CHEMBL1834069,CN1CCN(c2nccc(NC(c3ccccc3)c3ccccc3)n2)CC1,4.863279432843593,0
CHEMBL1082980,CN1CCN(c2nccc(NCCc3ccccc3)n2)CC1,4.690369832574101,0
CHEMBL1084213,CN1CCN(c2nccc(NCc3cccc4ccccc34)n2)CC1,4.756961951313706,0
CHEMBL1084808,CN1CCN(c2nccc(NCc3ccccc3)n2)CC1,4.603800652904264,0
CHEMBL1243298,CN1CC[C@@]2(C)c3cc(OC(=O)N4CCc5ccccc5C4)ccc3N(C)[C@@H]12,6.8297382846050425,1
CHEMBL308503,CN1CC[C@@]2(C)c3cc(OC(=O)NC(C)(C)C)ccc3N(C)[C@@H]12,4.56656109283125,0
CHEMBL65585,CN1CC[C@@]2(C)c3cc(OC(=O)NCCCCCCCCCCCCN4CCOCC4)ccc3N(C)[C@@H]12,7.154901959985743,1
CHEMBL62664,CN1CC[C@@]2(C)c3cc(OC(=O)NCCCCCCCCCCCN4CCOCC4)ccc3N(C)[C@@H]12,7.3979400086720375,1
CHEMBL431519,CN1CC[C@@]2(C)c3cc(OC(=O)NCCCCCCCCCCN4CCOCC4)ccc3N(C)[C@@H]12,7.3979400086720375,1
CHEMBL64011,CN1CC[C@@]2(C)c3cc(OC(=O)NCCCCCCCCCN4CCOCC4)ccc3N(C)[C@@H]12,7.221848749616356,1
CHEMBL65018,CN1CC[C@@]2(C)c3cc(OC(=O)NCCCCCCCCN4CCOCC4)ccc3N(C)[C@@H]12,7.096910013008056,1
CHEMBL63173,CN1CC[C@@]2(C)c3cc(OC(=O)NCCCCN4CCOCC4)ccc3N(C)[C@@H]12,4.6777807052660805,0
CHEMBL54727,CN1CC[C@@]2(C)c3cc(OC(=O)Nc4ccccc4)ccc3N(C)C12,7.292665472875951,1
CHEMBL74926,CN1CC[C@@]2(C)c3cc(OC(=O)Nc4ccccc4)ccc3N(C)[C@@H]12,7.359843532729029,1
CHEMBL123249,CN1CC[C@@]2(C)c3cc(OC(=O)Nc4ccccc4)ccc3N(C)[C@@H]12.O=C(O)C(O)C(O)C(=O)O,7.619788758288394,1
CHEMBL123831,CN1CC[C@@]2(C)c3cc(OC(=O)Nc4ccccc4)ccc3N(C)[C@H]2O1,6.886056647693163,1
CHEMBL319541,CN1CC[C@@]2(C)c3cc(OC(=O)Nc4ccccc4)ccc3N(Cc3ccccc3)C12,6.610302451793614,1
CHEMBL1243111,CN1CC[C@@]2(C)c3cc(OC(=O)Nc4ccccc4)ccc3N(Cc3ccccc3)[C@@H]12,6.610302451793614,1
CHEMBL418917,CN1CC[C@@]2(C)c3cc(OC(=O)Nc4ccccc4)ccc3NC12,7.38933983691012,1
CHEMBL1524,CN1CC[C@@]23C=C[C@H](O)C[C@@H]2Oc2c(O)ccc(c23)C1,7.0,1
CHEMBL268481,CN1CC[C@H]2COc3c(O)cccc3[C@H]21,4.399999967876858,0
CHEMBL99655,CN1CC[C@]2(C)c3cc(OC(=O)Nc4ccccc4)ccc3N(Cc3ccccc3)C12,4.949891037082132,0
CHEMBL5281699,CN1CCc2c(c3ccccc3n2Cc2ccccc2C(=O)NCCO[N+](=O)[O-])C1,4.8297382846050425,0
CHEMBL311017,CN1CCc2cc(C(=O)CCC3CCN(Cc4ccccc4)CC3)ccc21,8.0,1
CHEMBL453019,CN1CCc2cc3c(cc2C(=O)Cc2ccc4c(c2C1)OCO4)OCO3,4.0,0
CHEMBL4173190,CN1CCc2cc3c(cc2C12OCc1c(ccc4c1OCO4)C2=O)OCO3,4.0,0
CHEMBL4168934,CN1CCc2cc3c(cc2C1=O)OCO3,4.0,0
CHEMBL4176125,CN1CCc2cc3c(cc2[C@@]12C(=O)c1ccc4c(c1[C@@H]2O)OCO4)OCO3,4.0,0
CHEMBL4165513,CN1CCc2cc3c(cc2[C@H]1[C@H]1OC(=O)c2c1ccc1c2OCO1)OCO3,4.0,0
CHEMBL4162070,CN1CCc2cc3c(cc2[C@H]1[C@H]1O[C@@H](O)c2c1ccc1c2OCO1)OCO3,4.0,0
CHEMBL4248378,CN1CCc2oc3ccc(Br)cc3c(=O)c2C1,4.698970004336019,0
CHEMBL4740786,CN1C[C@@H](c2ccc(Br)cc2)[C@@]2(CSc3ccccc3C2=O)C12C(=O)c1ccccc1C2=O,4.547600154088558,0
CHEMBL4744408,CN1C[C@@H](c2ccc(Cl)cc2)[C@@]2(CSc3ccccc3C2=O)C12C(=O)c1ccccc1C2=O,4.65286521708998,0
CHEMBL4780172,CN1C[C@@H](c2ccc(Cl)cc2Cl)[C@@]2(CSc3ccccc3C2=O)C12C(=O)c1ccccc1C2=O,4.617622696531886,0
CHEMBL4791351,CN1C[C@@H](c2ccc(F)cc2)[C@@]2(CSc3ccccc3C2=O)C12C(=O)c1ccccc1C2=O,4.632271453913024,0
CHEMBL4739877,CN1C[C@@H](c2cccc(Br)c2)[C@@]2(CSc3ccccc3C2=O)C12C(=O)c1ccccc1C2=O,4.703334809738469,0
CHEMBL4799570,CN1C[C@@H](c2cccc(F)c2)[C@@]2(CSc3ccccc3C2=O)C12C(=O)c1ccccc1C2=O,4.60977163753087,0
CHEMBL4800067,CN1C[C@@H](c2ccccc2)[C@@]2(CSc3ccccc3C2=O)C12C(=O)c1ccccc1C2=O,4.953895212753961,0
CHEMBL4755928,CN1C[C@@H](c2ccccc2Br)[C@@]2(CSc3ccccc3C2=O)C12C(=O)c1ccccc1C2=O,4.567030709125595,0
CHEMBL4754607,CN1C[C@@H](c2ccccc2Cl)[C@@]2(CSc3ccccc3C2=O)C12C(=O)c1ccccc1C2=O,4.995248844408999,0
CHEMBL4763528,CN1C[C@@H](c2cccs2)[C@@]2(CSc3ccccc3C2=O)C12C(=O)c1ccccc1C2=O,4.674484336636852,0
CHEMBL465678,CN1Cc2c(ccc3c2OCO3)-c2ccc3cc4c(cc3c21)OCO4,4.0,0
CHEMBL3786666,CN1Cc2cc(O)ccc2N(C)C1c1c(Cl)cccc1Cl,4.8696662315049934,0
CHEMBL3786655,CN1Cc2cc(O)ccc2N(C)C1c1cc[nH]c1,3.935916564036404,0
CHEMBL3785644,CN1Cc2cc(O)ccc2N(C)C1c1ccc(Cl)cc1,3.627824713884936,0
CHEMBL3787666,CN1Cc2cc(O)ccc2N(C)C1c1ccc(F)cc1,3.8434508486682186,0
CHEMBL3786505,CN1Cc2cc(O)ccc2N(C)C1c1cccc(Cl)c1,3.6154673845057514,0
CHEMBL3785481,CN1Cc2cc(O)ccc2N(C)C1c1cccc2ccccc12,3.4663550212012373,0
CHEMBL3785808,CN1Cc2cc(O)ccc2N(C)C1c1ccccc1,3.485452247339714,0
CHEMBL3786843,CN1Cc2cc(O)ccc2N(C)C1c1cccs1,3.646276062411051,0
CHEMBL3786447,CN1Cc2cc(O)ccc2N(C)C1c1ccncc1,3.6154673845057514,0
CHEMBL3785526,CN1Cc2cc(O)ccc2N(C)C1c1ccoc1,3.4663550212012373,0
CHEMBL1081031,CN1c2ccc(OC(=O)NC3CCCCC3)cc2[C@]2(C)CCN(CCc3ccccc3)[C@H]12,7.657577319177793,1
CHEMBL1081032,CN1c2ccc(OC(=O)NCC3CCCCC3)cc2[C@]2(C)CCN(CCc3ccccc3)[C@H]12,7.173393743112328,1
CHEMBL80247,CN1c2ccc(OC(=O)Nc3ccccc3)cc2[C@]2(C)CCNC12,7.860120913598763,1
CHEMBL1173605,CN1c2ccc(OC(=O)Nc3ccccc3)cc2[C@]2(C)CC[N+](C)(C)C12.[Br-],7.595166283380062,1
CHEMBL538853,CN1c2ccc(OC(=O)Nc3ccccc3)cc2[C@]2(C)CC[N@@+](C)([O-])[C@H]12.Cl,6.698970004336019,1
CHEMBL4077169,CN1c2ccccc2C(N2CCOCC2)c2ccccc21,4.910094888560602,0
CHEMBL4065259,CN1c2ccccc2C(N2CCSCC2)c2ccccc21,4.928117992693875,0
CHEMBL5187561,CN1c2ccccc2C(NCCCCCCC(=O)CCCCNc2c3c(nc4ccccc24)CCCC3)c2ccc(Cl)cc2S1(=O)=O,6.795880017344075,1
CHEMBL4074993,CN1c2ccccc2C(n2c3ccccc3c3ccccc32)c2ccccc21,4.698970004336019,0
CHEMBL4075624,CN1c2ccccc2C(n2cnc([N+](=O)[O-])n2)c2ccccc21,4.777283528852417,0
CHEMBL4075825,CN1c2ccccc2C(n2cncn2)c2ccccc21,4.72584215073632,0
CHEMBL4088659,CN1c2ccccc2C(n2nnc3ccccc32)c2ccccc21,4.906578314837765,0
CHEMBL134251,CNC(=O)Oc1cc2c(cc1C)N(C)[C@H]1N(C)CC[C@@]21C,5.0,0
CHEMBL1084442,CNC(=O)Oc1ccc(-c2cn3ccccc3[n+]2C)cc1.[I-],4.709965388637482,0
CHEMBL1243359,CNC(=O)Oc1ccc2c(c1)CC[C@@H]1CCN(C)[C@H]21,7.761953896871205,1
CHEMBL540833,CNC(=O)Oc1ccc2c(c1)CN(CCCOc1ccc3c(=O)c4ccccc4oc3c1)CC2.Cl,7.906578314837765,1
CHEMBL11833,CNC(=O)Oc1ccc2c(c1)OC[C@@H]1CCN(C)[C@H]21,6.616439884899426,1
CHEMBL1243329,CNC(=O)Oc1ccc2c(c1)SC[C@@H]1CCN(C)[C@H]21,8.090979145788843,1
CHEMBL11514,CNC(=O)Oc1ccc2c(c1)[C@@H]1[C@@H](CCN1C)CO2,4.790000026071145,0
CHEMBL205940,CNC(=O)Oc1ccc2c(c1)[C@@]1(C)CCO[C@H]1N2C,7.251811972993799,1
CHEMBL431784,CNC(=O)Oc1ccc2c(c1)[C@]1(C)CCN(C)C1N2,7.246416941107094,1
CHEMBL80221,CNC(=O)Oc1ccc2c(c1)[C@]1(C)CCN(C)C1N2Cc1ccccc1,6.793444039777858,1
CHEMBL123248,CNC(=O)Oc1ccc2c(c1)[C@]1(C)CCN(C)O[C@@H]1N2C,6.823908740944319,1
CHEMBL1241427,CNC(=O)Oc1ccc2c(c1)[C@]1(C)CCN(C)[C@@H]1N2,7.246416941107094,1
CHEMBL94,CNC(=O)Oc1ccc2c(c1)[C@]1(C)CCN(C)[C@@H]1N2C,7.1609703483882825,1
CHEMBL338975,CNC(=O)Oc1ccc2c(c1)[C@]1(C)CCN(C)[C@@H]1N2C.O=C(O)c1ccccc1O,7.552841968657781,1
CHEMBL1243076,CNC(=O)Oc1ccc2c(c1)[C@]1(C)CCN(C)[C@@H]1N2Cc1ccccc1,6.793713955587568,1
CHEMBL591729,CNC(=O)Oc1ccc2c(c1)[C@]1(C)CCN(C)[C@]1(C)N2C,7.552841968657781,1
CHEMBL75729,CNC(=O)Oc1ccc2c(c1)[C@]1(C)CCN(CCc3ccccc3)[C@@H]1N2C,6.740743030061056,1
CHEMBL309667,CNC(=O)Oc1ccc2c(c1)[C@]1(C)CCNC1N2,7.962573502059376,1
CHEMBL74089,CNC(=O)Oc1ccc2c(c1)[C@]1(C)CCNC1N2C,7.6777807052660805,1
CHEMBL305670,CNC(=O)Oc1ccc2c(c1)[C@]1(C)CCN[C@@H]1N2C,7.658026434624244,1
CHEMBL362444,CNC(=O)Oc1ccc2c(c1)[C@]1(C)CCOC1N2C,7.845070826784688,1
CHEMBL205231,CNC(=O)Oc1ccc2c(c1)[C@]1(C)CCO[C@@H]1N2C,7.983288122256525,1
CHEMBL136526,CNC(=O)Oc1ccc2c(c1)[C@]1(C)CC[N+](C)(C)C1N2C,7.469032318428085,1
CHEMBL539109,CNC(=O)Oc1ccc2c(c1)[C@]1(C)CC[N+](C)(C)C1N2C.COS(=O)(=O)[O-],7.468521082957745,1
CHEMBL1173604,CNC(=O)Oc1ccc2c(c1)[C@]1(C)CC[N+](C)(C)C1N2C.[Br-],7.583359492661719,1
CHEMBL538852,CNC(=O)Oc1ccc2c(c1)[C@]1(C)CC[N@@+](C)([O-])[C@@H]1N2C.Cl,7.0,1
CHEMBL295462,CNC(=O)Oc1ccc2c(c1)c(C)cn2Nc1ccncc1F,7.0,1
CHEMBL160219,CNC(=O)Oc1ccc2c(c1)c1c(n2C)/C(=N\CCc2ccccc2)CC1,6.795880017344075,1
CHEMBL188274,CNC(=O)Oc1cccc(C(C)N(C)C)c1.Cl,7.0,1
CHEMBL1084276,CNC(=O)Oc1cccc(CN(C)CC#CCOc2ccc3c(=O)c4ccccc4oc3c2)c1,6.6777807052660805,1
CHEMBL553803,CNC(=O)Oc1cccc(CN(C)CC#CCOc2ccc3c(=O)c4ccccc4oc3c2)c1.Cl,6.6777807052660805,1
CHEMBL1085527,CNC(=O)Oc1cccc(CN(C)CCCCCCCCCCOc2ccc3c(=O)c4ccccc4oc3c2)c1,7.661543506395395,1
CHEMBL544823,CNC(=O)Oc1cccc(CN(C)CCCCCCCCCCOc2ccc3c(=O)c4ccccc4oc3c2)c1.Cl,7.661543506395395,1
CHEMBL1085526,CNC(=O)Oc1cccc(CN(C)CCCCCCCCCOc2ccc3c(=O)c4ccccc4oc3c2)c1,7.931814138253839,1
CHEMBL542467,CNC(=O)Oc1cccc(CN(C)CCCCCCCCCOc2ccc3c(=O)c4ccccc4oc3c2)c1.Cl,7.931814138253839,1
CHEMBL1085278,CNC(=O)Oc1cccc(CN(C)CCCCCCCCOc2ccc3c(=O)c4ccccc4oc3c2)c1,8.167491087293763,1
CHEMBL557405,CNC(=O)Oc1cccc(CN(C)CCCCCCCCOc2ccc3c(=O)c4ccccc4oc3c2)c1.Cl,8.167491087293763,1
CHEMBL5218632,CNC(=O)Oc1cccc(CN(C)CCCCCCCOc2ccc(-c3cc(=O)c4ccccc4o3)cc2)c1,9.136677139879543,1
CHEMBL2047525,CNC(=O)Oc1cccc(CN(C)CCCCCCCOc2ccc(-c3cc4ccccc4oc3=O)cc2)c1,8.920818753952375,1
CHEMBL189957,CNC(=O)Oc1cccc(CN(C)CCCCCCCOc2ccc3c(=O)c4ccccc4oc3c2)c1,8.453350077018632,1
CHEMBL543655,CNC(=O)Oc1cccc(CN(C)CCCCCCCOc2ccc3c(=O)c4ccccc4oc3c2)c1.Cl,9.494850021680094,1
CHEMBL1085938,CNC(=O)Oc1cccc(CN(C)CCCCCCCOc2ccc3c(c2)C/C(=C\c2cc(O)c(O)c(O)c2)C3=O)c1,8.744727494896694,1
CHEMBL191461,CNC(=O)Oc1cccc(CN(C)CCCCCCCOc2ccc3c(c2)C/C(=C\c2cc(OC)c(OC)c(OC)c2)C3=O)c1,7.2447274948966935,1
CHEMBL1085940,CNC(=O)Oc1cccc(CN(C)CCCCCCCOc2ccc3c(c2)CC/C(=C/c2cc(O)c(O)c(O)c2)C3=O)c1,8.306273051076353,1
CHEMBL1085932,CNC(=O)Oc1cccc(CN(C)CCCCCCCOc2ccc3c(c2)O/C(=C\c2cc(O)c(O)c(O)c2)C3=O)c1,9.2839966563652,1
CHEMBL372710,CNC(=O)Oc1cccc(CN(C)CCCCCCCOc2ccc3c(c2)O/C(=C\c2ccc(Cl)c(Cl)c2)C3=O)c1,7.096910013008056,1
CHEMBL1085933,CNC(=O)Oc1cccc(CN(C)CCCCCCCOc2ccc3c(c2)O/C(=C\c2ccc4ccccc4c2)C3=O)c1,8.679853713888946,1
CHEMBL364545,CNC(=O)Oc1cccc(CN(C)CCCCCCCOc2ccc3c(c2)O/C(=C\c2cccc4ccccc24)C3=O)c1,6.5993451832528365,1
CHEMBL370961,CNC(=O)Oc1cccc(CN(C)CCCCCCCOc2ccc3c(c2)O/C(=C\c2ccccc2)C3=O)c1,7.209965388637482,1
CHEMBL1085939,CNC(=O)Oc1cccc(CN(C)CCCCCCCOc2ccc3c(c2)OC/C(=C/c2cc(O)c(O)c(O)c2)C3=O)c1,8.008330992620051,1
CHEMBL189797,CNC(=O)Oc1cccc(CN(C)CCCCCCCOc2ccc3c(c2)OCC3=O)c1,4.79317412396815,0
CHEMBL5219771,CNC(=O)Oc1cccc(CN(C)CCCCCCCOc2cccc(-c3cc(=O)c4ccccc4o3)c2)c1,9.2839966563652,1
CHEMBL5218900,CNC(=O)Oc1cccc(CN(C)CCCCCCOc2ccc(C(=O)/C=C/c3cc(OC)c(OC)c(OC)c3)c(O)c2)c1,8.876148359032914,1
CHEMBL124933,CNC(=O)Oc1cccc(CN(C)CCCCCCOc2ccc3c(=O)c4ccccc4oc3c2)c1,8.853871964321762,1
CHEMBL5220283,CNC(=O)Oc1cccc(CN(C)CCCCCCOc2ccc3c(c2)O/C(=C\c2cc(OC)c(OC)c(OC)c2)C3=O)c1,9.2839966563652,1
CHEMBL337999,CNC(=O)Oc1cccc(CN(C)CCCCCOc2ccc3c(=O)c4ccccc4oc3c2)c1,9.086186147616283,1
CHEMBL129753,CNC(=O)Oc1cccc(CN(C)CCCCOc2ccc3c(=O)c4ccccc4oc3c2)c1,7.431798275933005,1
CHEMBL124156,CNC(=O)Oc1cccc(CN(C)CCCOc2ccc(-c3ccccc3)cc2)c1,7.262807357295262,1
CHEMBL1086245,CNC(=O)Oc1cccc(CN(C)CCCOc2ccc(C(=O)c3ccccc3)cc2)c1,8.267606240177031,1
CHEMBL544592,CNC(=O)Oc1cccc(CN(C)CCCOc2ccc(C(=O)c3ccccc3)cc2)c1.Cl,8.267606240177031,1
CHEMBL1086246,CNC(=O)Oc1cccc(CN(C)CCCOc2ccc(Cc3ccccc3)cc2)c1,7.607303046740334,1
CHEMBL340427,CNC(=O)Oc1cccc(CN(C)CCCOc2ccc3c(=O)c4ccccc4oc3c2)c1,9.147878745280337,1
CHEMBL131827,CNC(=O)Oc1cccc(CN(C)CCCOc2ccc3c(=O)c4cccnc4oc3c2)c1,8.958607314841775,1
CHEMBL128471,CNC(=O)Oc1cccc(CN(C)CCCOc2ccc3c(=O)cc(-c4ccccc4)oc3c2)c1,8.244125144327509,1
CHEMBL128618,CNC(=O)Oc1cccc(CN(C)CCCOc2ccc3c(=O)ccoc3c2)c1,8.050609993355087,1
CHEMBL1083374,CNC(=O)Oc1cccc(CN(C)CCCOc2ccc3c(c2)O/C(=C\c2cc(O)c(O)c(O)c2)C3=O)c1,8.52432881167557,1
CHEMBL191386,CNC(=O)Oc1cccc(CN(C)CCCOc2ccc3c(c2)O/C(=C\c2ccc4ccccc4c2)C3=O)c1,6.9672456210075016,1
CHEMBL190060,CNC(=O)Oc1cccc(CN(C)CCCOc2ccc3c(c2)O/C(=C\c2cccc4ccccc24)C3=O)c1,6.663675884293248,1
CHEMBL340625,CNC(=O)Oc1cccc(CN(C)CCCOc2ccc3ccc(=O)oc3c2)c1,8.244125144327509,1
CHEMBL1086247,CNC(=O)Oc1cccc(CN(C)CCCOc2ccc3ccccc3c2)c1,7.083019952679618,1
CHEMBL542220,CNC(=O)Oc1cccc(CN(C)CCCOc2ccc3ccccc3c2)c1.Cl,7.083019952679618,1
CHEMBL544126,CNC(=O)Oc1cccc(CN(C)CCCOc2cccc(Cc3ccccc3)c2)c1.Cl,7.607303046740334,1
CHEMBL1086248,CNC(=O)Oc1cccc(CN(C)CCCOc2ccccc2)c1,7.099086932262331,1
CHEMBL539045,CNC(=O)Oc1cccc(CN(C)CCCOc2ccccc2)c1.Cl,7.099086932262331,1
CHEMBL131579,CNC(=O)Oc1cccc(CN(CCCOc2ccc3c(=O)c4ccccc4oc3c2)C(C)C)c1,9.154901959985743,1
CHEMBL5219452,CNC(=O)Oc1cccc2c1CCC1C2CCN1CCC1CCCCC1,7.236572006437063,1
CHEMBL189907,CNC(=O)Oc1cccc2c1CCC1CCN(C)C21,7.761953896871205,1
CHEMBL189906,CNC(=O)Oc1cccc2c1OCC1CCN(C)C21,7.522878745280337,1
CHEMBL274107,CNC(=O)Oc1cccc2c1OC[C@@H]1CCN(C)[C@H]21,7.433337233729634,1
CHEMBL190322,CNC(=O)Oc1cccc2c1SCC1CCN(C)C21,8.090979145788843,1
CHEMBL4170530,CNC(=O)c1c[n+](Cc2ccccc2C)ccc1CC1CCc2cc(OC)ccc2C1=O.[Br-],5.0,0
CHEMBL4635134,CNC(=O)c1cc(C(=O)NC2CC2)cn(Cc2ccccc2)c1=O,4.0,0
CHEMBL4164761,CNC(=O)c1cc2c(OC(=O)N(C)C)cccc2[n+](C)c1.[I-],7.113509274827518,1
CHEMBL4792741,CNC(=O)c1sc(-c2ccnc(NC(=O)C3CC3)c2)nc1OCC1CCN(Cc2ccc(Br)cc2)CC1,3.0,0
CHEMBL4746460,CNC(=O)c1sc(-c2ccnc(NC(=O)C3CC3)c2)nc1OCC1CCN(Cc2ccc(Cl)c(Cl)c2)CC1,4.013228265733755,0
CHEMBL4791089,CNC(=O)c1sc(-c2ccnc(NC(=O)C3CC3)c2)nc1OCC1CCN(Cc2ccc(Cl)cc2)CC1,4.086186147616283,0
CHEMBL4741669,CNC(=O)c1sc(-c2ccnc(NC(=O)C3CC3)c2)nc1OCC1CCN(Cc2ccc(F)c(F)c2)CC1,4.096910013008056,0
CHEMBL4785551,CNC(=O)c1sc(-c2ccnc(NC(=O)C3CC3)c2)nc1OCC1CCN(Cc2cccc(Br)c2)CC1,3.404503778174426,0
CHEMBL4760288,CNC(=O)c1sc(-c2ccnc(NC(=O)C3CC3)c2)nc1OCCCc1cn(CCNc2c3c(nc4ccccc24)CCCC3)nn1,6.774690718274137,1
CHEMBL4756424,CNC(=O)c1sc(-c2ccnc(NC(=O)C3CC3)c2)nc1OCCOCc1cn(CCNc2c3c(nc4cc(Cl)ccc24)CCCC3)nn1,7.91721462968355,1
CHEMBL4779478,CNC(=O)c1sc(-c2ccnc(NC(=O)C3CC3)c2)nc1OCCOCc1cn(CCNc2c3c(nc4ccccc24)CCCC3)nn1,7.349692476868063,1
CHEMBL4741219,CNC(=O)c1sc(-c2ccnc(NC(=O)C3CC3)c2)nc1OCCc1cn(CCNc2c3c(nc4cc(Cl)ccc24)CCCC3)nn1,7.412289034981089,1
CHEMBL4796602,CNC(=O)c1sc(-c2ccnc(NC(=O)C3CC3)c2)nc1OCCc1cn(CCNc2c3c(nc4ccccc24)CCCC3)nn1,6.570247719997592,1
CHEMBL4798419,CNC(=O)c1sc(-c2ccnc(NC(=O)CNCCCCCCCCNc3c4c(nc5ccccc35)CCCC4)c2)nc1OCC1CC1,7.818156412055227,1
CHEMBL4800403,CNC(=O)c1sc(-c2ccnc(NC(=O)CNCCCCCCNc3c4c(nc5ccccc35)CCCC4)c2)nc1OCC1CC1,7.6595558851598815,1
CHEMBL4756997,CNC(=O)c1sc(-c2ccnc(NC(=O)CNCCCCNc3c4c(nc5ccccc35)CCCC4)c2)nc1OCC1CC1,7.636388020107856,1
CHEMBL4777788,CNC(=O)c1sc(-c2ccnc(NC(=O)CNCCNc3c4c(nc5cc(Cl)ccc35)CCCC4)c2)nc1OCC1CC1,7.392544976785332,1
CHEMBL4785004,CNC(=O)c1sc(-c2ccnc(NC(=O)CNCCNc3c4c(nc5ccc(OC)cc35)CCCC4)c2)nc1OCC1CC1,7.512861624522813,1
CHEMBL4749327,CNC(=O)c1sc(-c2ccnc(NC(=O)CNCCNc3c4c(nc5ccccc35)CCCC4)c2)nc1OC,7.011441043121384,1
CHEMBL4787169,CNC(=O)c1sc(-c2ccnc(NC(=O)CNCCNc3c4c(nc5ccccc35)CCCC4)c2)nc1OC(C)C,6.624519285381427,1
CHEMBL4759230,CNC(=O)c1sc(-c2ccnc(NC(=O)CNCCNc3c4c(nc5ccccc35)CCCC4)c2)nc1OCC(C)(C)C,6.987584625237567,1
CHEMBL4750284,CNC(=O)c1sc(-c2ccnc(NC(=O)CNCCNc3c4c(nc5ccccc35)CCCC4)c2)nc1OCC(C)C,7.308034897232639,1
CHEMBL4789145,CNC(=O)c1sc(-c2ccnc(NC(=O)CNCCNc3c4c(nc5ccccc35)CCCC4)c2)nc1OCC1CC1,8.920818753952375,1
CHEMBL4749678,CNC(=O)c1sc(-c2ccnc(NC(=O)CNCCNc3c4c(nc5ccccc35)CCCC4)c2)nc1OCC1CCC1,6.808828544271441,1
CHEMBL347539,CNC(NCCNCc1ccc(CN2CCCC2)o1)=C(C#N)C#N,6.552841968657781,1
CHEMBL155495,CNC(NCCNCc1ccc(COC)o1)=C(C#N)C#N,4.698970004336019,0
CHEMBL5413217,CNCCCN1C(=O)CSC1c1ccc(Cl)cc1Cl.Cl,4.309803919971486,0
CHEMBL5409029,CNCCN1C(=O)CSC1c1ccc(Cl)cc1Cl.Cl,3.6989700043360187,0
CHEMBL347527,CNCCc1cccc(OC(=O)N(C)C)c1,6.552841968657781,1
CHEMBL2236393,CNCOc1cccc(CN(C)CCCCCCCOc2ccc3c(=O)c4ccccc4oc3c2)c1,9.494850021680094,1
CHEMBL4292574,CNCc1cc(N)ccc1O.Cl.Cl,3.476904161747432,0
CHEMBL136611,CN[C@@H](C)C1=CC[C@H]2[C@@H]3CC=C4C[C@@H](OC)CC[C@]4(C)[C@H]3CC[C@]12C,4.079999984911641,0
CHEMBL1783521,CN[C@@H](C)[C@H]1[C@H](O)C[C@@]2(C)[C@@H]3CC[C@H]4[C@]5(C)CSC(C(C)C)=N[C@H]5CC[C@@]45C[C@@]35C(=O)C[C@]12C,7.119186407719209,1
CHEMBL194372,CN[C@@H](CCOc1ccc([N+](=O)[O-])cc1)c1ccc(OC(=O)N(C)C)cc1,6.995678626217358,1
CHEMBL1651038,CN[C@H]1CCC2=CC3=CC[C@]4(C)[C@@H]([C@H](C)N(C)C)[C@H](O)C[C@@]4(C)[C@@H]3CC[C@H]2C1(C)C,4.3979400086720375,0
CHEMBL137721,CN[C@H]1CC[C@@]2(C)[C@@H](CC[C@@H]3[C@@H]2CC[C@]2(C)C([C@H](C)N(C)C)=CC[C@@H]32)C1,4.6899999882307535,0
CHEMBL4160856,CN[C@H]1C[C@H](OC)C=C[C@@]12C(=O)N(CCC(C)C)Cc1cc3c(cc12)OCO3,3.6989700043360187,0
CHEMBL320291,CNc1cc(NCCSCc2ccc(CN(C)C)o2)c([N+](=O)[O-])cc1[N+](=O)[O-],6.795880017344075,1
CHEMBL3343711,CNc1ccc(/C=C2\Cc3cc(OC)c(OCCN4CCCCC4)cc3C2=O)cc1,6.521289244487241,1
CHEMBL3353568,CNc1ccccc1-c1nc(C(=O)O)cs1,4.167491087293763,0
CHEMBL3353566,CNc1ccccc1-c1nc(C(=O)OC)cs1,4.200659450546418,0
CHEMBL3353567,CNc1ccccc1-c1nc(C(N)=O)cs1,4.275724130399211,0
CHEMBL4868687,COC(=O)/C(=N\Nc1ccc(C)cc1)C(=O)C(F)(F)F,4.548213564475709,0
CHEMBL4872772,COC(=O)/C(=N\Nc1ccc(OC)cc1)C(=O)C(F)(F)F,4.518557371497695,0
CHEMBL4849436,COC(=O)/C(=N\Nc1ccccc1)C(=O)C(F)(F)F,4.696803942579511,0
CHEMBL4855838,COC(=O)/C(=N\Nc1ccccc1[N+](=O)[O-])C(=O)C(F)(F)F,4.679853713888946,0
CHEMBL6149288,COC(=O)/C1=C/N(C)CCc2cc(OC)c(OC)cc2C(C)=C=C1c1ccccc1,4.853871964321762,0
CHEMBL4238937,COC(=O)/C=C(\C(=O)OC)N1CCc2oc3ccc(Br)cc3c(=O)c2C1,4.698970004336019,0
CHEMBL5436875,COC(=O)/C=C/C(=O)Nc1cccc(OCCCCSC(=S)N2CCCCC2)c1,6.6777807052660805,1
CHEMBL5440650,COC(=O)/C=C/C(=O)Nc1cccc(OCCCCSC(=S)N2CCCCC2C)c1,7.275724130399211,1
CHEMBL5199151,COC(=O)/C=C/c1ccc(OCCCCCN2CCN(CC(=O)Nc3c4c(nc5ccccc35)CCCC4)CC2)c(OC)c1,7.209714835966758,1
CHEMBL1086927,COC(=O)C(C)CC(=O)C[C@@H](C)[C@H]1C[C@H](O)[C@@]2(C)C3=C(C(=O)C[C@]12C)[C@@]1(C)CCC(=O)C(C)(C)[C@@H]1C[C@@H]3O,4.519131076312832,0
CHEMBL3310706,COC(=O)C(CC1=C(c2ccc(Cl)cc2)CC(C)(C)ON1C(C)=O)C(=O)OC,4.330125497510197,0
CHEMBL3310704,COC(=O)C(CC1=C(c2ccc(OC)cc2)CC(C)(C)ON1C(C)=O)C(=O)OC,4.843148098929989,0
CHEMBL3310705,COC(=O)C(CC1=C(c2ccccc2)CC(C)(C)ON1C(C)=O)C(=O)OC,4.920818753952375,0
CHEMBL3310699,COC(=O)C(CC1=NO[C@@H]2CCC[C@@H]2[C@H]1c1ccccc1)C(=O)OC,4.122916743349349,0
CHEMBL3986650,COC(=O)C1=C(C)Nc2nc3c(c(N)c2C1c1cccc([N+](=O)[O-])c1)CC(C)(C)CC3,7.346787486224656,1
CHEMBL592624,COC(=O)C1=C(C)OP(=O)(OC)CCC1,4.886915788655767,0
CHEMBL606034,COC(=O)C1=C(C)O[P@@](=O)(OC)CC[C@H]1COCc1ccccc1,4.455931955649724,0
CHEMBL3597005,COC(=O)C1=C(Nc2ccc(Br)cc2)C[C@@H](c2ccc(C)cc2)N(c2ccc(Br)cc2)[C@@H]1c1ccc(C)cc1,4.105774339939519,0
CHEMBL3597063,COC(=O)C1=C(Nc2ccc(Br)cc2)C[C@@H](c2ccc(Cl)cc2)N(c2ccc(Br)cc2)[C@@H]1c1ccc(Cl)cc1,4.555759285665149,0
CHEMBL3597064,COC(=O)C1=C(Nc2ccc(Br)cc2)C[C@@H](c2ccc(OC)cc2)N(c2ccc(Br)cc2)[C@@H]1c1ccc(OC)cc1,4.165773568145445,0
CHEMBL3597004,COC(=O)C1=C(Nc2ccc(C)cc2)C[C@@H](c2ccc(C)cc2)N(c2ccc(C)cc2)[C@@H]1c1ccc(C)cc1,3.668884995282532,0
CHEMBL3597006,COC(=O)C1=C(Nc2ccc(Cl)cc2)C[C@@H](c2ccc(C)cc2)N(c2ccc(Cl)cc2)[C@@H]1c1ccc(C)cc1,4.167780817977149,0
CHEMBL3597059,COC(=O)C1=C(Nc2ccc(Cl)cc2)C[C@@H](c2ccc(F)cc2)N(c2ccc(Cl)cc2)[C@@H]1c1ccc(F)cc1,4.648870142586608,0
CHEMBL3597058,COC(=O)C1=C(Nc2ccc(F)cc2)C[C@@H](c2ccc(F)cc2)N(c2ccc(F)cc2)[C@@H]1c1ccc(F)cc1,3.994924678876612,0
CHEMBL3597055,COC(=O)C1=C(Nc2ccc(F)cc2)C[C@@H](c2ccccc2)N(c2ccc(F)cc2)[C@@H]1c1ccccc1,3.320224140059995,0
CHEMBL3597007,COC(=O)C1=C(Nc2ccc(OC)cc2)C[C@@H](c2ccc(C)cc2)N(c2ccc(OC)cc2)[C@@H]1c1ccc(C)cc1,3.733793615252521,0
CHEMBL3597002,COC(=O)C1=C(Nc2ccccc2)C[C@@H](c2ccc(C)cc2)N(c2ccccc2)[C@@H]1c1ccc(C)cc1,3.741922700763048,0
CHEMBL3597061,COC(=O)C1=C(Nc2ccccc2)C[C@@H](c2ccc(Cl)cc2)N(c2ccccc2)[C@@H]1c1ccc(Cl)cc1,4.555759285665149,0
CHEMBL3597068,COC(=O)C1=C(Nc2ccccc2)C[C@@H](c2ccc3c(c2)OCO3)N(c2ccccc2)[C@@H]1c1ccc2c(c1)OCO2,4.388728250458392,0
CHEMBL3597067,COC(=O)C1=C(Nc2ccccc2)C[C@@H](c2cccc([N+](=O)[O-])c2)N(c2ccccc2)[C@@H]1c1cccc([N+](=O)[O-])c1,3.2924298239020637,0
CHEMBL3597001,COC(=O)C1=C(Nc2ccccc2)C[C@@H](c2ccccc2)N(c2ccccc2)[C@@H]1c1ccccc1,3.6858763334500653,0
CHEMBL4083306,COC(=O)C1=CN(C)c2cccc(OC(=O)N(C)C)c2C1,3.0,0
CHEMBL4168225,COC(=O)C1=CN(Cc2cccc(Cl)c2)C=CC1CCC(=O)c1ccc(OC)c(OC)c1,5.0,0
CHEMBL5221017,COC(=O)C1=CN([11CH3])c2cccc(OC(=O)N(C)C)c2C1,3.0,0
CHEMBL6175754,COC(=O)C1=CO[C@H](OC)[C@H]2C(CN3CCN(Cc4nc(C)c(C)nc4C)CC3)=CC[C@@H]12,6.661543506395395,1
CHEMBL3360757,COC(=O)CC1=NO[C@@H]2CCCC[C@@H]2[C@H]1c1ccccc1,4.454445492765935,0
CHEMBL512830,COC(=O)CC[C@@H](C)[C@H]1CC(=O)[C@@]2(C)C3=C(C(=O)[C@@H](OC(C)=O)[C@]12C)[C@@]1(C)CC[C@H](O)C(C)(C)[C@@H]1CC3=O,4.76598918241282,0
CHEMBL4168198,COC(=O)CNC(=O)c1cc2c(OC(=O)N(C)C)cccc2[n+](C)c1.[I-],7.031517051446065,1
CHEMBL188714,COC(=O)C[N+]1(C)CCC(CCC(=O)C2Cc3cc(OC)c(OC)cc3S2)CC1,7.267606240177032,1
CHEMBL314766,COC(=O)C[N+]1(C)CCC(CCC(=O)c2cc3cc(OC)c(OC)cc3s2)CC1.[Br-],7.267606240177032,1
CHEMBL1085281,COC(=O)Nc1ccc2n(c1)cc(-c1ccccc1)[n+]2C.[Cl-],4.301029995663981,0
CHEMBL1915758,COC(=O)[C@H](C)CC(=O)C[C@@H](C)[C@H]1C[C@@H]2OC(C)(C)O[C@H]3C[C@H]4C(C)(C)C(=O)CC[C@]4(C)C4=C3[C@@]2(C)[C@]1(C)CC4=O,4.7363639314118915,0
CHEMBL506258,COC(=O)[C@]1(C)[C@@H]2CC[C@@]3(C)CC4=CC(=O)[C@@H]5[C@](C)(CC[C@@H](O)[C@]5(C)CO)[C@H]4CC[C@@H]3[C@@]2(C)CC[C@@H]1O,4.522878745280337,0
CHEMBL6172776,COC(=O)c1c(C)cc(O)c(Cc2c(O)cc(C)cc2O)c1O,4.823908740944319,0
CHEMBL454431,COC(=O)c1c(C)cc(O)cc1O,4.619788758288394,0
CHEMBL5078555,COC(=O)c1c(CCCCCCCCNc2c3c(nc4cc(Cl)ccc24)CCCC3)cccc1OC,8.595166283380062,1
CHEMBL5080685,COC(=O)c1c(CCCCCCCCNc2c3c(nc4ccccc24)CCCC3)cccc1OC,7.681936665037238,1
CHEMBL5082773,COC(=O)c1c(O)cccc1CCCCCCCCNc1c2c(nc3cc(Cl)ccc13)CCCC2,8.55129368009492,1
CHEMBL5092094,COC(=O)c1c(O)cccc1CCCCCCCCNc1c2c(nc3ccccc13)CCCC2,7.769551078621726,1
CHEMBL4171568,COC(=O)c1c[n+](Cc2cccc(Cl)c2)ccc1CCC(=O)c1ccc(OC)c(OC)c1.[Br-],6.767003889607846,1
CHEMBL4068149,COC(=O)c1c[n+](Cc2ccccc2)ccc1CC1Cc2cc(OC)c(OC)cc2C1=O.[Br-],7.59176003468815,1
CHEMBL4095535,COC(=O)c1c[n+](Cc2ccccc2C)ccc1CC1Cc2cc(OC)c(OC)cc2C1=O.[Br-],8.236572006437063,1
CHEMBL4077952,COC(=O)c1cc2c(OC(=O)N(C)C)cccc2[n+](C)c1,7.698970004336019,1
CHEMBL4176868,COC(=O)c1cc2c(OC(=O)N(C)C)cccc2[n+](C)c1.[I-],7.698970004336019,1
CHEMBL5220983,COC(=O)c1cc2c(OC(=O)N(C)C)cccc2[n+]([11CH3])c1,7.698970004336019,1
CHEMBL6172404,COC(=O)c1ccc(/C=N/NC(=O)c2ccc(Cl)nc2)cc1,7.0,1
CHEMBL4159243,COC(=O)c1ccccc1C[n+]1ccc(CC2Cc3cc(OC)c(OC)cc3C2=O)c(C(=O)Oc2c(Cl)cc(Cl)cc2Cl)c1.[Br-],7.159266765388193,1
CHEMBL4278164,COC(=O)c1sc(-c2ccnc(NC(=O)C3CC3)c2)nc1OCCNc1c2c(nc3ccccc13)CCCC2,6.886056647693163,1
CHEMBL5411138,COC1=C(CC(=O)CCc2ccccc2)C(=O)O[C@@H]1O,3.5228787452803374,0
CHEMBL1940619,COC1=CC(=O)C(N2CCC(C3CCN(Cc4ccccc4OC)CC3)CC2)=CC1=O,4.61261017366127,0
CHEMBL5435367,COC1=CC(=O)c2c(cc3c4c(cc5c(c24)OCO5)CCN3C)C1=O,3.655411257421286,0
CHEMBL4171637,COC1c2c(ccc3c2OCO3)-c2ccc3cc4c(cc3c2N1C)OCO4,4.014124642691606,0
CHEMBL1952051,COCC/N=C(/C=N/O)N(C)C.Cl,3.6989700043360187,0
CHEMBL1952052,COCCC/N=C(/C=N/O)N(C)C.Cl,3.6989700043360187,0
CHEMBL4099486,COCCN(CC(=O)NC(C)C)C(=O)CCCCCn1ccnc1/C=N/O,3.0,0
CHEMBL4072579,COCCN(CC(=O)NCc1ccccc1)C(=O)CCCCCn1ccnc1/C=N/O,3.0,0
CHEMBL1834079,COCCN1CCN(c2nccc(NC(c3ccccc3)c3ccccc3)n2)CC1,4.406713932979542,0
CHEMBL1834068,COCCN1CCN(c2nccc(NCc3cccc4ccccc34)n2)CC1,4.931814138253839,0
CHEMBL1766141,COCCN1CCN(c2nccc(NCc3ccccc3)n2)CC1,4.573488738635425,0
CHEMBL4176452,COCCNC(=O)c1cc2c(OC(=O)N(C)C)cccc2[n+](C)c1.[I-],7.698970004336019,1
CHEMBL2396906,COCCNc1nc2ccccc2[nH]1,4.0,0
CHEMBL87320,COCC[N+]1(C)CCC(CCC(=O)c2cc3cc(OC)c(OC)cc3s2)CC1.[Br-],7.275724130399211,1
CHEMBL364125,COCC[N+]1(C)CCCC(C(=O)c2cc3cc(OC)c(OC)cc3s2)CC1,7.275724130399211,1
CHEMBL189774,COCC[n+]1ccc(CCC(=O)C2Cc3cc(OC)c(OC)cc3S2)cc1,7.522878745280337,1
CHEMBL87937,COCC[n+]1ccc(CCC(=O)c2cc3cc(OC)c(OC)cc3s2)cc1,7.522878745280337,1
CHEMBL4750190,COCCn1cnc2cc(NC(=O)c3ccccc3)cc(C(=O)NCc3cc(F)cc(F)c3)c21,6.920818753952375,1
CHEMBL358323,COC[n+]1c(/C=N/O)n(C)c2ccccc21.[Cl-],3.703334809738469,0
CHEMBL289890,COC[n+]1ccn(C)c1/C=N/O.[Cl-],3.705248601868118,0
CHEMBL4639128,COCc1nc2cnc3cc(-c4c(C)noc4C)c(OC[C@H]4CCNC4)cc3c2n1[C@H](C)c1ccccc1,4.200000030616179,0
CHEMBL4789142,CON(C)C(=O)Oc1ccc(-c2cc(=O)c3c(O)cc(OC(=O)N(C)OC)cc3o2)cc1,4.991399828238082,0
CHEMBL4795422,CON(C)C(=O)Oc1ccc(-c2cc(=O)c3c(OC(=O)N(C)OC)cc(OC(=O)N(C)OC)cc3o2)cc1,4.896196279044043,0
CHEMBL591469,COP(=O)(OC)O/C(C)=C1/CCOC1=O,3.0,0
CHEMBL591470,COP(=O)(OC)O/C(C)=C1\CCOC1=O,4.154901959985743,0
CHEMBL592856,COP1(=O)CCCC(CO)=C(C)O1,3.221848749616356,0
CHEMBL4162452,CO[C@@H]1C=C[C@@]2(CN(CCC(C)C)Cc3cc4c(cc32)OCO4)[C@@H](N(C)C=O)C1,3.6989700043360187,0
CHEMBL4169326,CO[C@@H]1C=C[C@@]23c4cc5c(cc4C(=O)N(C)[C@@H]2C(=O)N(C)[C@H]3C1)OCO5,3.6989700043360187,0
CHEMBL4177164,CO[C@@H]1C=C[C@@]23c4cc5c(cc4C(=O)N(CCC(C)C)[C@@H]2C(=O)N(C)[C@H]3C1)OCO5,3.6989700043360187,0
CHEMBL4170372,CO[C@@H]1C=C[C@@]23c4cc5c(cc4C(=O)N(CCC(C)C)[C@@H]2CN(C)[C@@H]3C1)OCO5,3.6989700043360187,0
CHEMBL4174963,CO[C@@H]1C=C[C@@]23c4cc5c(cc4CN(C)[C@@H]2C(=O)N(C)[C@H]3C1)OCO5,3.6989700043360187,0
CHEMBL4164387,CO[C@@H]1C=C[C@@]23c4cc5c(cc4CN(CCC(C)C)[C@@H]2C(=O)N(C)[C@H]3C1)OCO5,3.6989700043360187,0
CHEMBL4168790,CO[C@@H]1C=C[C@@]23c4cc5c(cc4CN(CCC(C)C)[C@]2(C(C)=O)C(=O)N(C)[C@H]3C1)OCO5,3.6989700043360187,0
CHEMBL4167757,CO[C@@H]1C=C[C@@]23c4cc5c(cc4CN(CCc4ccc(O)cc4)[C@@H]2C(=O)N(C)[C@H]3C1)OCO5,3.6989700043360187,0
CHEMBL4159837,CO[C@@H]1C=C[C@@]23c4cc5c(cc4CN(CCc4ccccc4)[C@@H]2C(=O)N(C)[C@H]3C1)OCO5,3.6989700043360187,0
CHEMBL401114,CO[C@@H]1C=C[C@@]23c4cc5c(cc4CN(C[C@@H]2O)[C@H]3C1)OCO5,3.6724307825943088,0
CHEMBL5191152,CO[C@@H]1C=C[C@@]23c4cc5c(cc4CN(C[C@@H]2OC(=O)c2ccc([N+](=O)[O-])cc2)C3C1)OCO5,4.8326826652518236,0
CHEMBL4172720,CO[C@@H]1C=C[C@@]23c4cc5c(cc4C[N@@+]([O-])(CCO)[C@@H]2C(=O)N(C)[C@H]3C1)OCO5,3.8990783196791536,0
CHEMBL4164315,CO[C@@H]1C=C[C@@]23c4cc5c(cc4C[N@@+]([O-])(CCc4ccc(O)cc4)[C@@H]2C(=O)N(C)[C@H]3C1)OCO5,3.6989700043360187,0
CHEMBL4162043,CO[C@@H]1C=C[C@@]23c4cc5c(cc4C[N@@+]([O-])(CCc4ccccc4)[C@@H]2C(=O)N(C)[C@H]3C1)OCO5,3.6989700043360187,0
CHEMBL136686,CO[C@@H]1CC2=CC[C@@H]3[C@H](CC[C@]4(C)C([C@H](C)N(C)C)=CC[C@@H]34)[C@@]2(C)C[C@@H]1O,3.6000000054478725,0
CHEMBL4164862,CO[C@@H]1O[C@@](C)(c2nccc3cc4c(cc23)OCO4)c2ccc3c(c21)OCO3,4.0,0
CHEMBL4164418,CO[C@@H]1O[C@H]([C@@H]2c3cc4c(cc3CCN2C)OCO4)c2ccc3c(c21)OCO3,4.0,0
CHEMBL4160394,CO[C@@H]1O[C@](C)(c2nccc3cc4c(cc23)OCO4)c2ccc3c(c21)OCO3,4.0,0
CHEMBL497276,CO[C@@H]1[C@@H](O)[C@H]2c3cc4c(cc3CN3CC=C([C@H]1O)[C@H]23)OCO4,4.0655015487564325,0
CHEMBL1221863,CO[C@H]1C=C2[C@H]3CN(Cc4cc5c(cc43)OCO5)[C@H]2C[C@@H]1O,4.0,0
CHEMBL5070022,CO[C@H]1C=C2[C@H]3CN(Cc4cc5c(cc43)OCO5)[C@H]2C[C@@H]1OC(=O)N1CCCCC1,4.0,0
CHEMBL5086626,CO[C@H]1C=C2[C@H]3CN(Cc4cc5c(cc43)OCO5)[C@H]2C[C@@H]1OC(=O)c1cc([N+](=O)[O-])ccc1Cl,4.0,0
CHEMBL5079878,CO[C@H]1C=C2[C@H]3CN(Cc4cc5c(cc43)OCO5)[C@H]2C[C@@H]1OC(=O)c1ccc(C)c([N+](=O)[O-])c1,4.0,0
CHEMBL5077601,CO[C@H]1C=C2[C@H]3CN(Cc4cc5c(cc43)OCO5)[C@H]2C[C@@H]1OC(=O)c1ccc(Cl)c([N+](=O)[O-])c1,4.0,0
CHEMBL5090352,CO[C@H]1C=C2[C@H]3CN(Cc4cc5c(cc43)OCO5)[C@H]2C[C@@H]1OC(=O)c1ccc([N+](=O)[O-])cc1Cl,4.0,0
CHEMBL140241,CO[C@H]1CC[C@@]2(C)C(=CC[C@@H]3[C@@H]2CC[C@]2(C)C([C@H](C)N(C)C=O)=CC[C@@H]32)C1,4.3100000171743025,0
CHEMBL342394,CO[C@H]1CC[C@@]2(C)C(=CC[C@H]3[C@@H]4CC[C@H]([C@H](C)N(C)C)[C@@]4(C)CC[C@@H]32)C1,4.3700000191416315,0
CHEMBL4210016,CO[C@H]1C[C@H]2C(=C[C@@H]1O)[C@H]1CN2Cc2cc3c(cc21)OCO3,4.0,0
CHEMBL5090057,CO[C@H]1C[C@H]2C(=C[C@@H]1OC(=O)C1CCCCC1)[C@H]1CN2Cc2cc3c(cc21)OCO3,4.0,0
CHEMBL5079347,CO[C@H]1C[C@H]2C(=C[C@@H]1OC(=O)N1CCCCC1)[C@H]1CN2Cc2cc3c(cc21)OCO3,4.0,0
CHEMBL5084173,CO[C@H]1C[C@H]2C(=C[C@@H]1OC(=O)c1cc(Br)cc([N+](=O)[O-])c1)[C@H]1CN2Cc2cc3c(cc21)OCO3,4.0,0
CHEMBL5083797,CO[C@H]1C[C@H]2C(=C[C@@H]1OC(=O)c1cc([N+](=O)[O-])cc([N+](=O)[O-])c1)[C@H]1CN2Cc2cc3c(cc21)OCO3,4.884056823060945,0
CHEMBL5080499,CO[C@H]1C[C@H]2C(=C[C@@H]1OC(=O)c1ccc(C)cc1)[C@H]1CN2Cc2cc3c(cc21)OCO3,4.0,0
CHEMBL5078705,CO[C@H]1C[C@H]2C(=C[C@@H]1OC(=O)c1ccc([N+](=O)[O-])cc1)[C@H]1CN2Cc2cc3c(cc21)OCO3,4.0,0
CHEMBL5078153,CO[C@H]1C[C@H]2C(=C[C@@H]1OC(=O)c1ccc([N+](=O)[O-])cc1Cl)[C@H]1CN2Cc2cc3c(cc21)OCO3,4.0,0
CHEMBL5081301,CO[C@H]1C[C@H]2C(=C[C@@H]1OC(=O)c1cccc(C)c1)[C@H]1CN2Cc2cc3c(cc21)OCO3,4.0,0
CHEMBL5076903,CO[C@H]1C[C@H]2C(=C[C@@H]1OC(=O)c1cccc([N+](=O)[O-])c1)[C@H]1CN2Cc2cc3c(cc21)OCO3,4.0,0
CHEMBL5076593,CO[C@H]1C[C@H]2C(=C[C@@H]1OC(=O)c1ccccc1)[C@H]1CN2Cc2cc3c(cc21)OCO3,4.0,0
CHEMBL5090722,CO[C@H]1C[C@H]2C(=C[C@@H]1OC(=O)c1ccccc1C)[C@H]1CN2Cc2cc3c(cc21)OCO3,4.0,0
CHEMBL5082296,CO[C@H]1C[C@H]2C(=C[C@@H]1OC(=O)c1ccccc1[N+](=O)[O-])[C@H]1CN2Cc2cc3c(cc21)OCO3,4.0,0
CHEMBL5087001,CO[C@H]1C[C@H]2C(=C[C@@H]1OC(=O)c1ccco1)[C@H]1CN2Cc2cc3c(cc21)OCO3,4.0,0
CHEMBL5077388,CO[C@H]1C[C@H]2C(=C[C@@H]1OC(=O)c1cccs1)[C@H]1CN2Cc2cc3c(cc21)OCO3,4.0,0
CHEMBL5077463,CO[C@H]1C[C@H]2C(=C[C@@H]1OC(=O)c1ccoc1)[C@H]1CN2Cc2cc3c(cc21)OCO3,4.0,0
CHEMBL5088074,CO[C@H]1C[C@H]2C(=C[C@@H]1OCCN1CCCCC1)[C@H]1CN2Cc2cc3c(cc21)OCO3,4.0,0
CHEMBL4168299,CO[C@H]1O[C@@](C)(c2nccc3cc4c(cc23)OCO4)c2ccc3c(c21)OCO3,4.548213564475709,0
CHEMBL4175494,CO[C@H]1O[C@](C)(c2nccc3cc4c(cc23)OCO4)c2ccc3c(c21)OCO3,4.0,0
CHEMBL592433,CO[P@]1(=O)CC[C@H]2COC(=O)C2=C(C)O1,4.522878745280337,0
CHEMBL3401159,CO[P@]1(=O)OC[C@@H]2COC(=O)C2=C(C)O1,7.455931955649724,1
CHEMBL603622,CO[P@]1(=O)OC[C@H]2COC(=O)C2=C(C)O1,7.947212502634916,1
CHEMBL5083432,COc1c(-c2ccc(O)cc2)cc2oc3cc(O)c(O)cc3c2c1O,4.795880017344075,0
CHEMBL4537101,COc1c(C(=O)CCC2CCN(CC3CCCCC3)CC2)cc(Cl)c2[nH]ccc12,7.039053804266168,1
CHEMBL4559904,COc1c(C(=O)CCC2CCN(CC3CCCCC3)CC2)cc(Cl)c2c1ccn2C,7.073657553374344,1
CHEMBL4541090,COc1c(C(=O)CCC2CCN(CC3CCCCC3)CC2)cc(Cl)c2c1ccn2Cc1ccccc1,6.584025588623434,1
CHEMBL6148509,COc1c(C(=O)CCC2CCN(CC3CCCCC3)CC2)cc(F)c(N)c1Br,6.5101820916985496,1
CHEMBL6149029,COc1c(C(=O)CCC2CCN(CC3CCCCC3)CC2)cc(F)c(N)c1I,6.630969778190847,1
CHEMBL4454706,COc1c(C(=O)CCC2CCN(CC3CCCCC3)CC2)ccc2[nH]ccc12,7.3979400086720375,1
CHEMBL4540355,COc1c(C(=O)CCC2CCN(Cc3ccccc3)CC2)cc(Cl)c2[nH]c([Si](C)(C)C)cc12,6.560667306169737,1
CHEMBL4526050,COc1c(C(=O)CCC2CCN(Cc3ccccc3)CC2)cc(Cl)c2[nH]ccc12,7.690369832574102,1
CHEMBL1929043,COc1c(CC=C(C)C)c(O)cc2c1C[C@H](c1ccc(O)c(CC=C(C)C)c1O)CO2,4.809668301829708,0
CHEMBL2441694,COc1c(F)c[n+](C)cc1F.O=S(=O)([O-])C(F)(F)F,4.138190082242268,0
CHEMBL2441695,COc1c(F)c[n+](CCC[n+]2cc(F)c(OC)c(F)c2)cc1F.O=S(=O)([O-])C(F)(F)F.O=S(=O)([O-])C(F)(F)F,4.6153113369619305,0
CHEMBL2441686,COc1c(F)ccc[n+]1C.F[B-](F)(F)F,4.056754637413759,0
CHEMBL2011405,COc1c(O)cc(C2CC(=O)c3c(cc(O)c(C/C=C(\C)CCC=C(C)C)c3O)O2)cc1O,4.640164517660112,0
CHEMBL2011403,COc1c(O)cc(C2Oc3cc(O)c(C/C=C(\C)CCC=C(C)C)c(O)c3C(=O)[C@@H]2O)cc1O,4.806875401645539,0
CHEMBL469423,COc1c(O)cc2c3c1-c1ccccc1C[C@H]3NCC2,4.0,0
CHEMBL4649430,COc1c2c(cc3c1OCO3)[C@]13C=C[C@H](OC)C[C@@H]1[N@](C2)C[C@H]3O,4.0,0
CHEMBL4636698,COc1c2c(cc3c1OCO3)[C@]13C=C[C@H](OC)C[C@@H]1[N@](C2)C[C@H]3OC(=O)C(C)C,4.0,0
CHEMBL4638682,COc1c2c(cc3c1OCO3)[C@]13C=C[C@H](OC)C[C@@H]1[N@](C2)C[C@H]3OC(=O)c1ccc(C)cc1,4.0,0
CHEMBL4649545,COc1c2c(cc3c1OCO3)[C@]13C=C[C@H](OC)C[C@@H]1[N@](C2)C[C@H]3OC(=O)c1ccc([N+](=O)[O-])cc1,4.0,0
CHEMBL4636736,COc1c2c(cc3c1OCO3)[C@]13C=C[C@H](OC)C[C@@H]1[N@](C2)C[C@H]3OC(=O)c1ccc2ccccc2c1,4.0,0
CHEMBL4640168,COc1c2c(cc3c1OCO3)[C@]13C=C[C@H](OC)C[C@@H]1[N@](C2)C[C@H]3OC(=O)c1cccc(C)c1,4.0,0
CHEMBL4646747,COc1c2c(cc3c1OCO3)[C@]13C=C[C@H](OC)C[C@@H]1[N@](C2)C[C@H]3OC(=O)c1cccc([N+](=O)[O-])c1,4.318758762624412,0
CHEMBL4648132,COc1c2c(cc3c1OCO3)[C@]13C=C[C@H](OC)C[C@@H]1[N@](C2)C[C@H]3OC(=O)c1cccc2ccccc12,4.0,0
CHEMBL4633343,COc1c2c(cc3c1OCO3)[C@]13C=C[C@H](OC)C[C@@H]1[N@](C2)C[C@H]3OC(=O)c1ccccc1,4.0,0
CHEMBL4640945,COc1c2c(cc3c1OCO3)[C@]13C=C[C@H](OC)C[C@@H]1[N@](C2)C[C@H]3OC(=O)c1ccccc1C,4.259637310505756,0
CHEMBL4634465,COc1c2c(cc3c1OCO3)[C@]13C=C[C@H](OC)C[C@@H]1[N@](C2)C[C@H]3OC(=O)c1ccccc1[N+](=O)[O-],4.267606240177032,0
CHEMBL4634371,COc1c2c(cc3c1OCO3)[C@]13C=C[C@H](OC)C[C@@H]1[N@](C2)C[C@H]3OC(=O)c1ccco1,4.0,0
CHEMBL4644284,COc1c2c(cc3c1OCO3)[C@]13C=C[C@H](OC)C[C@@H]1[N@](C2)C[C@H]3OC(=O)c1ccoc1,4.0,0
CHEMBL4634473,COc1c2c(cc3c1OCO3)[C@]13C=C[C@H](OC)C[C@@H]1[N@](C2)C[C@H]3OC(C)=O,4.0,0
CHEMBL5088077,COc1c2c(cc3c1OCO3)[C@]13C=C[C@H](OC)C[C@H]1N(C2)C[C@H]3OC(=O)c1cccc2ccccc12,4.0,0
CHEMBL3632858,COc1cc(-c2cc3c(c(=O)o2)C[C@]2(O)[C@@]4(C)C(=O)C=CC(C)(C)[C@]4(O)CC[C@@]2(C)O3)cc(OC)c1O,8.167491087293763,1
CHEMBL24686,COc1cc(-c2cc3c(c(=O)o2)C[C@]2(O)[C@@]4(C)C(=O)C=CC(C)(C)[C@]4(O)CC[C@@]2(C)O3)cc(OC)c1OC,8.145981723447873,1
CHEMBL5597206,COc1cc(-c2cccc3c2N(C)CC3)c(CN2CC[C@@]34C=C[C@H](O)C[C@@H]3Oc3c(OC)ccc(c34)C2)c(OC)c1OC,4.729088360589519,0
CHEMBL3605436,COc1cc(-c2nnc(-c3ccc4c(c3)CO[C@@]4(CCCN(C)C)c3ccc(F)cc3)[nH]2)ccc1O,3.3010299956639813,0
CHEMBL4745534,COc1cc(-c2nnc(N3CCN(c4ccccn4)CC3)o2)cc(OC)c1OC,6.653647025549361,1
CHEMBL3754631,COc1cc(/C=C/C(=O)N(Cc2cccc3[nH]c4ccccc4c23)C(C)C)ccc1O,4.657577319177793,0
CHEMBL4792013,COc1cc(/C=C/C(=O)N2CCC(Cc3ccccc3)CC2)ccc1OC(=O)N(C)C,4.779891911959945,0
CHEMBL4759355,COc1cc(/C=C/C(=O)N2CCC(Cc3ccccc3)CC2)ccc1OC(=O)N(c1ccccc1)c1ccccc1,4.493494967595128,0
CHEMBL4756054,COc1cc(/C=C/C(=O)N2CCCCC2)ccc1OC(=O)N(c1ccccc1)c1ccccc1,4.565431095965801,0
CHEMBL4864801,COc1cc(/C=C/C(=O)N2CCN(Cc3ccc(F)cc3)CC2)ccc1O,4.837435593476981,0
CHEMBL4868234,COc1cc(/C=C/C(=O)N2CCN(Cc3cccc(Cl)c3)CC2)ccc1O,4.811634073936852,0
CHEMBL4873165,COc1cc(/C=C/C(=O)N2CCN(Cc3cccc(F)c3)CC2)ccc1O,4.881735273910521,0
CHEMBL4848801,COc1cc(/C=C/C(=O)N2CCN(Cc3ccccc3)CC2)ccc1O,4.87484417041947,0
CHEMBL4756176,COc1cc(/C=C/C(=O)N2CCN(Cc3ccccc3)CC2)ccc1OC(=O)N(C)C,4.628932137728263,0
CHEMBL4762653,COc1cc(/C=C/C(=O)N2CCN(Cc3ccccc3)CC2)ccc1OC(=O)N(c1ccccc1)c1ccccc1,4.542118103266008,0
CHEMBL4781376,COc1cc(/C=C/C(=O)N2CCN(c3ccc(C)cc3)CC2)ccc1O,4.710411047457403,0
CHEMBL4788008,COc1cc(/C=C/C(=O)N2CCN(c3ccc(Cl)cc3)CC2)ccc1O,4.952725132615821,0
CHEMBL4779302,COc1cc(/C=C/C(=O)N2CCN(c3ccc(F)cc3)CC2)ccc1O,4.95703092660682,0
CHEMBL4785572,COc1cc(/C=C/C(=O)N2CCN(c3cccc([N+](=O)[O-])c3)CC2)ccc1O,4.6302277114030375,0
CHEMBL4786736,COc1cc(/C=C/C(=O)N2CCN(c3ccccc3)CC2)ccc1O,4.532539890492736,0
CHEMBL4759959,COc1cc(/C=C/C(=O)N2CCc3ccccc3C2)ccc1OC(=O)N(C)C,4.747146969020107,0
CHEMBL4741070,COc1cc(/C=C/C(=O)N2CCc3ccccc3C2)ccc1OC(=O)N(C)OC,4.910094888560602,0
CHEMBL4745075,COc1cc(/C=C/C(=O)N2CCc3ccccc3C2)ccc1OC(=O)N(c1ccccc1)c1ccccc1,4.515700160653214,0
CHEMBL4782581,COc1cc(/C=C/C(=O)NCC(=O)Nc2ccc(Br)cc2)ccc1O,4.989700043360188,0
CHEMBL4784543,COc1cc(/C=C/C(=O)NCC(=O)Nc2ccc(C#N)cc2)ccc1O,4.758702612890007,0
CHEMBL4784756,COc1cc(/C=C/C(=O)NCC(=O)Nc2ccc(C)cc2)ccc1O,4.898940645091884,0
CHEMBL4787804,COc1cc(/C=C/C(=O)NCC(=O)Nc2ccc(F)cc2)ccc1O,4.888401475119606,0
CHEMBL4777188,COc1cc(/C=C/C(=O)NCC(=O)Nc2cccc(Br)c2)ccc1O,4.883724412419456,0
CHEMBL4793936,COc1cc(/C=C/C(=O)NCC(=O)Nc2cccc(C#N)c2)ccc1O,4.795608668080701,0
CHEMBL4797133,COc1cc(/C=C/C(=O)NCC(=O)Nc2cccc(C)c2)ccc1O,4.723308471154961,0
CHEMBL4799350,COc1cc(/C=C/C(=O)NCC(=O)Nc2cccc(F)c2)ccc1O,4.65521487736734,0
CHEMBL4788557,COc1cc(/C=C/C(=O)NCC(=O)Nc2ccccc2)ccc1O,4.658763376761308,0
CHEMBL4787493,COc1cc(/C=C/C(=O)NCC(=O)Nc2ccccc2C(F)(F)F)ccc1O,4.8195873671616765,0
CHEMBL4797136,COc1cc(/C=C/C(=O)NCC(=O)Nc2ccccc2C)ccc1O,4.788612447063141,0
CHEMBL4796414,COc1cc(/C=C/C(=O)NCC(=O)Nc2ccccc2F)ccc1O,4.763714722551971,0
CHEMBL4860467,COc1cc(/C=C/C(=O)NCCC(=O)Nc2ccccc2)ccc1O,4.831207979685818,0
CHEMBL3819083,COc1cc(/C=C/C(=O)NCCC2CCN(Cc3ccccc3)CC2)cc(OC)c1OC,6.6307841425898575,1
CHEMBL4216066,COc1cc(/C=C/C(=O)NCCCCCCNc2c3c(nc4ccccc24)CCCC3)cc(OC)c1O,7.185752404268079,1
CHEMBL4209795,COc1cc(/C=C/C(=O)NCCCCCCNc2c3c(nc4ccccc24)CCCC3)cc(OC)c1OCc1nc(C)c(C)nc1C,6.964970717797632,1
CHEMBL2171309,COc1cc(/C=C/C(=O)NCCCCCCNc2c3c(nc4ccccc24)CCCC3)ccc1O,7.934047019686131,1
CHEMBL4534662,COc1cc(/C=C/C(=O)NCCNc2c3c(nc4ccccc24)CCCC3)ccc1OCc1ccccc1,7.258848401148215,1
CHEMBL4088116,COc1cc(/C=C/C(=O)Nc2ccccc2)ccc1O,3.3010299956639813,0
CHEMBL4082739,COc1cc(/C=C/C(=O)Nc2ccccc2)ccc1OCCCCCCCCCCN1CCCC1,4.869023308394383,0
CHEMBL4074258,COc1cc(/C=C/C(=O)Nc2ccccc2)ccc1OCCCCCCCCCCN1CCCCC1,4.9542859410591324,0
CHEMBL4103604,COc1cc(/C=C/C(=O)Nc2ccccc2)ccc1OCCCCCN(C)C,4.4812229310732254,0
CHEMBL4085671,COc1cc(/C=C/C(=O)Nc2ccccc2)ccc1OCCCCN(C)C,3.997833938243492,0
CHEMBL4063663,COc1cc(/C=C/C(=O)Nc2ccccc2)ccc1OCCCCN1CCCC1,4.613501034449347,0
CHEMBL4065799,COc1cc(/C=C/C(=O)Nc2ccccc2)ccc1OCCCN(C)C,4.4703130462270835,0
CHEMBL4085283,COc1cc(/C=C/C(=O)Nc2ccccc2)ccc1OCCCN1CCCC1,4.4301581005962385,0
CHEMBL4068340,COc1cc(/C=C/C(=O)Nc2ccccc2)ccc1OCCCN1CCCCC1,4.839231438138872,0
CHEMBL4093408,COc1cc(/C=C/C(=O)Nc2ccccc2)ccc1OCCN(C)C,4.634512015109101,0
CHEMBL4101703,COc1cc(/C=C/C(=O)Nc2ccccc2)ccc1OCCN1CCCC1,4.454321850207974,0
CHEMBL4095695,COc1cc(/C=C/C(=O)Nc2ccccc2)ccc1OCCN1CCCCC1,4.7121982700697735,0
CHEMBL32749,COc1cc(/C=C/C(=O)O)ccc1O,4.0,0
CHEMBL4090559,COc1cc(/C=C/C(=O)O)ccc1OCCCCCCN1CCCC1,4.155460697870992,0
CHEMBL4075021,COc1cc(/C=C/C(=O)O)ccc1OCCCCCCN1CCCCC1,4.341511618690983,0
CHEMBL5177936,COc1cc(/C=C/C(=O)OCCCCCN(C)Cc2cccc(OC(=O)N(C)C)c2)ccc1O,7.705533773838407,1
CHEMBL5190569,COc1cc(/C=C/c2nnc(-c3ccc(C(F)(F)F)cc3)o2)ccc1O,8.667491087293763,1
CHEMBL5266033,COc1cc(/C=C/c2nnc(-c3ccc(Cl)cc3)o2)ccc1O,9.476253533188435,1
CHEMBL5272625,COc1cc(/C=C/c2nnc(-c3ccc(Cl)cc3Cl)o2)ccc1O,9.657577319177793,1
CHEMBL5269238,COc1cc(/C=C/c2nnc(-c3ccc(F)cc3)o2)ccc1O,9.546681659952963,1
CHEMBL5286535,COc1cc(/C=C/c2nnc(-c3ccc(F)cc3F)o2)ccc1O,9.721246399047171,1
CHEMBL5197518,COc1cc(/C=C/c2nnc(-c3ccc(OC(F)(F)F)cc3)o2)ccc1O,8.536212172654444,1
CHEMBL4440283,COc1cc(/C=N/C2CCN(Cc3ccccc3)CC2)cc(OC)c1OC,4.823908740944319,0
CHEMBL6165462,COc1cc(/C=N/NC(=O)c2ccc(Cl)nc2)ccc1O,7.522878745280337,1
CHEMBL4085722,COc1cc(/C=N/O)c(O)c(CN2CCC(CN3CCc4cc(OC)c(OC)cc4C3)CC2)c1,3.071655364735138,0
CHEMBL4064304,COc1cc(/C=N/O)c(O)c(CN2CCC(CN3CCc4cc(OC)c(OC)cc4C3c3ccccc3)CC2)c1,3.264880365918128,0
CHEMBL4100057,COc1cc(/C=N/O)c(O)c(CN2CCc3cc(OC)c(OC)cc3C2)c1,2.8594919569618202,0
CHEMBL4084189,COc1cc(/C=N/O)c(O)c(CN2CCc3cc(OC)c(OC)cc3C2c2ccccc2)c1,3.0403386297265045,0
CHEMBL2441691,COc1cc(C#N)cc[n+]1C.F[B-](F)(F)F,4.253549994445648,0
CHEMBL385269,COc1cc(C(=O)NCC(=O)NNc2c3c(nc4ccccc24)CCCC3)cc(OC)c1OC,7.287350298372789,1
CHEMBL266045,COc1cc(C(=O)NCCC(=O)NNc2c3c(nc4ccccc24)CCCC3)cc(OC)c1OC,7.049635145623877,1
CHEMBL219063,COc1cc(C(=O)NCCCC(=O)NNc2c3c(nc4ccccc24)CCCC3)cc(OC)c1OC,6.617982957425132,1
CHEMBL219550,COc1cc(C(=O)NCCCCC(=O)NNc2c3c(nc4ccccc24)CCCC3)cc(OC)c1OC,7.769551078621726,1
CHEMBL434378,COc1cc(C(=O)NCCCCCC(=O)NNc2c3c(nc4ccccc24)CCCC3)cc(OC)c1OC,7.739928612014925,1
CHEMBL219569,COc1cc(C(=O)NCCCCCCC(=O)NNc2c3c(nc4ccccc24)CCCC3)cc(OC)c1OC,8.247951552180561,1
CHEMBL216159,COc1cc(C(=O)NCCCCCCCC(=O)NNc2c3c(nc4ccccc24)CCCC3)cc(OC)c1OC,8.280668713016274,1
CHEMBL374981,COc1cc(C(=O)NCCCCCCCCC(=O)NNc2c3c(cc4ccccc24)CCCC3)cc(OC)c1OC,8.29413628771608,1
CHEMBL4441005,COc1cc(C(=O)n2nc(OCCN3CCCC3)c3ccccc32)cc(OC)c1OC,4.935542010773082,0
CHEMBL3233995,COc1cc(C(C#N)N2CCCC2)cc(OC)c1OC,3.493494967595128,0
CHEMBL3234000,COc1cc(C(C#N)N2CCCC2)ccc1O,3.445874418486987,0
CHEMBL3233994,COc1cc(C(C#N)N2CCCCC2)cc(OC)c1OC,3.4190750243243806,0
CHEMBL1556015,COc1cc(C(C#N)N2CCCCC2)ccc1O,3.348721986001856,0
CHEMBL1190535,COc1cc(C(C#N)N2CCN(C)CC2)cc(OC)c1OC,3.3914739664228057,0
CHEMBL3234001,COc1cc(C(C#N)N2CCN(C)CC2)ccc1O,3.4682656907234497,0
CHEMBL1192998,COc1cc(C(C#N)N2CCOCC2)cc(OC)c1OC,3.4100503986742923,0
CHEMBL1611608,COc1cc(C(C#N)N2CCOCC2)ccc1O,3.3880643749598773,0
CHEMBL3545711,COc1cc(C(C)N(C)C)c2c(c1)oc(=O)c1ccccc12,4.82102305270683,0
CHEMBL3335020,COc1cc(C(C)N(C)C)c2c(c1)oc(=O)c1ccccc12.Cl,4.82102305270683,0
CHEMBL5184154,COc1cc(C2=NN(C(C)=O)C(c3ccc(-c4ccccc4)cc3)C2)cc(OC)c1OC,2.7106340484799682,0
CHEMBL4640608,COc1cc(C2C3=C(CCCC3=O)NC3=C2C(=O)CCC3)ccc1OCc1ccc(F)cc1,3.9030899869919438,0
CHEMBL2011406,COc1cc(C2CC(=O)c3c(cc(O)c(C/C=C(\C)CCC=C(C)C)c3O)O2)cc(OC)c1O,3.499900808084277,0
CHEMBL3355579,COc1cc(CCC(=O)/C=C/CCCNc2c3c(nc4cc(Cl)ccc24)CC2CC(C)=CC3C2)ccc1O,8.173925197299173,1
CHEMBL3355581,COc1cc(CCC(=O)/C=C/c2ccc(CNc3c4c(nc5cc(Cl)ccc35)CC3CC(C)=CC4C3)cc2)cc(CN(C)C)c1O,7.675717544702307,1
CHEMBL3355580,COc1cc(CCC(=O)/C=C/c2ccc(CNc3c4c(nc5cc(Cl)ccc35)CC3CC(C)=CC4C3)cc2)ccc1O,7.73754891026957,1
CHEMBL445846,COc1cc(CCC(=O)NCC(=O)NNc2c3c(nc4ccccc24)CCCC3)cc(OC)c1OC,7.39040559077478,1
CHEMBL220141,COc1cc(CCC(=O)NCCC(=O)NNc2c3c(nc4ccccc24)CCCC3)cc(OC)c1OC,6.8696662315049934,1
CHEMBL384886,COc1cc(CCC(=O)NCCCC(=O)NNc2c3c(nc4ccccc24)CCCC3)cc(OC)c1OC,7.142064735280571,1
CHEMBL219316,COc1cc(CCC(=O)NCCCCC(=O)NNc2c3c(nc4ccccc24)CCCC3)cc(OC)c1OC,7.229147988357855,1
CHEMBL219264,COc1cc(CCC(=O)NCCCCCC(=O)NNc2c3c(nc4ccccc24)CCCC3)cc(OC)c1OC,8.0762380391713,1
CHEMBL5077234,COc1cc(CCCCCCCCNc2c3c(nc4cc(Cl)ccc24)CCCC3)cc(OC)c1,8.292429823902063,1
CHEMBL5088541,COc1cc(CCCCCCCCNc2c3c(nc4ccccc24)CCCC3)cc(OC)c1,7.3260580013659125,1
CHEMBL4093419,COc1cc(CCc2ccc(Nc3c4c(nc5ccccc35)CCCC4)cc2)cc(OC)c1,4.847711655616943,0
CHEMBL5408735,COc1cc(CN(C)CCc2ccc(O)cc2)c(-c2cccc3c2N(C)CC3)cc1OC,4.0,0
CHEMBL294199,COc1cc(CNC(=O)CCCC/C=C/C(C)C)ccc1O,3.6989700043360187,0
CHEMBL4794769,COc1cc(CNC(=O)CCCC/C=C/CCCNc2c3c(nc4cc(Cl)ccc24)CC2C=C(C)CC3C2)ccc1O,8.248720896016657,1
CHEMBL4741162,COc1cc(CNC(=O)CCCC/C=C/CNc2c3c(nc4cc(Cl)ccc24)CC2C=C(C)CC3C2)ccc1O,8.355561410532161,1
CHEMBL4782921,COc1cc(CNC(=O)CCCCCCCCNc2c3c(nc4cc(Cl)ccc24)CC2C=C(C)CC3C2)ccc1O,8.531652669587842,1
CHEMBL4872514,COc1cc(CNC(=O)CCCCCCCCNc2c3c(nc4cc(Cl)ccc24)CC2C=C(C)CC3C2)ccn1,8.903089986991944,1
CHEMBL4748114,COc1cc(CNC(=O)CCCCCCCNc2c3c(nc4cc(Cl)ccc24)CC2C=C(C)CC3C2)ccc1O,8.712198270069774,1
CHEMBL4754487,COc1cc(CNC(=O)CCCCCCNc2c3c(nc4cc(Cl)ccc24)CC2C=C(C)CC3C2)ccc1O,9.113509274827518,1
CHEMBL4788434,COc1cc(CNC(=O)CCCCCNc2c3c(nc4cc(Cl)ccc24)CC2C=C(C)CC3C2)ccc1O,8.361510743045363,1
CHEMBL4743210,COc1cc(CNC(=O)CCCCNc2c3c(nc4cc(Cl)ccc24)CC2C=C(C)CC3C2)ccc1O,8.26121944151563,1
CHEMBL4744528,COc1cc(CNC(=O)Cc2cn(CCCCC3=CC4Cc5nc6cc(Cl)ccc6c(N)c5C(C3)C4)nn2)ccc1O,8.97469413473523,1
CHEMBL4782267,COc1cc(CNC(=O)c2ccc(CNc3c4c(nc5cc(Cl)ccc35)CC3C=C(C)CC4C3)cc2)ccc1O,7.603800652904264,1
CHEMBL1770549,COc1cc(CNCCCCCCNC2=CC(=O)C(NCCCCCCNCc3ccc(O)c(OC)c3)=CC2=O)ccc1O,6.991399828238082,1
CHEMBL1770548,COc1cc(CNCCCNC2=CC(=O)C(NCCCNCc3ccc(O)c(OC)c3)=CC2=O)ccc1O,6.703334809738469,1
CHEMBL2047231,COc1cc(CNc2ccnc(NC3CCN(Cc4ccccc4)CC3)n2)cc(OC)c1OC,4.987162775294828,0
CHEMBL5905385,COc1cc(N)c(Br)cc1C(=O)CCC1CCN(CC2CCCCC2)CC1,7.00436480540245,1
CHEMBL3417004,COc1cc(N)c(Cl)cc1/C(CCC1CCN(CC2CCCCC2)CC1)=N/O,7.619788758288394,1
CHEMBL5921670,COc1cc(N)c(Cl)cc1C(=O)C(C)CC1CCN(CC2CCCCC2)CC1,6.696803942579511,1
CHEMBL3416996,COc1cc(N)c(Cl)cc1C(=O)CCC1CCN(CC2CCCC2)CC1,7.161150909262744,1
CHEMBL3417009,COc1cc(N)c(Cl)cc1C(=O)CCC1CCN(CC2CCCCC2)CC1,7.710848507801552,1
CHEMBL3416997,COc1cc(N)c(Cl)cc1C(=O)CCC1CCN(CC2CCCCCC2)CC1,7.2441251443275085,1
CHEMBL3546835,COc1cc(N)c(Cl)cc1C(=O)CCC1CCN(CC2CCNCC2)CC1,6.928117992693875,1
CHEMBL3416998,COc1cc(N)c(Cl)cc1C(=O)CCC1CCN(CC2CCNCC2)CC1.Cl,6.928117992693875,1
CHEMBL3416999,COc1cc(N)c(Cl)cc1C(=O)CCC1CCN(CCC2CCCCC2)CC1,6.653647025549361,1
CHEMBL4526049,COc1cc(N)c(Cl)cc1C(=O)CCC1CCN(Cc2ccc(O)c(O)c2)CC1,6.860435733824151,1
CHEMBL3417001,COc1cc(N)c(Cl)cc1C(=O)CCC1CCN(Cc2ccccc2)CC1,8.070581074285707,1
CHEMBL3417002,COc1cc(N)c(Cl)cc1C(=O)CCC1CCN(Cc2cccnc2)CC1,7.346787486224656,1
CHEMBL3417003,COc1cc(N)c(Cl)cc1C(=O)CCC1CCN(Cc2ccncc2)CC1,6.91721462968355,1
CHEMBL6030402,COc1cc(N)c(F)cc1C(=O)CCC1CCN(CC2CCCCC2)CC1,7.619788758288394,1
CHEMBL6149735,COc1cc(N)c(F)cc1C(=O)CCC1CCN(CC2CCCCC2)CC1.O=C(O)/C=C/C(=O)O,7.5376020021010435,1
CHEMBL6040839,COc1cc(N)c(I)cc1C(=O)CCC1CCN(CC2CCCCC2)CC1,6.517126416391246,1
CHEMBL5963054,COc1cc(N)ccc1C(=O)CCC1CCN(CC2CCCCC2)CC1,7.585026652029182,1
CHEMBL4095547,COc1cc(NC(=S)NCCN2CCOCC2)ccc1Cl,3.6989700043360187,0
CHEMBL6133128,COc1cc(NC(C)=O)c(Cl)cc1C(=O)CCC1CCN(CC2CCCCC2)CC1,7.468521082957745,1
CHEMBL2297278,COc1cc(O)c(-c2cc(=O)c3c(O)cc(O)cc3o2)cc1C/C=C(\C)CCC=C(C)C,4.960585880823863,0
CHEMBL5275941,COc1cc(O)c(C(=O)/C=C/c2ccc(F)cc2)cc1I,8.027797161620935,1
CHEMBL4556664,COc1cc(O)c(C(C)=O)c(-c2c(C)cc(O)c3oc4c(O)cc(C)c(-c5cc(OC)cc(O)c5C(=O)O)c4c23)c1,4.165579296318468,0
CHEMBL2019048,COc1cc(O)c2c(=O)cc(C(=O)NCCCCCCCCCCNc3c4c(nc5cc(Cl)ccc35)CCCC4)oc2c1.Cl,10.455931955649724,1
CHEMBL2019046,COc1cc(O)c2c(=O)cc(C(=O)NCCCCCCCCCCNc3c4c(nc5ccccc35)CCCC4)oc2c1.Cl,9.0,1
CHEMBL5398421,COc1cc(O)c2c(c1)C(=O)c1cc(O)c(O)cc1CCN2,4.337242168318426,0
CHEMBL4571704,COc1cc(O)c2c(c1)C1=C(c3c(O)c(O)cc(C)c3-c3cc(OC)cc(O)c3C(=O)O)C(=O)C(O)=CC1(C)OC2=O,4.809668301829708,0
CHEMBL5411734,COc1cc(O)c2c(c1)C[C@@H]1c3c(cc4c(c3-2)OCO4)CCN1C,4.070581074285707,0
CHEMBL5427951,COc1cc(O)c2c(c1)C[C@@H]1c3c(cc4c(c3-2)OCO4)CC[N@+]1(C)[O-],3.5228787452803374,0
CHEMBL5415340,COc1cc(O)c2c(c1)C[C@@H]1c3c(cc4c(c3-2)OCO4)CC[N@@+]1(C)[O-],3.5228787452803374,0
CHEMBL5408625,COc1cc(O)c2c(c1)C[C@H]1NCCc3c(OC)c4c(c-2c31)OCO4,3.7907531512466264,0
CHEMBL5416128,COc1cc(O)c2c(c1)C[C@H]1NCCc3cc4c(c-2c31)OCO4,3.5228787452803374,0
CHEMBL5280671,COc1cc(O)cc(-c2cc3ccc(O)c(C/C=C(\C)CCC=C(C)C)c3o2)c1CC=C(C)C,3.6989700043360187,0
CHEMBL5427350,COc1cc(O)cc2c1-c1c3c(cc4c1[C@@H](C2)N(C)CC4)OCO3,3.5228787452803374,0
CHEMBL5992630,COc1cc(O)cc2c1Oc1c(Oc3cc(O)cc(O)c3)c(O)cc(O)c1O2,4.465973893943865,0
CHEMBL3311038,COc1cc(OC)c(-c2coc3c4c(ccc3c2=O)OC(C)(C)C=C4)cc1OC,3.915066425063284,0
CHEMBL2019038,COc1cc(OC)c2c(=O)cc(C(=O)NCCCCCCCCCCNc3c4c(nc5cc(Cl)ccc35)CCCC4)oc2c1.Cl,9.455931955649724,1
CHEMBL2019037,COc1cc(OC)c2c(=O)cc(C(=O)NCCCCCCCCCCNc3c4c(nc5ccccc35)CCCC4)oc2c1.Cl,8.638272163982407,1
CHEMBL513279,COc1cc(OCC=C(C)C)c2ccc(=O)oc2c1,3.619788758288394,0
CHEMBL5787130,COc1cc(Oc2c(O)cc(Oc3c(O)cc(O)c4c3Oc3c(O)cc(O)cc3O4)cc2O)cc2c1Oc1c(Oc3cc(O)cc(O)c3)c(O)cc(O)c1O2,4.478861916295964,0
CHEMBL253152,COc1cc([C@@H]2CC(=O)c3c(cc(O)c(C/C=C(\C)CCC=C(C)C)c3O)O2)ccc1O,3.9617773616312815,0
CHEMBL459258,COc1cc([C@H]2Oc3cc(O)c(C/C=C(\C)CCC=C(C)C)c(O)c3C(=O)[C@@H]2O)ccc1O,4.314258261397736,0
CHEMBL138988,COc1cc([N+](C)(C)C)ccc1C,3.911999999739359,0
CHEMBL3233934,COc1cc2[nH]c(=O)c(C(=O)NCC3CCN(Cc4ccccc4)CC3)c(O)c2cc1OC,6.638272163982407,1
CHEMBL4293801,COc1cc2[nH]c(C(=O)NCCC3CCN(Cc4ccccc4)CC3)cc(=O)c2cc1OC,6.769551078621726,1
CHEMBL3115023,COc1cc2[se]n(-c3ccc(CCN4CCCC4)cc3)c(=O)c2cc1OC,4.855737226238009,0
CHEMBL3115024,COc1cc2[se]n(-c3ccc(CCN4CCCCC4)cc3)c(=O)c2cc1OC,4.9779842601822795,0
CHEMBL3115022,COc1cc2[se]n(-c3ccc(CN(C)Cc4ccccc4)cc3)c(=O)c2cc1OC,4.823908740944319,0
CHEMBL3086276,COc1cc2[se]n(CCC3CCN(Cc4ccccc4)CC3)c(=O)c2cc1OC,7.013228265733755,1
CHEMBL3086277,COc1cc2[se]n(CCCC3CCN(Cc4ccccc4)CC3)c(=O)c2cc1OC,6.636388020107856,1
CHEMBL3086278,COc1cc2[se]n(CCCCC3CCN(Cc4ccccc4)CC3)c(=O)c2cc1OC,6.987162775294828,1
CHEMBL3093791,COc1cc2[se]n(CCCCCCNc3c4c(nc5ccccc35)CCCC4)c(=O)c2cc1OC,7.8201610719768135,1
CHEMBL1940737,COc1cc2c(C)c(OC)c(=O)oc2cc1OCCCCOc1cc(O)cc(N(C)C)c1,6.560667306169737,1
CHEMBL5208951,COc1cc2c(Nc3ccc(C(=O)/C=C/c4nc(C)c(C)nc4C)cc3)ncnc2c(OC)c1OC,7.0,1
CHEMBL5089821,COc1cc2c(c(CO)c1OC)C[C@H]1c3c(cc4c(c3OC)OCO4)CC[N+]1=C2.O=C([O-])C(F)(F)F,4.176525770829699,0
CHEMBL5402370,COc1cc2c(c(O)c1OC)CCN1Cc3c(ccc(O)c3OC)C[C@@H]21,4.050609993355087,0
CHEMBL5420095,COc1cc2c(c(O)c1OC)CC[N@+]1(C)Cc3c(ccc(O)c3OC)C[C@@H]21.[OH-],3.8827287043442356,0
CHEMBL5425587,COc1cc2c(c(O)c1OC)CC[n+]1cc3c(OC)c(O)ccc3cc1-2,4.785156151952302,0
CHEMBL5597952,COc1cc2c(c(O)c1OC)[C@@]13CC[C@H](O)C[C@@H]1N(CC3)C2O,4.0,0
CHEMBL152826,COc1cc2c(c(OC)c1)C(=O)C(C)C2,7.010098384159016,1
CHEMBL440185,COc1cc2c(c(OC)c1OC)C(=O)C(C)C2,7.150150496562599,1
CHEMBL250688,COc1cc2c(c(OC)c1OC)C(=O)O[C@]21[C@H](O)[C@@H](O)C=C2CCN(C)[C@H]21,3.94692155651658,0
CHEMBL5085317,COc1cc2c(c3c1OCOC3)C[C@H]1c3c(cc4c(c3OC)OCO4)CCN1C2,4.701146923590294,0
CHEMBL5076804,COc1cc2c(c3c1OCOC3)C[C@H]1c3c(cc4c(c3OC)OCO4)CC[N+]1=C2.O=C([O-])C(F)(F)F,4.723538195826756,0
CHEMBL347667,COc1cc2c(cc1O)C(=O)C(C)C2,7.650150496562599,1
CHEMBL4159705,COc1cc2c(cc1O)C(=O)C(Cc1cc[n+](Cc3cccc(Cl)c3)cc1C(C)=O)C2,8.568636235841012,1
CHEMBL4548293,COc1cc2c(cc1O)C(Cc1ccc(O)c(Oc3cc(CC4c5cc(O)c(OC)cc5CCN4C)ccc3OC)c1)N(C)CC2,4.180456064458132,0
CHEMBL4797814,COc1cc2c(cc1O)CCC(C)(CC(=O)NCCCCCCCCCNc1c3c(nc4cc(Cl)ccc14)CCCC3)O2,8.688246138944246,1
CHEMBL4757922,COc1cc2c(cc1O)CCC(C)(CC(=O)NCCCCCCCCCNc1c3c(nc4ccccc14)CCCC3)O2,7.2380721615794705,1
CHEMBL4787579,COc1cc2c(cc1O)CCC(C)(CC(=O)NCCCCCCCCNc1c3c(nc4cc(Cl)ccc14)CCCC3)O2,8.43297363384094,1
CHEMBL4792460,COc1cc2c(cc1O)CCC(C)(CC(=O)NCCCCCCCCNc1c3c(nc4ccccc14)CCCC3)O2,7.156144577376839,1
CHEMBL4798535,COc1cc2c(cc1O)CCC(C)(CC(=O)NCCCCCCCNc1c3c(nc4cc(Cl)ccc14)CCCC3)O2,8.265200170411154,1
CHEMBL4794549,COc1cc2c(cc1O)CCC(C)(CC(=O)NCCCCCCCNc1c3c(nc4ccccc14)CCCC3)O2,6.954677021213342,1
CHEMBL4749077,COc1cc2c(cc1O)CCC(C)(CC(=O)NCCCCCCNc1c3c(nc4ccccc14)CCCC3)O2,6.560667306169737,1
CHEMBL4758624,COc1cc2c(cc1O)CCC(C)(CC(=O)NCCOCCOCCNc1c3c(nc4cc(Cl)ccc14)CCCC3)O2,7.319664486585437,1
CHEMBL4794645,COc1cc2c(cc1O)CCC(C)(CCC(=O)NCCCCCCCCNc1c3c(nc4cc(Cl)ccc14)CCCC3)O2,8.20551195334083,1
CHEMBL4797177,COc1cc2c(cc1O)CCC(C)(CCC(=O)NCCCCCCCNc1c3c(nc4cc(Cl)ccc14)CCCC3)O2,8.100179497572904,1
CHEMBL4762419,COc1cc2c(cc1O)CCC(C)(CCC(=O)NCCCCCCNc1c3c(nc4cc(Cl)ccc14)CCCC3)O2,8.42021640338319,1
CHEMBL4796696,COc1cc2c(cc1O)CCC(C)(CCN)O2,3.9956786262173574,0
CHEMBL4785201,COc1cc2c(cc1O)CCC(C)(CCNCCCCCCCCCNc1c3c(nc4cc(Cl)ccc14)CCCC3)O2,9.568636235841012,1
CHEMBL4751100,COc1cc2c(cc1O)CCC(C)(CCNCCCCCCCCNc1c3c(nc4cc(Cl)ccc14)CCCC3)O2,9.920818753952375,1
CHEMBL4796461,COc1cc2c(cc1O)CCC(C)(CCNCCCCCCCNc1c3c(nc4cc(Cl)ccc14)CCCC3)O2,9.356547323513812,1
CHEMBL4787251,COc1cc2c(cc1O)CCC(C)(CCNCCOCCOCCNc1c3c(nc4cc(Cl)ccc14)CCCC3)O2,8.078313524516398,1
CHEMBL5434024,COc1cc2c(cc1O)CC[n+]1cc3c(OC)c(O)ccc3cc1-2,4.749579997691106,0
CHEMBL1235966,COc1cc2c(cc1O)[C@@H]1Cc3ccc(OC)c(O)c3CN1CC2,3.8437538096026556,0
CHEMBL586091,COc1cc2c(cc1O)[C@@H]1[C@H](O)[C@@H](O)C=C3CCN(C2)[C@H]31,3.7266977214323433,0
CHEMBL4160912,COc1cc2c(cc1O)[C@@H]1[C@H](O)[C@@H](OC)C=C3CCN(C2)[C@H]31,3.6989700043360187,0
CHEMBL4165897,COc1cc2c(cc1O)[C@@H]1[C@H](O)[C@@H](OC)C=C3CC[N@@+]([O-])(C2)[C@H]31,3.6989700043360187,0
CHEMBL6151706,COc1cc2c(cc1OC(=O)CCCCC1CCSS1)C(=O)C(CC1CCN(Cc3ccccc3)CC1)C2,7.555955204081924,1
CHEMBL153848,COc1cc2c(cc1OC(C)C)CC(C)C2=O,7.235096248429931,1
CHEMBL4780148,COc1cc2c(cc1OC)/C(=C/c1ccc(N3CCCCC3)c(O)c1)OC2=O,7.301029995663981,1
CHEMBL4778409,COc1cc2c(cc1OC)/C(=C\c1ccc(N3CCCCC3)c(O)c1)OC2=O,7.920818753952375,1
CHEMBL5272511,COc1cc2c(cc1OC)/C(=N\N)C(CC1CCN(Cc3ccccc3)CC1)C2,6.721246399047171,1
CHEMBL5278147,COc1cc2c(cc1OC)/C(=N\NC(=O)C(C)c1ccc(CC(C)C)cc1)C(CC1CCN(Cc3ccccc3)CC1)C2,7.823908740944319,1
CHEMBL5289604,COc1cc2c(cc1OC)/C(=N\NC(=O)c1ccccc1OC(C)=O)C(CC1CCN(Cc3ccccc3)CC1)C2,7.337242168318426,1
CHEMBL4164347,COc1cc2c(cc1OC)C(=O)/C(=C/C1CCN(Cc3cc(Cl)c4ccccc4n3)CC1)C2,5.0,0
CHEMBL4166300,COc1cc2c(cc1OC)C(=O)/C(=C/C1CCN(Cc3cc(N)c4ccccc4n3)CC1)C2,7.853871964321762,1
CHEMBL168938,COc1cc2c(cc1OC)C(=O)/C(=C/C1CCN(Cc3ccccc3)CC1)C2,7.236572006437063,1
CHEMBL4083039,COc1cc2c(cc1OC)C(=O)/C(=C/c1cc[n+](Cc3ccc(Br)cc3)cc1)C2.[Br-],7.15676722190199,1
CHEMBL4076986,COc1cc2c(cc1OC)C(=O)/C(=C/c1cc[n+](Cc3ccc(C)cc3)cc1)C2.[Br-],7.730487055782084,1
CHEMBL4073287,COc1cc2c(cc1OC)C(=O)/C(=C/c1cc[n+](Cc3ccc(F)cc3)cc1)C2.[Br-],8.387216143280265,1
CHEMBL5187881,COc1cc2c(cc1OC)C(=O)/C(=C/c1cc[n+](Cc3ccc(F)cc3)cc1)OC2.[Br-],9.823908740944319,1
CHEMBL4070471,COc1cc2c(cc1OC)C(=O)/C(=C/c1cc[n+](Cc3ccc([N+](=O)[O-])cc3)cc1)C2.[Br-],7.22548303427145,1
CHEMBL4082048,COc1cc2c(cc1OC)C(=O)/C(=C/c1cc[n+](Cc3cccc(Br)c3)cc1)C2.[Br-],8.2839966563652,1
CHEMBL4084842,COc1cc2c(cc1OC)C(=O)/C(=C/c1cc[n+](Cc3cccc(C)c3)cc1)C2.[Br-],8.397940008672037,1
CHEMBL4095035,COc1cc2c(cc1OC)C(=O)/C(=C/c1cc[n+](Cc3cccc(F)c3)cc1)C2.[Br-],8.537602002101044,1
CHEMBL4101018,COc1cc2c(cc1OC)C(=O)/C(=C/c1cc[n+](Cc3cccc([N+](=O)[O-])c3)cc1)C2.[Br-],8.443697499232712,1
CHEMBL4098703,COc1cc2c(cc1OC)C(=O)/C(=C/c1cc[n+](Cc3ccccc3)cc1)C2.[Br-],8.468521082957745,1
CHEMBL4063583,COc1cc2c(cc1OC)C(=O)/C(=C/c1cc[n+](Cc3ccccc3Br)cc1)C2.[Br-],8.42021640338319,1
CHEMBL4099391,COc1cc2c(cc1OC)C(=O)/C(=C/c1cc[n+](Cc3ccccc3C)cc1)C2.[Br-],8.236572006437063,1
CHEMBL4076580,COc1cc2c(cc1OC)C(=O)/C(=C/c1cc[n+](Cc3ccccc3F)cc1)C2.[Br-],9.096910013008056,1
CHEMBL4090583,COc1cc2c(cc1OC)C(=O)/C(=C/c1ccc(CN(C)C)c(O)c1)O2,4.614393726401688,0
CHEMBL4102562,COc1cc2c(cc1OC)C(=O)/C(=C/c1ccc(CN(C)Cc3ccccc3)c(O)c1)O2,4.580044251510242,0
CHEMBL604096,COc1cc2c(cc1OC)C(=O)/C(=C/c1ccc(CN(C)Cc3ccccc3)cc1)CC2,6.7447274948966935,1
CHEMBL4100760,COc1cc2c(cc1OC)C(=O)/C(=C/c1ccc(CN3CCCCC3)c(O)c1)O2,7.430626090384954,1
CHEMBL4081805,COc1cc2c(cc1OC)C(=O)/C(=C/c1ccc(CN3CCN(C)CC3)c(O)c1)O2,4.853871964321762,0
CHEMBL5266165,COc1cc2c(cc1OC)C(=O)/C(=C/c1ccc(OCCN3CCCCC3)cc1)C2,6.522878745280337,1
CHEMBL4794250,COc1cc2c(cc1OC)C(=O)/C(=C/c1ccc(OCCN[N+]3(C)CCN(c4ccc(/C=C5\Cc6cc(OC)c(OC)cc6C5=O)cc4)CC3)cc1)C2.[Br-],4.619788758288394,0
CHEMBL154848,COc1cc2c(cc1OC)C(=O)C(C)C2,7.350111288507793,1
CHEMBL185799,COc1cc2c(cc1OC)C(=O)C(C1CC[N+](C)(Cc3ccccc3)CC1)=C2,6.6020599913279625,1
CHEMBL355160,COc1cc2c(cc1OC)C(=O)C(CC1CCN(CC3CCCCC3)CC1)C2,8.045757490560675,1
CHEMBL1187434,COc1cc2c(cc1OC)C(=O)C(CC1CCN(CCCNc3c4c(nc5cc(Cl)ccc35)CCCC4)CC1)C2,9.568636235841012,1
CHEMBL3216655,COc1cc2c(cc1OC)C(=O)C(CC1CCN(CCCNc3c4c(nc5cc(Cl)ccc35)CCCC4)CC1)C2.Cl.Cl.Cl,9.568636235841012,1
CHEMBL3216886,COc1cc2c(cc1OC)C(=O)C(CC1CCN(CCCNc3c4c(nc5ccccc35)CCCC4)CC1)C2.Cl.Cl,9.05551732784983,1
CHEMBL3216422,COc1cc2c(cc1OC)C(=O)C(CC1CCN(CCNc3c4c(nc5cc(Cl)ccc35)CCCC4)CC1)C2.Cl.Cl.Cl,9.173925197299173,1
CHEMBL4174514,COc1cc2c(cc1OC)C(=O)C(CC1CCN(Cc3cc(Cl)c4ccccc4n3)CC1)C2,5.0,0
CHEMBL354848,COc1cc2c(cc1OC)C(=O)C(CC1CCN(Cc3ccc(C)cc3)CC1)C2,6.896196279044043,1
CHEMBL3985059,COc1cc2c(cc1OC)C(=O)C(CC1CCN(Cc3ccc(F)cc3)CC1)C2,7.3872161432802645,1
CHEMBL3950063,COc1cc2c(cc1OC)C(=O)C(CC1CCN(Cc3ccc(O)c4ncccc34)CC1)C2,4.679853713888946,0
CHEMBL3934564,COc1cc2c(cc1OC)C(=O)C(CC1CCN(Cc3ccc4cccc(O)c4n3)CC1)C2,4.525783735923745,0
CHEMBL170946,COc1cc2c(cc1OC)C(=O)C(CC1CCN(Cc3cccc(C)c3)CC1)C2,7.055517327849832,1
CHEMBL3919441,COc1cc2c(cc1OC)C(=O)C(CC1CCN(Cc3cccc(C)n3)CC1)C2,7.136677139879544,1
CHEMBL3960861,COc1cc2c(cc1OC)C(=O)C(CC1CCN(Cc3cccc(Cl)c3)CC1)C2,6.943095148663527,1
CHEMBL3927363,COc1cc2c(cc1OC)C(=O)C(CC1CCN(Cc3cccc(F)c3)CC1)C2,7.267606240177032,1
CHEMBL3928343,COc1cc2c(cc1OC)C(=O)C(CC1CCN(Cc3cccc(F)n3)CC1)C2,6.709965388637482,1
CHEMBL502,COc1cc2c(cc1OC)C(=O)C(CC1CCN(Cc3ccccc3)CC1)C2,7.594345961453815,1
CHEMBL1678,COc1cc2c(cc1OC)C(=O)C(CC1CCN(Cc3ccccc3)CC1)C2.Cl,7.409187616830377,1
CHEMBL2337271,COc1cc2c(cc1OC)C(=O)C(CC1CCN(Cc3ccccc3)CC1)C2.Cl.O,7.522878745280337,1
CHEMBL353468,COc1cc2c(cc1OC)C(=O)C(CC1CCN(Cc3ccccc3C)CC1)C2,6.614393726401688,1
CHEMBL3933395,COc1cc2c(cc1OC)C(=O)C(CC1CCN(Cc3ccccc3Cl)CC1)C2,7.013228265733755,1
CHEMBL3943450,COc1cc2c(cc1OC)C(=O)C(CC1CCN(Cc3ccccc3F)CC1)C2,7.494850021680094,1
CHEMBL3910513,COc1cc2c(cc1OC)C(=O)C(CC1CCN(Cc3ccccn3)CC1)C2,6.8326826652518236,1
CHEMBL3891369,COc1cc2c(cc1OC)C(=O)C(CC1CCN(Cc3ncccc3C)CC1)C2,6.94692155651658,1
CHEMBL1083982,COc1cc2c(cc1OC)C(=O)C(CC1CCN(c3ccccc3)CC1)C2,8.244125144327509,1
CHEMBL314989,COc1cc2c(cc1OC)C(=O)C(CC1CC[N+](C)(Cc3ccccc3)CC1)C2,7.6020599913279625,1
CHEMBL2441676,COc1cc2c(cc1OC)C(=O)C(CCCCCCCc1cccc(OC)[n+]1C)C2.O=S(=O)([O-])C(F)(F)F,6.644941317444092,1
CHEMBL2441675,COc1cc2c(cc1OC)C(=O)C(CCCCCCc1cccc(OC)[n+]1C)C2.O=S(=O)([O-])C(F)(F)F,7.0774509799928715,1
CHEMBL2441674,COc1cc2c(cc1OC)C(=O)C(CCCCCc1cccc(OC)[n+]1C)C2.O=S(=O)([O-])C(F)(F)F,6.903437700822769,1
CHEMBL4162993,COc1cc2c(cc1OC)C(=O)C(CCCc1cc[n+](Cc3cccc(Cl)c3)cc1C(N)=O)C2.[Br-],5.0,0
CHEMBL4162617,COc1cc2c(cc1OC)C(=O)C(Cc1cc[n+](Cc3ccc(S(N)(=O)=O)cc3)cc1C(N)=O)C2.[Br-],5.0,0
CHEMBL4094081,COc1cc2c(cc1OC)C(=O)C(Cc1cc[n+](Cc3cccc(C)c3)cc1C(C)=O)C2.[Br-],7.853871964321762,1
CHEMBL4173902,COc1cc2c(cc1OC)C(=O)C(Cc1cc[n+](Cc3cccc(Cl)c3)cc1C(=O)O)C2.[Br-],5.0,0
CHEMBL4102333,COc1cc2c(cc1OC)C(=O)C(Cc1cc[n+](Cc3cccc(Cl)c3)cc1C(C)=O)C2.[Br-],8.485452247339714,1
CHEMBL4169938,COc1cc2c(cc1OC)C(=O)C(Cc1cc[n+](Cc3cccc(Cl)c3)cc1C(C)=O)CC2.[Br-],7.6777807052660805,1
CHEMBL4092048,COc1cc2c(cc1OC)C(=O)C(Cc1cc[n+](Cc3cccc(Cl)c3)cc1C(N)=O)C2.[Br-],7.3872161432802645,1
CHEMBL4169887,COc1cc2c(cc1OC)C(=O)C(Cc1cc[n+](Cc3cccc(O)c3)cc1C(N)=O)C2.[Br-],5.0,0
CHEMBL4098418,COc1cc2c(cc1OC)C(=O)C(Cc1cc[n+](Cc3ccccc3)cc1)C2.[Br-],7.437707135543525,1
CHEMBL4165327,COc1cc2c(cc1OC)C(=O)C(Cc1cc[n+](Cc3ccccc3)cc1Br)C2.[Br-],9.443697499232712,1
CHEMBL4071377,COc1cc2c(cc1OC)C(=O)C(Cc1cc[n+](Cc3ccccc3)cc1C#N)C2.[Br-],8.534617148551582,1
CHEMBL4060011,COc1cc2c(cc1OC)C(=O)C(Cc1cc[n+](Cc3ccccc3)cc1C(C)=O)C2.[Br-],7.7447274948966935,1
CHEMBL4162015,COc1cc2c(cc1OC)C(=O)C(Cc1cc[n+](Cc3ccccc3)cc1C(C)=O)CC2.[Br-],7.619788758288394,1
CHEMBL4081915,COc1cc2c(cc1OC)C(=O)C(Cc1cc[n+](Cc3ccccc3C)cc1C(C)=O)C2.[Br-],8.05551732784983,1
CHEMBL4066548,COc1cc2c(cc1OC)C(=O)C(Cc1cc[n+](Cc3ccccc3Cl)cc1C(C)=O)C2.[Br-],7.7447274948966935,1
CHEMBL180483,COc1cc2c(cc1OC)C(=O)C(Oc1ccc(CN3CCCC3)cc1)C2,7.301029995663981,1
CHEMBL1288826,COc1cc2c(cc1OC)C(=O)C1(C2)C(c2ccc(F)cc2)C(c2ccccc2)NC12C(=O)Nc1ccc([N+](=O)[O-])cc12,4.844663962534939,0
CHEMBL1289392,COc1cc2c(cc1OC)C(=O)C1(C2)C(c2ccccc2)CN(C)C12C(=O)Nc1ccc(Cl)cc12,4.950781977329818,0
CHEMBL1289615,COc1cc2c(cc1OC)C(=O)C1(C2)C(c2ccccc2)CN(C)C12C(=O)Nc1ccc([N+](=O)[O-])cc12,4.87942606879415,0
CHEMBL1288825,COc1cc2c(cc1OC)C(=O)C1(C2)C(c2ccccc2Cl)C(c2ccccc2)NC12C(=O)Nc1ccc(Cl)cc12,4.913640169325252,0
CHEMBL5286517,COc1cc2c(cc1OC)C(=O)[C@]1(C2)[C@H](c2ccc(C)cc2)[C@H](Cc2c[nH]c3ccccc23)NC12C(=O)Nc1ccccc12,4.846490010699163,0
CHEMBL510363,COc1cc2c(cc1OC)C(Cc1ccc(O)cc1)NCC2,4.0,0
CHEMBL3262670,COc1cc2c(cc1OC)C(Cc1ccc(OCCCCCCN3CCC(O)(Cc4ccccc4)CC3)cc1)NCC2,4.40197592766581,0
CHEMBL3262671,COc1cc2c(cc1OC)C(Cc1ccc(OCCCCCCN3CCN(c4ccccc4)CC3)cc1)NCC2,4.7870138152633315,0
CHEMBL3262669,COc1cc2c(cc1OC)C(Cc1ccc(OCCCCCCN3CCOCC3)cc1)NCC2,4.450016388840311,0
CHEMBL1083056,COc1cc2c(cc1OC)C(O)C(CC1CCN(c3ccccc3)CC1)C2,6.522878745280337,1
CHEMBL575802,COc1cc2c(cc1OC)C(c1cccc([N+](=O)[O-])c1)N(CCCCCCc1cn(CCNc3c4c(nc5cc(Cl)ccc35)CC3C=C(C)CC4C3)nn1)CC2,8.40340290437354,1
CHEMBL4091001,COc1cc2c(cc1OC)C(c1ccccc1)N(CC1CCN(Cc3cc(Br)cc(/C=N/O)c3O)CC1)CC2,3.009927665307847,0
CHEMBL4094380,COc1cc2c(cc1OC)C(c1ccccc1)N(CC1CCN(Cc3cc(C)cc(/C=N/O)c3O)CC1)CC2,3.280088935801661,0
CHEMBL4066891,COc1cc2c(cc1OC)C(c1ccccc1)N(CC1CCN(Cc3cc(Cl)cc(/C=N/O)c3O)CC1)CC2,3.0265026912679365,0
CHEMBL4063109,COc1cc2c(cc1OC)C(c1ccccc1)N(CC1CCN(Cc3cc(F)cc(/C=N/O)c3O)CC1)CC2,3.1646265475299913,0
CHEMBL4104534,COc1cc2c(cc1OC)C(c1ccccc1)N(CC1CCN(Cc3ccc(O)c(/C=N/O)c3)CC1)CC2,3.631341287607773,0
CHEMBL4086639,COc1cc2c(cc1OC)C(c1ccccc1)N(CC1CCN(Cc3cccc(/C=N/O)c3O)CC1)CC2,3.1305335899191333,0
CHEMBL2181438,COc1cc2c(cc1OC)C(c1ccccc1)N(CCCCCCc1cc(C)nc(/C=N/O)c1O)CC2,3.5228787452803374,0
CHEMBL2181433,COc1cc2c(cc1OC)C(c1ccccc1)N(CCCCCCc1ccc(O)c(/C=N/O)n1)CC2,3.3979400086720375,0
CHEMBL3360487,COc1cc2c(cc1OC)C(c1ccccc1)N(CCCCCCn1ccnc1/C=N/O)CC2,3.0604807473813813,0
CHEMBL2181432,COc1cc2c(cc1OC)C(c1ccccc1)N(CCCCCc1ccc(O)c(/C=N/O)n1)CC2,3.5253049966775434,0
CHEMBL2181437,COc1cc2c(cc1OC)C(c1ccccc1)N(CCCCCc1ccnc(/C=N/O)c1O)CC2,3.494850021680094,0
CHEMBL2181440,COc1cc2c(cc1OC)C(c1ccccc1)N(CCCCCc1cnc(/C=N/O)c(O)c1)CC2,3.3010299956639813,0
CHEMBL3360486,COc1cc2c(cc1OC)C(c1ccccc1)N(CCCCCn1ccnc1/C=N/O)CC2,3.0315170514460648,0
CHEMBL2181431,COc1cc2c(cc1OC)C(c1ccccc1)N(CCCCc1ccc(O)c(/C=N/O)n1)CC2,4.0,0
CHEMBL2181430,COc1cc2c(cc1OC)C(c1ccccc1)N(CCCc1ccc(O)c(/C=N/O)n1)CC2,3.585026652029182,0
CHEMBL2181435,COc1cc2c(cc1OC)C(c1ccccc1)N(CCCc1ccnc(/C=N/O)c1O)CC2,3.6989700043360187,0
CHEMBL5560860,COc1cc2c(cc1OC)C(c1ccccc1)N(CCc1cn(CCCCC3=C[C@H]4Cc5nc6cc(Cl)ccc6c(N)c5[C@H](C3)C4)nn1)CC2,9.366531544420413,1
CHEMBL4091945,COc1cc2c(cc1OC)C(c1ccccc1)N(Cc1cc(Br)cc(/C=N/O)c1O)CC2,3.047788941891331,0
CHEMBL4065242,COc1cc2c(cc1OC)C(c1ccccc1)N(Cc1cc(C)cc(/C=N/O)c1O)CC2,2.9492336887669577,0
CHEMBL4092905,COc1cc2c(cc1OC)C(c1ccccc1)N(Cc1cc(Cl)cc(/C=N/O)c1O)CC2,2.918292729902651,0
CHEMBL4076907,COc1cc2c(cc1OC)C(c1ccccc1)N(Cc1cc(F)cc(/C=N/O)c1O)CC2,3.122225650008602,0
CHEMBL4100639,COc1cc2c(cc1OC)C(c1ccccc1)N(Cc1ccc(O)c(/C=N/O)c1)CC2,3.2037032599482083,0
CHEMBL4073838,COc1cc2c(cc1OC)C(c1ccccc1)N(Cc1cccc(/C=N/O)c1O)CC2,3.0420098215931697,0
CHEMBL5276338,COc1cc2c(cc1OC)CC(CC1CCN(CCCNc3c4c(nc5cc(Cl)ccc35)CC3C=C(C)CC4C3)CC1)C2.Cl.Cl,8.426692603481083,1
CHEMBL3217103,COc1cc2c(cc1OC)CC(CC1CCN(CCCNc3c4c(nc5cc(Cl)ccc35)CCCC4)CC1)C2.Cl.Cl.Cl,8.97469413473523,1
CHEMBL3216209,COc1cc2c(cc1OC)CC(CC1CCN(CCCNc3c4c(nc5ccccc35)CCCC4)CC1)C2.Cl.Cl,8.665546248849068,1
CHEMBL5290959,COc1cc2c(cc1OC)CC(CC1CCN(CCNc3c4c(nc5cc(Cl)ccc35)CC3C=C(C)CC4C3)CC1)C2.Cl.Cl,7.886056647693163,1
CHEMBL3216210,COc1cc2c(cc1OC)CC(CC1CCN(CCNc3c4c(nc5cc(Cl)ccc35)CCCC4)CC1)C2.Cl.Cl.Cl,8.585026652029182,1
CHEMBL3216208,COc1cc2c(cc1OC)CC(CC1CCN(CCNc3c4c(nc5ccccc35)CCCC4)CC1)C2.Cl.Cl,8.289882634888183,1
CHEMBL6188323,COc1cc2c(cc1OC)CC(CN1CCN(CCCNc3c4c(nc5cc(Cl)ccc35)C[C@H]3C=C(C)C[C@@H]4C3)CC1)C2,8.58335949266172,1
CHEMBL4077866,COc1cc2c(cc1OC)CN(CC1CCN(Cc3cc(Br)cc(/C=N/O)c3O)CC1)CC2,3.245651664288981,0
CHEMBL4089550,COc1cc2c(cc1OC)CN(CC1CCN(Cc3cc(C)cc(/C=N/O)c3O)CC1)CC2,3.379343520180379,0
CHEMBL4102122,COc1cc2c(cc1OC)CN(CC1CCN(Cc3cc(Cl)cc(/C=N/O)c3O)CC1)CC2,3.196065150136158,0
CHEMBL4064154,COc1cc2c(cc1OC)CN(CC1CCN(Cc3cc(F)cc(/C=N/O)c3O)CC1)CC2,3.181708109200004,0
CHEMBL4061404,COc1cc2c(cc1OC)CN(CC1CCN(Cc3ccc(O)c(/C=N/O)c3)CC1)CC2,3.4052760535902533,0
CHEMBL4062487,COc1cc2c(cc1OC)CN(CC1CCN(Cc3cccc(/C=N/O)c3O)CC1)CC2,3.0956090799876383,0
CHEMBL4104406,COc1cc2c(cc1OC)CN(Cc1cc(Br)cc(/C=N/O)c1O)CC2,3.0192242260373785,0
CHEMBL4060058,COc1cc2c(cc1OC)CN(Cc1cc(C)cc(/C=N/O)c1O)CC2,2.975514332300833,0
CHEMBL4080917,COc1cc2c(cc1OC)CN(Cc1cc(Cl)cc(/C=N/O)c1O)CC2,2.8049310035314097,0
CHEMBL4062826,COc1cc2c(cc1OC)CN(Cc1cc(F)cc(/C=N/O)c1O)CC2,3.159580222263514,0
CHEMBL4088294,COc1cc2c(cc1OC)CN(Cc1ccc(O)c(/C=N/O)c1)CC2,3.252355180671752,0
CHEMBL4068713,COc1cc2c(cc1OC)CN(Cc1cccc(/C=N/O)c1O)CC2,2.8979094744881633,0
CHEMBL1771556,COc1cc2c(cc1OC)CN(c1cc[n+](Cc3ccc(C[n+]4ccc(N5CCCCC5)cc4)cc3)cc1)CC2.[Br-].[Br-],7.2076083105017466,1
CHEMBL2441673,COc1cc2c(cc1OC)C[N+](C)(CCCCCCCc1cccc(OC)[n+]1C)CC2.O=S(=O)([O-])C(F)(F)F.O=S(=O)([O-])C(F)(F)F,7.13420561740663,1
CHEMBL2441672,COc1cc2c(cc1OC)C[N+](C)(CCCCCCc1cccc(OC)[n+]1C)CC2.O=S(=O)([O-])C(F)(F)F.O=S(=O)([O-])C(F)(F)F,6.772577569995745,1
CHEMBL187603,COc1cc2c(cc1OC)SC(C(=O)CC(O)C1CC[N+](C)(Cc3ccccc3)CC1)C2,6.721246399047171,1
CHEMBL360832,COc1cc2c(cc1OC)SC(C(=O)CC1(O)CC[N+](C)(Cc3ccccc3)CC1)C2,7.045757490560675,1
CHEMBL189517,COc1cc2c(cc1OC)SC(C(=O)CCc1cc[n+](CC3CC3)cc1)C2,6.958607314841775,1
CHEMBL365904,COc1cc2c(cc1OC)SC(C(=O)CCc1cc[n+](CC3CCC3)cc1)C2,7.3979400086720375,1
CHEMBL187818,COc1cc2c(cc1OC)SC(C(=O)CCc1cc[n+](Cc3ccc(F)cc3)cc1)C2,8.585026652029182,1
CHEMBL186042,COc1cc2c(cc1OC)SC(C(=O)CCc1cc[n+](Cc3ccccc3)cc1)C2,8.337242168318426,1
CHEMBL362752,COc1cc2c(cc1OC)SC(C(=O)CCc1cc[n+](Cc3ccsc3)cc1)C2,8.221848749616356,1
CHEMBL610242,COc1cc2c(cc1OC)SC(C(=O)CCc1cc[n+](Cc3coc([N+](=O)[O-])c3)cc1)C2.[I-],8.346787486224656,1
CHEMBL187591,COc1cc2c(cc1OC)SC(CC1CC[N+](C)(Cc3ccccc3)CC1)C2,4.522878745280337,0
CHEMBL393417,COc1cc2c(cc1OC)[C@@H]1C(=O)c3ccc4c(c3O[C@@H]1CO2)C=CC(C)(C)O4,3.8972233851165585,0
CHEMBL448891,COc1cc2c(cc1OC)[C@@H]1Cc3ccc(O)c(OC)c3CN1CC2,3.6753060861382254,0
CHEMBL4173815,COc1cc2c(cc1OC)[C@@H]1[C@H](O)[C@@H](OC)C=C3CC[N@+]([O-])(C2)[C@H]31,3.6989700043360187,0
CHEMBL4552547,COc1cc2c(cc1OC)[C@@H]1[C@H](O)[C@@H](OC)[C@H](O)C3=CCN(C2)[C@H]31,4.0,0
CHEMBL5597110,COc1cc2c(cc1OC)[C@@H]1[C@H](O)[C@@H](OC)[C@H](O)C3=CCN(C2=O)[C@H]31,4.0,0
CHEMBL5597239,COc1cc2c(cc1OC)[C@@]13C=C[C@@H](OC)C[C@@H]1N(C2)C[C@@H]3O,4.0,0
CHEMBL241806,COc1cc2c(cc1OC)[C@]1(O)C(=O)c3ccc4c(c3O[C@@H]1CO2)C=CC(C)(C)O4,3.8955811793524053,0
CHEMBL3086279,COc1cc2c(cc1OC)[Se](=O)N(CCC1CCN(Cc3ccccc3)CC1)C2=O,6.787812395596042,1
CHEMBL6148088,COc1cc2c(cc1OCCCCCC1CCSS1)C(=O)C(CC1CCN(Cc3ccccc3)CC1)C2,8.11747546204512,1
CHEMBL6145132,COc1cc2c(cc1OCCCCCC1CCSS1)CC(CC1CCN(Cc3ccccc3)CC1)C2=O,8.040005161671584,1
CHEMBL3343705,COc1cc2c(cc1OCCN1CCCCC1)C(=O)/C(=C/c1ccc(N(C)C)cc1)C2,6.54500278269054,1
CHEMBL4789620,COc1cc2c(cc1OCc1ccccc1)CCC(C)(CC(=O)NCCCCCCCCCNc1c3c(nc4cc(Cl)ccc14)CCCC3)O2,8.10292299679058,1
CHEMBL4747836,COc1cc2c(cc1OCc1ccccc1)CCC(C)(CC(=O)NCCCCCCCCNc1c3c(nc4cc(Cl)ccc14)CCCC3)O2,7.982966660701219,1
CHEMBL4747041,COc1cc2c(cc1OCc1ccccc1)CCC(C)(CC(=O)NCCCCCCCNc1c3c(nc4cc(Cl)ccc14)CCCC3)O2,8.15552282425432,1
CHEMBL4789172,COc1cc2c(cc1OCc1ccccc1)CCC(C)(CC(=O)NCCCCCCNc1c3c(nc4cc(Cl)ccc14)CCCC3)O2,7.958607314841775,1
CHEMBL4585711,COc1cc2c(cc1Oc1c3c(cc(OC)c1OC)CCN(C)C3)C(Cc1ccc(O)cc1)N(C)CC2,4.0,0
CHEMBL4172271,COc1cc2c3c(c1)c1cc(=O)c(OC)cc-1cn3CC2,4.448428026325747,0
CHEMBL452895,COc1cc2c3cc1Oc1c(O)c(OC)cc4c1[C@@H](Cc1ccc(O)c(c1)Oc1ccc(cc1)C[C@@H]3N(C)CC2)N(C)CC4,4.013228265733755,0
CHEMBL508781,COc1cc2c3cc1Oc1c(O)c(OC)cc4c1[C@H](Cc1ccc(cc1)Oc1cc(ccc1O)C[C@H]3N(C)CC2)N(C)CC4,4.0,0
CHEMBL504323,COc1cc2c3cc1Oc1c(OC)c(OC)cc4c1[C@@H](Cc1ccc(O)c(c1)Oc1ccc(cc1)C[C@@H]3N(C)CC2)N(C)CC4,4.0,0
CHEMBL5080190,COc1cc2c[n+]3c(cc2c(CO)c1OC)-c1c(cc2c(c1OC)OCO2)CC3,4.698970004336019,0
CHEMBL245046,COc1cc2cc(-c3ccc(CN(C)Cc4ccc(C)cc4)cc3)c(=O)oc2cc1OC,6.508638306165727,1
CHEMBL242906,COc1cc2cc(-c3ccc(CN(C)Cc4ccc([N+](=O)[O-])cc4)cc3)c(=O)oc2cc1OC,4.609064892896621,0
CHEMBL427865,COc1cc2cc(-c3ccc(CN(C)Cc4cccc(C)c4)cc3)c(=O)oc2cc1OC,6.913640169325252,1
CHEMBL75121,COc1cc2cc(-c3ccc(CN(C)Cc4ccccc4)cc3)c(=O)oc2cc1OC,7.352185248407372,1
CHEMBL396247,COc1cc2cc(-c3ccc(CN(CCO)Cc4ccccc4)cc3)c(=O)oc2cc1OC,7.30715308072277,1
CHEMBL396199,COc1cc2cc(-c3ccc(C[N+](C)(C)Cc4ccccc4)cc3)c(=O)oc2cc1OC.[I-],7.978810700930062,1
CHEMBL243310,COc1cc2cc(-c3cccc(CN(C)Cc4ccccc4)c3)c(=O)oc2cc1OC,6.694648630553377,1
CHEMBL364585,COc1cc2cc(C(=O)C3CCC[N+](C)(CC(=O)OC(C)(C)C)CC3)sc2cc1OC,7.102372908709558,1
CHEMBL372491,COc1cc2cc(C(=O)C3CCC[N+](C)(CC4CCCCO4)CC3)sc2cc1OC,7.552841968657781,1
CHEMBL610243,COc1cc2cc(C(=O)C3CCC[N+](C)(Cc4ccc([N+](=O)[O-])o4)CC3)sc2cc1OC.[I-],7.494850021680094,1
CHEMBL186144,COc1cc2cc(C(=O)C3CCC[N+](C)(Cc4ccccc4)CC3)sc2cc1OC,8.096910013008056,1
CHEMBL361869,COc1cc2cc(C(=O)C3CC[N+](C)(Cc4ccccc4)CCC3O)sc2cc1OC,7.366531544420414,1
CHEMBL185976,COc1cc2cc(C(=O)C3CC[N+](C)(Cc4ccccc4)CCC3OC)sc2cc1OC,6.920818753952375,1
CHEMBL315013,COc1cc2cc(C(=O)CC(O)C3CC[N+](C)(Cc4ccccc4)CC3)sc2cc1OC.[Br-],6.73112804583109,1
CHEMBL314398,COc1cc2cc(C(=O)CC(OC)C3CC[N+](C)(Cc4ccccc4)CC3)sc2cc1OC.[Br-],6.920818753952375,1
CHEMBL83005,COc1cc2cc(C(=O)CC3(O)CC[N+](C)(Cc4ccccc4)CC3)sc2cc1OC.[Br-],7.045757490560675,1
CHEMBL362711,COc1cc2cc(C(=O)CC3CCCC[N+](C)(Cc4ccccc4)CC3)sc2cc1OC,6.958607314841775,1
CHEMBL423313,COc1cc2cc(C(=O)CCC3CC[N+](C)(CC(=O)OC(C)(C)C)CC3)sc2cc1OC.[Br-],7.102372908709558,1
CHEMBL315515,COc1cc2cc(C(=O)CCC3CC[N+](C)(CC4CCCCO4)CC3)sc2cc1OC.[Br-],7.552841968657781,1
CHEMBL313271,COc1cc2cc(C(=O)CCC3CC[N+](C)(Cc4ccc([N+](=O)[O-])o4)CC3)sc2cc1OC.[Br-],7.494850021680094,1
CHEMBL432376,COc1cc2cc(C(=O)CCC3CC[N+](C)(Cc4ccccc4)CC3)n(C)c2cc1OC,6.920818753952375,1
CHEMBL87273,COc1cc2cc(C(=O)CCC3CC[N+](C)(Cc4ccccc4)CC3)sc2cc1OC,8.096910013008056,1
CHEMBL88026,COc1cc2cc(C(=O)CCC3CC[N+](C)(Cc4ccccc4)CC3)sc2cc1OC.[Br-],8.096910013008056,1
CHEMBL88049,COc1cc2cc(C(=O)CCCCC3CC[N+](C)(Cc4ccccc4)CC3)sc2cc1OC.[Br-],6.958607314841775,1
CHEMBL87373,COc1cc2cc(C(=O)CCc3cc[n+](CC4CC4)cc3)sc2cc1OC.[Br-],6.958607314841775,1
CHEMBL82810,COc1cc2cc(C(=O)CCc3cc[n+](CC4CCC4)cc3)sc2cc1OC.[Br-],7.3979400086720375,1
CHEMBL87849,COc1cc2cc(C(=O)CCc3cc[n+](Cc4ccc(F)cc4)cc3)sc2cc1OC,8.585026652029182,1
CHEMBL609440,COc1cc2cc(C(=O)CCc3cc[n+](Cc4ccc([N+](=O)[O-])o4)cc3)sc2cc1OC.[Br-],8.346787486224656,1
CHEMBL87170,COc1cc2cc(C(=O)CCc3cc[n+](Cc4ccccc4)cc3)sc2cc1OC,8.337242168318426,1
CHEMBL87649,COc1cc2cc(C(=O)CCc3cc[n+](Cc4ccsc4)cc3)sc2cc1OC,8.221848749616356,1
CHEMBL85473,COc1cc2cc(C(O)C3CC[N+](C)(Cc4ccccc4)CC3)sc2cc1OC.[Br-],4.708187312532881,0
CHEMBL187812,COc1cc2cc(C3CC[N+](C)(Cc4ccccc4)CC3O)sc2cc1OC,4.708187312532881,0
CHEMBL86233,COc1cc2cc(CC3CC[N+](C)(Cc4ccccc4)CC3)sc2cc1OC.[Br-],5.0,0
CHEMBL4646080,COc1cc2cc(NC(=O)C3CCN(Cc4ccccc4)CC3)c(=O)oc2cc1OC,6.651695136951839,1
CHEMBL4648322,COc1cc2cc(NC(=O)[C@@H]3CCC[C@H](NCc4ccccc4)C3)c(=O)oc2cc1OC,7.716698771296451,1
CHEMBL2314726,COc1cc2cc(NC(=O)[C@H]3CCC[C@@H](NCc4ccccc4)C3)c(=O)oc2cc1OC,7.07481836111571,1
CHEMBL370561,COc1cc2cc[n+](C)c3c2c(c1OC)C(Br)OC3=O,3.9788107009300617,0
CHEMBL71851,COc1cc2ccc(=O)oc2cc1O,3.786471081686006,0
CHEMBL371651,COc1cc2ccnc3c2c(c1OC)C(Br)OC3=O,4.337242168318426,0
CHEMBL371006,COc1cc2ccnc3c2c(c1OC)COC3(CC(O)CO)OC,4.017728766960432,0
CHEMBL196177,COc1cc2ccnc3c2c(c1OC)COC3(CCCO)OC,3.8632794328435933,0
CHEMBL196699,COc1cc2ccnc3c2c(c1OC)COC3(O)CC(O)CO,3.962573502059376,0
CHEMBL371276,COc1cc2ccnc3c2c(c1OC)COC3=O,4.707743928643524,0
CHEMBL1912061,COc1cc2nc(Cl)nc(NCCCNC(=O)CCCCC3CCSS3)c2cc1OC,3.7166987712964503,0
CHEMBL709,COc1cc2nc(N(C)CCCNC(=O)C3CCCO3)nc(N)c2cc1OC,7.7447274948966935,1
CHEMBL574267,COc1cc2nc3c(c(N)c2cc1OC)C1CC(C)=CC(C3)C1,4.931814138253839,0
CHEMBL5172647,COc1cc2nc3c(c(N4CCOCC4)c2cc1OC)CCCC3,7.2076083105017466,1
CHEMBL5517663,COc1cc2ncnc(N3CCN(Cc4ccccc4)CC3)c2cc1OC,6.548213564475709,1
CHEMBL3318017,COc1cc2oc(-c3ccc(CN4CCCC4)cc3)cc(=O)c2cc1OC,7.468521082957745,1
CHEMBL4569511,COc1cc2oc(-c3ccc(NCCCCNc4c5c(nc6cc(Cl)ccc46)CCCC5)cc3)cc(=O)c2c(OC)c1OC,8.288192770958808,1
CHEMBL4466652,COc1cc2oc(-c3ccc(NCCCNc4c5c(nc6cc(Cl)ccc46)CCCC5)cc3)cc(=O)c2c(OC)c1OC,8.721246399047171,1
CHEMBL4451532,COc1cc2oc(-c3ccc(NCCNc4c5c(nc6cc(Cl)ccc46)CCCC5)cc3)cc(=O)c2c(OC)c1OC,7.633587883484758,1
CHEMBL3400187,COc1cc2oc(-c3ccc(OCC(=O)NCCCCCCNc4c5c(nc6cc(Cl)ccc46)CCCC5)cc3)cc(=O)c2c(OC)c1OC,7.665546248849069,1
CHEMBL3403874,COc1cc2oc(-c3ccc(OCC(=O)NCCCCCNc4c5c(nc6cc(Cl)ccc46)CCCC5)cc3)cc(=O)c2c(OC)c1OC,8.161150909262744,1
CHEMBL3403878,COc1cc2oc(-c3cccc(OCC(=O)NCCCCCCNc4c5c(nc6cc(Cl)ccc46)CCCC5)c3)cc(=O)c2c(OC)c1OC,7.488116639021126,1
CHEMBL3403877,COc1cc2oc(-c3cccc(OCC(=O)NCCCCCNc4c5c(nc6cc(Cl)ccc46)CCCC5)c3)cc(=O)c2c(OC)c1OC,7.761953896871205,1
CHEMBL1940738,COc1cc2oc(=O)c(OCCCCOc3cc(O)cc(N(C)C)c3)c(C)c2cc1OC,9.627087997029893,1
CHEMBL390320,COc1cc2oc(=O)ccc2cc1O,3.7597253925211107,0
CHEMBL4287970,COc1cc2oc(C(=O)NCCC3CCN(Cc4ccccc4)CC3)cc(=O)c2cc1OC,7.337242168318426,1
CHEMBL4294783,COc1cc2oc(C(=O)NCCCC3CCN(Cc4ccccc4)CC3)cc(=O)c2cc1OC,6.958607314841775,1
CHEMBL2019041,COc1cc2oc(C(=O)NCCCCCCCCCCNc3c4c(nc5cc(Cl)ccc35)CCCC4)cc(=O)c2cc1OC.Cl,9.698970004336019,1
CHEMBL2019040,COc1cc2oc(C(=O)NCCCCCCCCCCNc3c4c(nc5ccccc35)CCCC4)cc(=O)c2cc1OC.Cl,8.744727494896694,1
CHEMBL4285601,COc1cc2oc(C(=O)OCC3CCN(Cc4ccccc4)CC3)cc(=O)c2cc1OC,6.522878745280337,1
CHEMBL4284495,COc1cc2oc(C(=O)OCCC3CCN(Cc4ccccc4)CC3)cc(=O)c2cc1OC,7.251811972993799,1
CHEMBL5996918,COc1cc2oc3c(Oc4cc(O)cc(O)c4)c(O)cc(O)c3c2c2c1Oc1c(Oc3cc(O)cc(O)c3)c(O)cc(O)c1O2,4.1830961606243395,0
CHEMBL244837,COc1cc2oc3cc(CN(C)Cc4ccccc4)ccc3c(=O)c2cc1OC,4.518557371497695,0
CHEMBL5285094,COc1cc2oc3cccc(O)c3c(=O)c2c(O)c1CN(C)C,4.0,0
CHEMBL2297280,COc1cc2occ(-c3ccc(OC4CCN(Cc5ccccc5)CC4)cc3)c(=O)c2cc1OC,7.031517051446065,1
CHEMBL188823,COc1cc2onc(CCC3CCN(Cc4ccccc4)CC3)c2cc1C,8.236572006437063,1
CHEMBL5270788,COc1ccc(-[n+]2ccc3c4ccccc4n(C)c3c2)cc1,6.522878745280337,1
CHEMBL4797670,COc1ccc(-[n+]2ccc3cccc(OC)c3c2)cc1.[Br-],6.853871964321762,1
CHEMBL4096311,COc1ccc(-c2c3ccccc3[n+](C)c3ccccc23)cc1.F[B-](F)(F)F,4.863279432843593,0
CHEMBL5646721,COc1ccc(-c2cc(-c3ccc(Br)cc3)nc3[nH]nc(N)c23)cc1OC,6.795880017344075,1
CHEMBL5177941,COc1ccc(-c2cc(-c3ccc(OC)cc3)c3c(N)n[nH]c3n2)cc1,6.585026652029182,1
CHEMBL5200613,COc1ccc(-c2cc(-c3ccccc3)nc3[nH]nc(N)c23)cc1,4.650139917807668,0
CHEMBL78010,COc1ccc(-c2cc(=O)c3c(O)c(OC)c(O)cc3o2)cc1,3.6020599913279625,0
CHEMBL4532623,COc1ccc(-c2cc(=O)c3cc(OC)c(O)c([C@@H]4CCC(=O)N4)c3o2)cc1,4.167491087293763,0
CHEMBL4438650,COc1ccc(-c2cc(=O)c3cc(OC)c(O)c([C@H]4CCC(=O)N4)c3o2)cc1,4.73754891026957,0
CHEMBL5278007,COc1ccc(-c2cc(=O)c3ccc(OCCN4CCC(C)CC4)cc3o2)cc1,8.198596289982644,1
CHEMBL5285784,COc1ccc(-c2cc(=O)c3ccc(OCCN4CCCC4)cc3o2)cc1,6.979638717352292,1
CHEMBL5273737,COc1ccc(-c2cc(=O)c3ccc(OCCN4CCN(CCO)CC4)cc3o2)cc1,8.121478204498793,1
CHEMBL5276955,COc1ccc(-c2cc(=O)c3ccc(OCCN4CCOCC4)cc3o2)cc1,7.958607314841775,1
CHEMBL24416,COc1ccc(-c2cc3c(c(=O)o2)C(=O)C2[C@@]4(C)CC[C@H](O)[C@@](C)(CO)C4C[C@H](O)[C@@]2(C)O3)cc1,4.154901959985743,0
CHEMBL24844,COc1ccc(-c2cc3c(c(=O)o2)C(=O)C2[C@@]4(C)CC[C@H](O)[C@@](C)(CO)C4C[C@H](O)[C@@]2(C)O3)cc1OC,4.236572006437063,0
CHEMBL3632856,COc1ccc(-c2cc3c(c(=O)o2)C[C@@H]2[C@@]4(C)CCC(=O)C(C)(C)[C@@H]4CC[C@@]2(C)O3)cc1,4.0,0
CHEMBL3632855,COc1ccc(-c2cc3c(c(=O)o2)C[C@@H]2[C@@]4(C)CC[C@H](O)C(C)(C)[C@@H]4CC[C@@]2(C)O3)cc1,4.0,0
CHEMBL183507,COc1ccc(-c2cc3c(c(=O)o2)C[C@@]2(O)[C@@]4(C)C(=O)[C@@]5(OC)C(=O)O[C@]4(CC[C@@]2(C)O3)C5(C)C)cc1,6.638272163982407,1
CHEMBL424984,COc1ccc(-c2cc3c(c(=O)o2)C[C@@]2(O)[C@@]4(C)C=CC(=O)C(C)(C)[C@@]4(O)CC[C@@]2(C)O3)cc1,7.045757490560675,1
CHEMBL183813,COc1ccc(-c2cc3c(c(=O)o2)C[C@@]2(O)[C@@]4(C)CCC(=O)C(C)(C)[C@@]4(O)CC[C@@]2(C)O3)cc1,7.221848749616356,1
CHEMBL3632854,COc1ccc(-c2cc3c(c(=O)o2)C[C@H]2[C@@](C)(CC[C@@]4(O)C(C)(C)[C@H](O)CC[C@]24C)O3)cc1,4.0,0
CHEMBL278342,COc1ccc(-c2cc3c(c(=O)o2)C[C@]2(O)[C@@]4(C)C(=O)C=CC(C)(C)[C@]4(O)CC[C@@]2(C)O3)cc1,7.586703473032976,1
CHEMBL283509,COc1ccc(-c2cc3c(c(=O)o2)C[C@]2(O)[C@@]4(C)C(=O)C=CC(C)(C)[C@]4(O)CC[C@@]2(C)O3)cc1OC,9.0,1
CHEMBL3632857,COc1ccc(-c2cc3c(c(=O)o2)C[C@]2(O)[C@@]4(C)[C@@H](O)C[C@@H](OC(C)=O)C(C)(C)[C@]4(O)CC[C@@]2(C)O3)cc1,4.0,0
CHEMBL3827058,COc1ccc(-c2cc3cc(OCCCN(C)Cc4cccc(OC(=O)NCCCCCc5ccccc5)c4)ccc3oc2=O)cc1,6.747146969020107,1
CHEMBL5270908,COc1ccc(-c2cc3cc4c(=O)c(C=O)coc4cc3o2)cc1,5.0,0
CHEMBL3827589,COc1ccc(-c2cc3ccc(OCCCN(C)Cc4cccc(OC(=O)NCCCCCc5ccccc5)c4)cc3oc2=O)cc1,6.505845405981558,1
CHEMBL4639168,COc1ccc(-c2ccc(/C=N/N3CC(=O)N(CCC4CCN(Cc5ccccc5)CC4)C3=O)o2)cc1,6.966576244513051,1
CHEMBL4290992,COc1ccc(-c2ccc(OCC(=O)NCCCN3CCCCC3)cc2)cc1,4.853871964321762,0
CHEMBL4283139,COc1ccc(-c2ccc(OCC(=O)NCCCN3CCN(C)CC3)cc2)cc1,3.721246399047171,0
CHEMBL4244803,COc1ccc(-c2ccccc2/C=C2/Cc3cc(OC)ccc3C2=O)cc1,7.673664139071248,1
CHEMBL3311040,COc1ccc(-c2coc3c4c(ccc3c2=O)OC(C)(C)C=C4)cc1OC,3.8821654814562527,0
CHEMBL3597944,COc1ccc(-c2csc(NC(=O)C[n+]3ccc(/C=N/O)cc3)n2)cc1.[I-],2.779891911959945,0
CHEMBL3343925,COc1ccc(-c2nc(C(=O)NCCCCCCNc3c4c(nc5ccccc35)CCCC4)cc3c2[nH]c2ccccc23)cc1,6.826813731587726,1
CHEMBL5272243,COc1ccc(-c2oc3cc(Br)c(I)cc3c(=O)c2O)cc1,7.537751784645002,1
CHEMBL5278429,COc1ccc(-c2oc3cc(OC)c(I)cc3c(=O)c2O)cc1,8.143271109617118,1
CHEMBL5206601,COc1ccc(/C=C/C(=O)Nc2cc[n+](Cc3ccc(F)cc3)cc2)cc1OC.[Br-],8.065501548756432,1
CHEMBL5171929,COc1ccc(/C=C/C(=O)Nc2cc[n+](Cc3cccc(F)c3)cc2)cc1OC.[Br-],7.716698771296451,1
CHEMBL5265752,COc1ccc(/C=C/C(=O)c2cc(I)c(Cl)cc2O)cc1,7.931072388317928,1
CHEMBL5272974,COc1ccc(/C=C/C(=O)c2cc(I)c(OC)cc2O)cc1,7.96018944585165,1
CHEMBL369768,COc1ccc(/C=C/C(=O)c2ccc3c(c2O)C=CC(C)(C)O3)cc1,4.126621263590859,0
CHEMBL389328,COc1ccc(/C=C/C(=O)c2ccccc2O)cc1OC,4.552841968657781,0
CHEMBL4465796,COc1ccc(/C=C2/S/C(=N/c3ccc4oc(=O)ccc4c3)NC2=O)cc1,7.302770657240282,1
CHEMBL3093175,COc1ccc(/C=C2\COc3cc(OCCCCCCCCNc4c5c(nc6ccccc46)CCCC5)ccc3C2=O)cc1,6.915066425063284,1
CHEMBL3093174,COc1ccc(/C=C2\COc3cc(OCCCCCCNc4c5c(nc6ccccc46)CCCC5)ccc3C2=O)cc1,6.80465394165158,1
CHEMBL3093173,COc1ccc(/C=C2\COc3cc(OCCCCCNc4c5c(nc6ccccc46)CCCC5)ccc3C2=O)cc1,7.008773924307505,1
CHEMBL2323355,COc1ccc(/C=N/NC(=O)CN2CCC(Cc3ccccc3)CC2)cc1,4.133712660915805,0
CHEMBL2323354,COc1ccc(/C=N/NC(=O)CN2CCC(Cc3ccccc3)CC2)cc1OC,4.2020403562628035,0
CHEMBL2323352,COc1ccc(/C=N/NC(=O)CN2CCN(Cc3ccccc3)CC2)cc1,4.053056729302175,0
CHEMBL2323351,COc1ccc(/C=N/NC(=O)CN2CCN(Cc3ccccc3)CC2)cc1OC,4.090979145788844,0
CHEMBL6152572,COc1ccc(/C=N/NC(=O)c2ccc(Cl)nc2)cc1OC,7.522878745280337,1
CHEMBL4520782,COc1ccc(/C=N/c2ccc3oc(=O)ccc3c2)cc1,6.869344650977969,1
CHEMBL189875,COc1ccc(/N=C/c2cn(-c3ccc(OC)cc3)cc2/C=N/c2ccc(OC)cc2)cc1,4.853871964321762,0
CHEMBL2441692,COc1ccc(C#N)c[n+]1C.F[B-](F)(F)F,4.280175785218264,0
CHEMBL416464,COc1ccc(C(=O)/C(=N/O)SCCN(C)C)cc1,3.0,0
CHEMBL47375,COc1ccc(C(=O)/C(=N/O)SCC[N+](C)(C)C)cc1.[Cl-],3.0,0
CHEMBL4165631,COc1ccc(C(=O)CCC2C=CN(Cc3cccc(Cl)c3)C=C2C(C)=O)cc1OC,5.0,0
CHEMBL4173562,COc1ccc(C(=O)CCC2C=CN(Cc3cccc(Cl)c3)C=C2C(N)=O)cc1OC,5.0,0
CHEMBL4170921,COc1ccc(C(=O)CCCCc2cc[n+](Cc3cccc(Cl)c3)cc2C(N)=O)cc1OC.[Br-],5.0,0
CHEMBL4167127,COc1ccc(C(=O)CCc2cc[n+](Cc3ccc(Cl)cc3)cc2C#N)cc1OC.[Br-],5.0,0
CHEMBL4159880,COc1ccc(C(=O)CCc2cc[n+](Cc3cccc(Cl)c3)cc2C#N)cc1OC.[Br-],7.653647025549361,1
CHEMBL4165973,COc1ccc(C(=O)CCc2cc[n+](Cc3cccc(Cl)c3)cc2C(=O)O)cc1OC.[Br-],7.7423214251308154,1
CHEMBL4165562,COc1ccc(C(=O)CCc2cc[n+](Cc3cccc(Cl)c3)cc2C(C)=O)cc1OC.[Br-],6.843148098929989,1
CHEMBL4172883,COc1ccc(C(=O)CCc2cc[n+](Cc3cccc(Cl)c3)cc2C(N)=O)cc1OC.[Br-],5.0,0
CHEMBL4163678,COc1ccc(C(=O)CCc2cc[n+](Cc3cccc(F)c3)cc2C#N)cc1OC.[Br-],7.958607314841775,1
CHEMBL4175003,COc1ccc(C(=O)CCc2cc[n+](Cc3ccccc3C(F)(F)F)cc2C#N)cc1OC.[Br-],6.560667306169737,1
CHEMBL294251,COc1ccc(C(=O)CCc2cccc([N+](C)(C)C)c2)cc1OC.[Br-],5.0,0
CHEMBL4436169,COc1ccc(C(=O)CNc2ccc3oc(=O)ccc3c2)cc1,7.259637310505756,1
CHEMBL60180,COc1ccc(C(=O)COc2ccc([N+](C)(C)C)cc2)cc1OC.[Br-],5.0,0
CHEMBL61965,COc1ccc(C(=O)COc2ccc([N+](C)(C)Cc3ccccc3)cc2)cc1OC.[Br-],5.0,0
CHEMBL62031,COc1ccc(C(=O)COc2cccc([N+](C)(C)C)c2)cc1OC.[Br-],5.0,0
CHEMBL5171192,COc1ccc(C(=O)Cc2ncc(C(=O)N(C)CCCOc3ccc(C(F)(F)F)cc3)cn2)cc1,4.525783735923745,0
CHEMBL5193255,COc1ccc(C(=O)Cc2ncc(C(=O)N(C)CCCOc3ccc(OC)c(OC)c3)cn2)cc1,4.525783735923745,0
CHEMBL5186051,COc1ccc(C(=O)Cc2ncc(C(=O)N(C)CCCOc3cccc(OC)c3)cn2)cc1,4.347753658996677,0
CHEMBL5186796,COc1ccc(C(=O)Cc2ncc(C(=O)N3CCN(Cc4ccccc4)CC3)cn2)cc1,4.761953896871205,0
CHEMBL5185843,COc1ccc(C(=O)Cc2ncc(C(=O)NC3CCN(Cc4ccccc4)CC3)cn2)cc1,4.552841968657781,0
CHEMBL5171268,COc1ccc(C(=O)Cc2ncc(C(=O)NCc3ccc(OC)c(OC)c3)cn2)cc1,5.0,0
CHEMBL5205468,COc1ccc(C(=O)Cc2ncc(C(=O)NCc3cccs3)cn2)cc1,4.512861624522814,0
CHEMBL5199425,COc1ccc(C(=O)Cc2ncc(C(=O)Nc3ccncc3)cn2)cc1,4.747146969020107,0
CHEMBL4800092,COc1ccc(C(=O)N2CCN(CC(=O)N3CCN(CCCc4c[nH]c5ccc(F)cc45)CC3)CC2)cc1,4.841637507904751,0
CHEMBL4786778,COc1ccc(C(=O)N2CCN(CC(=O)N3CCN(CCCc4c[nH]c5ccc(OC)cc45)CC3)CC2)cc1,4.301029995663981,0
CHEMBL4782574,COc1ccc(C(=O)N2CCN(CC(=O)N3CCN(CCCc4c[nH]c5ccccc45)CC3)CC2)cc1,4.600326278518962,0
CHEMBL5289994,COc1ccc(C(=O)N2Cc3ccc(N4C(=O)c5ccccc5C4=O)cc3CC2=O)cc1,7.086981316252039,1
CHEMBL431058,COc1ccc(C(=O)NC(=S)NCCOCCN(C)Cc2ccccc2)cc1,7.585026652029182,1
CHEMBL3220508,COc1ccc(C(=O)Nc2cc3ccccc3oc2=O)cc1,4.158202701125645,0
CHEMBL6132753,COc1ccc(C(=O)OC[C@]2(C)C=C(C=O)[C@@]3(C)[C@H]2CC[C@]2(C)[C@@H]3CC=C3[C@H]4[C@](C(=O)O)(CC[C@@H](C)[C@@]4(C)OC(=O)c4ccc(OC)cc4)CC[C@]32C)cc1,4.153477331583713,0
CHEMBL4637652,COc1ccc(C(=O)O[C@@H]2C[N@@]3Cc4c(cc5c(c4OC)OCO5)[C@@]24C=C[C@H](OC)C[C@H]34)cc1,4.0,0
CHEMBL4641580,COc1ccc(C(=O)O[C@@H]2C[N@@]3Cc4c(cc5c(c4OC)OCO5)[C@@]24C=C[C@H](OC)C[C@H]34)cc1OC,4.0,0
CHEMBL5077963,COc1ccc(C(=O)O[C@H]2C=C3[C@H]4CN(Cc5cc6c(cc54)OCO6)[C@H]3C[C@@H]2OC)cc1,4.0,0
CHEMBL5069654,COc1ccc(C(=O)O[C@H]2C=C3[C@H]4CN(Cc5cc6c(cc54)OCO6)[C@H]3C[C@@H]2OC)cc1OC,4.0,0
CHEMBL6132910,COc1ccc(C(=O)O[C@]2(C)[C@H](C)CC[C@]3(C(=O)O)CC[C@]4(C)C(=CC[C@@H]5[C@@]6(C)C(C=O)=C[C@@](C)(CO)[C@@H]6CC[C@]54C)[C@@H]32)cc1,4.0,0
CHEMBL6168279,COc1ccc(C(=O)O[C@]2(C)[C@H](C)CC[C@]3(C(=O)O)CC[C@]4(C)C(=CC[C@@H]5[C@@]6(C)C[C@@H](O)[C@H](O)[C@@](C)(CO)[C@@H]6CC[C@]54C)[C@@H]32)cc1,4.197226274708024,0
CHEMBL444427,COc1ccc(C(=O)c2c(-c3ccc(OCCCCCCCN(C)Cc4ccccc4)cc3)oc3ccccc23)cc1,3.55129368009492,0
CHEMBL504674,COc1ccc(C(=O)c2c(-c3ccc(OCCCCCCCN(C)Cc4ccccc4)cc3)oc3ccccc23)cc1OC,3.752026733638193,0
CHEMBL4857748,COc1ccc(C(=O)c2c(C3CCN(Cc4cc(OC)ccc4OC)CC3)oc3ccccc23)cc1,4.214812579970638,0
CHEMBL4849087,COc1ccc(C(=O)c2c(C3CCN(Cc4ccccc4)CC3)oc3ccccc23)cc1,4.316052869248487,0
CHEMBL491346,COc1ccc(C(=O)c2ccc(CN3CCOCC3)cc2)cc1OC,3.462180904926726,0
CHEMBL491528,COc1ccc(C(=O)c2ccc(CN3CCc4ccccc4C3)cc2)cc1OC,4.267606240177032,0
CHEMBL340542,COc1ccc(C(=O)n2cc(/C=C3\CN(Cc4ccccc4)CCC3=O)c3ccccc32)cc1,4.154901959985743,0
CHEMBL3233997,COc1ccc(C(C#N)N2CCCC2)cc1O,3.404503778174426,0
CHEMBL3233990,COc1ccc(C(C#N)N2CCCC2)cc1OC,4.376750709602099,0
CHEMBL3233996,COc1ccc(C(C#N)N2CCCCC2)cc1O,3.3205721033878812,0
CHEMBL1344483,COc1ccc(C(C#N)N2CCCCC2)cc1OC,4.346787486224656,0
CHEMBL3233999,COc1ccc(C(C#N)N2CCN(C)CC2)cc1O,3.4558078892349675,0
CHEMBL3233022,COc1ccc(C(C#N)N2CCN(C)CC2)cc1OC,3.421360790031928,0
CHEMBL3233998,COc1ccc(C(C#N)N2CCOCC2)cc1O,3.4400933749638876,0
CHEMBL3233991,COc1ccc(C(C#N)N2CCOCC2)cc1OC,4.267606240177032,0
CHEMBL3585776,COc1ccc(C(C)NS(=O)(=O)NC(=O)OCc2ccccc2)cc1,10.571055709964426,1
CHEMBL3585777,COc1ccc(C(C)NS(=O)(=O)NC(=O)OCc2ccccc2)cc1OC,10.571055709964426,1
CHEMBL3585781,COc1ccc(C(C)NS(N)(=O)=O)cc1,10.571055709964426,1
CHEMBL3585782,COc1ccc(C(C)NS(N)(=O)=O)cc1OC,10.571055709964426,1
CHEMBL4753820,COc1ccc(C(CN(C)c2ccc(NCc3cc(C)cc(/C=N/O)c3O)cc2)C2(O)CCCCC2)cc1,2.9010103605988227,0
CHEMBL4783532,COc1ccc(C(CN(C)c2ccc(NCc3cc(Cl)cc(/C=N/O)c3O)cc2)C2(O)CCCCC2)cc1,2.6011922697967353,0
CHEMBL2441688,COc1ccc(C(F)(F)F)c[n+]1C.F[B-](F)(F)F,4.573455235074067,0
CHEMBL2441677,COc1ccc(C(F)(F)F)c[n+]1CCCCCO.O=S(=O)([O-])C(F)(F)F,3.9457513143258702,0
CHEMBL2441679,COc1ccc(C(F)(F)F)c[n+]1CCCCC[n+]1cc(C(F)(F)F)ccc1OC.O=S(=O)([O-])C(F)(F)F.O=S(=O)([O-])C(F)(F)F,4.657577319177793,0
CHEMBL207931,COc1ccc(C(O)c2nccc3cc(OC)c(OC)cc23)cc1OC,4.9694002780340485,0
CHEMBL136870,COc1ccc(C)c([N+](C)(C)C)c1,3.461999999164308,0
CHEMBL5183314,COc1ccc(C2=NN(C(C)=O)C(c3ccc(-c4ccccc4)cc3)C2)c(OC)c1,2.9476909003526766,0
CHEMBL4476639,COc1ccc(C2=NN(C(C)=O)C(c3ccc(-n4ccnc4)cc3)C2)cc1OC,3.686976889676762,0
CHEMBL4448071,COc1ccc(C2=NN(C(C)=O)C(c3ccc(-n4cnc5ccccc54)cc3)C2)cc1OC,3.4959371173213083,0
CHEMBL4444239,COc1ccc(C2=NN(C(C)=O)C(c3ccc(-n4cncn4)cc3)C2)cc1OC,3.0198602222542457,0
CHEMBL4445377,COc1ccc(C2=NN(C(C)=O)C(c3ccc(N4CCC(C)CC4)cc3)C2)cc1OC,4.111259039317107,0
CHEMBL4576193,COc1ccc(C2=NN(C(C)=O)C(c3ccc(N4CCC(Cc5ccccc5)CC4)cc3)C2)cc1OC,4.696803942579511,0
CHEMBL4475612,COc1ccc(C2=NN(C(C)=O)C(c3ccc(N4CCN(Cc5ccccc5)CC4)cc3)C2)cc1,3.999132278468773,0
CHEMBL4465544,COc1ccc(C2=NN(C(C)=O)C(c3ccc(N4CCN(Cc5ccccc5)CC4)cc3)C2)cc1OC,4.2020403562628035,0
CHEMBL4483487,COc1ccc(C2=NN(C(C)=O)C(c3ccc(N4CCN(c5ccccc5)CC4)cc3)C2)cc1OC,3.530325227448202,0
CHEMBL1288827,COc1ccc(C2C(c3ccccc3)NC3(C(=O)Nc4ccc([N+](=O)[O-])cc43)C23Cc2cc(OC)c(OC)cc2C3=O)cc1OC,4.813326132500255,0
CHEMBL4578305,COc1ccc(C2CC(=O)c3ccc4c(c3O2)C=CC(C)(C)O4)cc1,4.040624663424157,0
CHEMBL4847613,COc1ccc(C2CC(c3cc(F)cc(F)c3)=NN2c2ccc(S(N)(=O)=O)cc2)c(OC)c1,8.196542884351587,1
CHEMBL4864555,COc1ccc(C2CC(c3cc(F)cc(F)c3)=NN2c2ccc(S(N)(=O)=O)cc2)cc1OC,8.196542884351587,1
CHEMBL4847624,COc1ccc(C2CC(c3cc(F)ccc3F)=NN2c2ccc(S(N)(=O)=O)cc2)c(OC)c1,8.196542884351587,1
CHEMBL4849196,COc1ccc(C2CC(c3cc(F)ccc3F)=NN2c2ccc(S(N)(=O)=O)cc2)cc1OC,8.196542884351587,1
CHEMBL5169502,COc1ccc(C2CC(c3ccc(-c4ccccc4)cc3)=NN2C(C)=O)cc1OC,2.845880474484153,0
CHEMBL3785187,COc1ccc(C2N(C)Cc3cc(O)ccc3N2C)cc1,3.983802646487561,0
CHEMBL1202929,COc1ccc(C2SCC(=O)N2CCCN(C)C)cc1.Cl,3.6989700043360187,0
CHEMBL4564320,COc1ccc(C2SCC(=O)N2c2ccc3oc(=O)ccc3c2)cc1,7.148130399270234,1
CHEMBL5434381,COc1ccc(C2c3c(nc(C)[nH]c3=O)Oc3c2n(C(C)=O)c2ccccc32)cc1,3.690199554398266,0
CHEMBL5407081,COc1ccc(C2c3c(nc(C)[nH]c3=O)Oc3c2n(C(C)=O)c2ccccc32)cc1[N+](=O)[O-],4.039814723395389,0
CHEMBL1762833,COc1ccc(C2c3c(nc4c(c3N)CCCC4)Oc3ccc4ccccc4c32)cc1OC,7.080921907623926,1
CHEMBL4094837,COc1ccc(C2c3ccccc3N(C)c3ccccc32)cc1,4.698970004336019,0
CHEMBL4460528,COc1ccc(CC(=O)n2nc(OCCCN3CCCCC3)c3ccccc32)cc1,5.0,0
CHEMBL4470556,COc1ccc(CC(=O)n2nc(OCCN3CCCC3)c3ccccc32)cc1,5.0,0
CHEMBL5422875,COc1ccc(CCN(C)Cc2cccc(OC)c2OCc2ccccc2)cc1,5.0,0
CHEMBL191315,COc1ccc(CCN2CC(=O)N(CCc3ccccn3)CC2=O)cc1OC,4.698970004336019,0
CHEMBL5434763,COc1ccc(CCNCc2cccc(OC)c2OCc2ccccc2)cc1,5.0,0
CHEMBL4096673,COc1ccc(CCNc2nc(CC(N)=O)nc3ccccc23)cc1OC,4.903089986991944,0
CHEMBL4475228,COc1ccc(CCOCCCCCNc2c3c(nc4ccccc24)CCCC3)cc1,6.665546248849069,1
CHEMBL4555120,COc1ccc(CCOCCCCCNc2c3c(nc4ccccc24)CCCC3)cc1OC,6.774690718274137,1
CHEMBL5172037,COc1ccc(CCc2cc(=O)c3c(o2)[C@H]2O[C@H]2[C@@H](O)[C@H]3OC)cc1,3.8079904073463298,0
CHEMBL5196199,COc1ccc(CCc2cc(=O)c3c(o2)[C@H]2O[C@H]2[C@@H](O)[C@H]3OC)cc1O,3.3549709352788573,0
CHEMBL387849,COc1ccc(CN(C)CCCCCCCOc2ccc3c(=O)c4ccccc4oc3c2)c(OC)c1OC,3.8096683018297086,0
CHEMBL225396,COc1ccc(CN(C)CCCCCCCOc2ccc3c(=O)c4ccccc4oc3c2)cc1,3.4436974992327127,0
CHEMBL1783515,COc1ccc(CN(C)[C@@H](C)[C@H]2[C@H](O)C[C@@]3(C)[C@@H]4CC[C@H]5[C@]6(C)CSC(C(C)C)=N[C@H]6CC[C@@]56C[C@@]46C(=O)C[C@]23C)cc1,8.045757490560675,1
CHEMBL4068829,COc1ccc(CN(CC(=O)NC(C)C)C(=O)CCCCCn2cc[n+](C)c2/C=N\O)cc1.[I-],3.0,0
CHEMBL4090842,COc1ccc(CN(CC(=O)NC(C)C)C(=O)CCCCCn2ccnc2/C=N/O)cc1,3.0,0
CHEMBL4059560,COc1ccc(CN(CC(=O)NCc2ccccc2)C(=O)CCCCCn2cc[n+](C)c2/C=N\O)cc1.[I-],3.0,0
CHEMBL4063984,COc1ccc(CN(CC(=O)NCc2ccccc2)C(=O)CCCCCn2ccnc2/C=N/O)cc1,3.744727494896694,0
CHEMBL3752710,COc1ccc(CN(Cc2ccccc2)C2=NCC(CI)S2)cc1OC.I,4.0,0
CHEMBL3926757,COc1ccc(CN2CC=C(c3ccc(F)cc3)CC2)cc1OCc1ccccc1,3.6989700043360187,0
CHEMBL76108,COc1ccc(CN2CCC(CCC(=O)c3ccc4c(c3)CCN4)CC2)cc1,4.876148359032914,0
CHEMBL74533,COc1ccc(CN2CCC(CCC(=O)c3ccc4c(c3)NCCCC4)CC2)cc1,4.2580609222708015,0
CHEMBL4871752,COc1ccc(CN2CCC(c3cc4ccccc4o3)CC2)cc1,4.03240522732811,0
CHEMBL4863754,COc1ccc(CN2CCC(c3cc4ccccc4o3)CC2)cc1OC,4.277530614115969,0
CHEMBL4874487,COc1ccc(CN2CCC(c3oc4ccccc4c3C(=O)c3ccc(OC)c(OC)c3)CC2)cc1OC,4.167746629802992,0
CHEMBL4845972,COc1ccc(CN2CCC(c3oc4ccccc4c3C(=O)c3ccc(OC)cc3)CC2)cc1,4.223807485252928,0
CHEMBL4853093,COc1ccc(CN2CCC(c3oc4ccccc4c3C(=O)c3ccccc3)CC2)cc1,4.0126466112642065,0
CHEMBL4848309,COc1ccc(CN2CCC(c3oc4ccccc4c3C(=O)c3ccccc3)CC2)cc1OC,4.3438059378208145,0
CHEMBL4856895,COc1ccc(CN2CCN(C(=O)/C=C/c3ccc(O)c(OC)c3)CC2)cc1,4.785421046429501,0
CHEMBL4455013,COc1ccc(CNC(=O)C2CCN(C(=O)c3ccccc3)CC2)cc1OC,8.38615817812393,1
CHEMBL3116290,COc1ccc(COc2nn(CCN(C(C)C)C(C)C)c3ccc([N+](=O)[O-])cc23)cc1,4.040958607678906,0
CHEMBL3116280,COc1ccc(COc2nn(CCN(C(C)C)C(C)C)c3ccccc23)cc1,5.0,0
CHEMBL3116281,COc1ccc(COc2nn(Cc3ccc(OC)cc3)c3ccccc23)cc1,5.0,0
CHEMBL5414196,COc1ccc(C[C@H]2c3c(ccc(OC)c3O)CCN2C)cc1,4.59176003468815,0
CHEMBL19224,COc1ccc(Cc2nccc3cc(OC)c(OC)cc23)cc1OC,4.613857891069181,0
CHEMBL4203672,COc1ccc(Cn2cc(C(=O)NCCCCCCCCNc3c4c(nc5cc(Cl)ccc35)CCCC4)c(=O)c3ccccc32)cc1,6.924453038607469,1
CHEMBL4210274,COc1ccc(Cn2cc(C(=O)NCCCCCCCCNc3c4c(nc5ccc(OC)cc35)CCCC4)c(=O)c3ccccc32)cc1,4.129011186239425,0
CHEMBL4213591,COc1ccc(Cn2cc(C(=O)NCCCCCCCNc3c4c(nc5cc(Cl)ccc35)CCCC4)c(=O)c3ccccc32)cc1,7.286509456906058,1
CHEMBL4214900,COc1ccc(Cn2cc(C(=O)NCCCCCCCNc3c4c(nc5ccccc35)CCCC4)c(=O)c3ccccc32)cc1,6.7121982700697735,1
CHEMBL4217346,COc1ccc(Cn2cc(C(=O)NCCCCCCNc3c4c(nc5cc(Cl)ccc35)CCCC4)c(=O)c3ccccc32)cc1,7.026410376572743,1
CHEMBL4205910,COc1ccc(Cn2cc(C(=O)NCCCCCCNc3c4c(nc5ccc(OC)cc35)CCCC4)c(=O)c3ccccc32)cc1,5.0,0
CHEMBL4206484,COc1ccc(Cn2cc(C(=O)NCCCCCCNc3c4c(nc5ccccc35)CCCC4)c(=O)c3ccccc32)cc1,6.7121982700697735,1
CHEMBL4217660,COc1ccc(Cn2cc(C(=O)NCCCCCNc3c4c(nc5cc(Cl)ccc35)CCCC4)c(=O)c3ccccc32)cc1,6.7447274948966935,1
CHEMBL4202784,COc1ccc(Cn2cc(C(=O)NCCCCCNc3c4c(nc5ccccc35)CCCC4)c(=O)c3ccccc32)cc1,6.533132379645891,1
CHEMBL4215154,COc1ccc(Cn2cc(C(=O)NCCCCNc3c4c(nc5cc(Cl)ccc35)CCCC4)c(=O)c3ccccc32)cc1,7.047691990337875,1
CHEMBL4210729,COc1ccc(Cn2cc(C(=O)NCCCNc3c4c(nc5cc(Cl)ccc35)CCCC4)c(=O)c3ccccc32)cc1,7.377785977033705,1
CHEMBL4214668,COc1ccc(Cn2cc(C(=O)NCCCNc3c4c(nc5ccccc35)CCCC4)c(=O)c3ccccc32)cc1,6.889410289700751,1
CHEMBL4215217,COc1ccc(Cn2cc(C(=O)NCCNc3c4c(nc5cc(Cl)ccc35)CCCC4)c(=O)c3ccccc32)cc1,7.127843727251707,1
CHEMBL4205374,COc1ccc(Cn2cc(C(=O)NCCNc3c4c(nc5ccccc35)CCCC4)c(=O)c3ccccc32)cc1,6.728158393463501,1
CHEMBL608112,COc1ccc(Cn2cc(C(=O)O)c(=O)c3ccccc32)cc1,3.0,0
CHEMBL2441687,COc1ccc(F)c[n+]1C.F[B-](F)(F)F,4.7827155479829,0
CHEMBL238571,COc1ccc(N(C)C(=O)Oc2ccc(Oc3ccc(C(F)(F)F)cn3)cc2)cc1,4.301029995663981,0
CHEMBL543217,COc1ccc(N(C)C(=O)Oc2ccc3c(c2)C(N)CC3)cc1.Cl,6.522878745280337,1
CHEMBL4791662,COc1ccc(N2CCN(C(=O)/C=C/c3ccc(O)c(OC)c3)CC2)cc1,4.919012953089113,0
CHEMBL5268019,COc1ccc(NC(=O)C2CCN(C(=O)c3ccccc3)CC2)cc1,8.009661145212398,1
CHEMBL1613299,COc1ccc(NC(=O)C2CCN(C(=O)c3ccccc3)CC2)cc1OC,8.38615817812393,1
CHEMBL6173795,COc1ccc(NC(=O)C2CCN(Cc3ccccc3)CC2)cc1,6.782516055786093,1
CHEMBL6161618,COc1ccc(NC(=O)C2CCN(Cc3ccccc3)CC2)cc1OC,6.838631997765025,1
CHEMBL4789401,COc1ccc(NC(=O)CNC(=O)/C=C/c2ccc(O)c(OC)c2)cc1,4.762205006726077,0
CHEMBL6149205,COc1ccc(NC(=O)Nc2cccc(/C(N)=N/O)c2)cc1,4.786747947803604,0
CHEMBL74950,COc1ccc(NC(=O)Oc2ccc3c(c2)[C@]2(C)CCN(C)[C@@H]2N3C)cc1,6.547102059816066,1
CHEMBL5220093,COc1ccc(NC(=O)Oc2ccc3c(c2)[C@]2(O)CCN(C(C)=O)[C@@H]2N3)cc1,4.0,0
CHEMBL4087841,COc1ccc(NC(=S)NCCN(C)C)cc1,3.6989700043360187,0
CHEMBL4075136,COc1ccc(NC(=S)NCCN(C)C)cc1Cl,4.337242168318426,0
CHEMBL4099934,COc1ccc(NC(=S)NCCN2CCCCC2)cc1,3.9208187539523753,0
CHEMBL4092186,COc1ccc(NC(=S)NCCN2CCOCC2)cc1Cl,4.853871964321762,0
CHEMBL2425415,COc1ccc(NC(=S)NNC=C2C(=O)NC(=S)NC2=O)cc1,3.6854797209383148,0
CHEMBL4525409,COc1ccc(NC(=S)NNc2c3c(nc4ccccc24)CCCC3)cc1,6.533132379645891,1
CHEMBL1482486,COc1ccc(NC(S)=NCCN2CCC(C)CC2)cc1,3.6989700043360187,0
CHEMBL1340607,COc1ccc(NC(S)=NCCN2CCC(C)CC2)cc1Cl,4.920818753952375,0
CHEMBL1543212,COc1ccc(NC(S)=NCCN2CCOCC2)cc1,3.6989700043360187,0
CHEMBL4446234,COc1ccc(NCC(=O)Nc2ccc3oc(=O)ccc3c2)cc1,7.2580609222708015,1
CHEMBL5268811,COc1ccc(NCC2CCN(Cc3ccccc3)CC2)cc1,6.782516055786093,1
CHEMBL5287982,COc1ccc(NCC2CCN(Cc3ccccc3)CC2)cc1OC,6.838631997765025,1
CHEMBL4062800,COc1ccc(NCc2ccc3c(c2)C(=O)C(=O)N3C(=O)c2ccccc2)cc1,6.770062314092066,1
CHEMBL3585778,COc1ccc(OC)c(C(C)NS(=O)(=O)NC(=O)OCc2ccccc2)c1,10.571055709964426,1
CHEMBL3585783,COc1ccc(OC)c(C(C)NS(N)(=O)=O)c1,10.571055709964426,1
CHEMBL5191224,COc1ccc(OC)c(C2=NN(C(C)=O)C(c3ccc(-c4ccccc4)cc3)C2)c1,2.7682756166714833,0
CHEMBL4872387,COc1ccc(OC)c(C2CC(c3cc(F)cc(F)c3)=NN2c2ccc(S(N)(=O)=O)cc2)c1,8.196542884351587,1
CHEMBL4869398,COc1ccc(OC)c(C2CC(c3cc(F)ccc3F)=NN2c2ccc(S(N)(=O)=O)cc2)c1,8.196542884351587,1
CHEMBL5208439,COc1ccc(OC)c(C2CC(c3ccc(-c4ccccc4)cc3)=NN2C(C)=O)c1,2.84740592207253,0
CHEMBL225615,COc1ccc(OC)c(CN(C)CCCCCCCOc2ccc3c(=O)c4ccccc4oc3c2)c1,3.896196279044043,0
CHEMBL4875660,COc1ccc(OC)c(CN2CCC(c3cc4ccccc4o3)CC2)c1,4.621602099051862,0
CHEMBL4848809,COc1ccc(OC)c(CN2CCC(c3oc4ccccc4c3C(=O)c3ccc(OC)c(OC)c3)CC2)c1,4.256411849840096,0
CHEMBL4858801,COc1ccc(OC)c(CN2CCC(c3oc4ccccc4c3C(=O)c3ccccc3)CC2)c1,4.235151642806589,0
CHEMBL5416407,COc1ccc(OC)c(NC2=C([N+](=O)[O-])C3(NN2)C(=O)Nc2ccc([N+](=O)[O-])cc23)c1,4.371100435579393,0
CHEMBL423419,COc1ccc(OC)c2c1CC(C)C2=O,6.930095077235149,1
CHEMBL5175715,COc1ccc(OCC(=O)NCCN2CCN(Cc3ccccc3)CC2)cc1,6.522878745280337,1
CHEMBL399121,COc1ccc([C@@H]2CC(=O)c3c(O)cc(O)cc3O2)cc1O,2.606231819841255,0
CHEMBL2011404,COc1ccc([C@@H]2CC(=O)c3c(cc(O)c(C/C=C(\C)CCC=C(C)C)c3O)O2)cc1O,4.0343280287798935,0
CHEMBL5280639,COc1ccc([C@@H]2c3[nH]c4ccccc4c3C[C@@H]3C(=O)N(CCC4CCN(Cc5ccccc5)CC4)CC(=O)N23)cc1,7.508638306165727,1
CHEMBL5275356,COc1ccc([C@@H]2c3[nH]c4ccccc4c3C[C@H]3C(=O)N(CCC4CCN(Cc5ccccc5)CC4)CC(=O)N23)cc1,7.106252920874804,1
CHEMBL4647106,COc1ccc([C@H](O)[C@H](N)C(=O)O)cc1OC,9.0,1
CHEMBL2234536,COc1ccc([C@H]2C3=C(CC(C)(C)CC3=O)Nc3nc4c(c(N)c32)CCCC4)cc1,6.659992382003327,1
CHEMBL2234524,COc1ccc([C@H]2C3=C(CC(C)(C)CC3=O)Oc3nc4c(c(N)c32)CCCC4)cc1,4.389999976337708,0
CHEMBL4633613,COc1ccc([C@H]2OC(=O)[C@H]3[C@@H]2C(=O)O[C@@H]3c2ccc3c(c2)OCO3)cc1OC,6.801342913045577,1
CHEMBL4634863,COc1ccc([C@H]2O[C@@H](O)[C@H]3[C@@H]2C(=O)O[C@@H]3c2cc(OC)c3c(c2)OCO3)cc1OC,7.522878745280337,1
CHEMBL4633410,COc1ccc([C@H]2O[C@@H](O)[C@H]3[C@@H]2C(=O)O[C@@H]3c2ccc(OC)c(OC)c2)cc1OC,7.552841968657781,1
CHEMBL2011402,COc1ccc([C@H]2Oc3cc(O)c(C/C=C(\C)CCC=C(C)C)c(O)c3C(=O)[C@@H]2O)cc1O,4.496209316942819,0
CHEMBL2441690,COc1ccc([N+](=O)[O-])c[n+]1C.F[B-](F)(F)F,4.790435346129012,0
CHEMBL442361,COc1ccc([N+](C)(C)Cc2ccccc2)cc1.[Br-],5.0,0
CHEMBL4861956,COc1ccc2[nH]c(C(=O)Nc3ccc4nc5n(c(=O)c4c3)CCC5)cc2c1,6.920818753952375,1
CHEMBL4864004,COc1ccc2[nH]c(CCNC(=O)CCCn3cc(CCCCN4CCc5cc(OC)c(OC)cc5C4CCCN4C(=O)c5ccccc5C4=O)nn3)cc2c1,3.799696817018415,0
CHEMBL4850061,COc1ccc2[nH]c(CCNC(=O)Cn3cc(CCCCN4CCc5cc(OC)c(OC)cc5C4CCCN4C(=O)c5ccccc5C4=O)nn3)cc2c1,3.7597004179972875,0
CHEMBL278193,COc1ccc2[nH]c3c(C)nccc3c2c1,5.0,0
CHEMBL266084,COc1ccc2[nH]c3c(c2c1)CCNC3,5.0,0
CHEMBL221811,COc1ccc2[nH]c3c(c2c1)CCNC3C,5.0,0
CHEMBL4849640,COc1ccc2[nH]c3c(c2c1)CN(Cc1ccccc1)CC3,4.278189384787454,0
CHEMBL4857977,COc1ccc2[nH]c3cc[n+](C)cc3c2c1.[I-],4.8326826652518236,0
CHEMBL4846730,COc1ccc2[nH]c3ccncc3c2c1,4.304518323509803,0
CHEMBL80619,COc1ccc2[nH]c3cnccc3c2c1,5.0,0
CHEMBL4785035,COc1ccc2[nH]cc(CCCN3CCN(C(=O)CN4CCN(C(=O)c5ccc(Br)cc5)CC4)CC3)c2c1,4.301029995663981,0
CHEMBL4788937,COc1ccc2[nH]cc(CCCN3CCN(C(=O)CN4CCN(C(=O)c5ccc(C)cc5)CC4)CC3)c2c1,4.301029995663981,0
CHEMBL4796660,COc1ccc2[nH]cc(CCCN3CCN(C(=O)CN4CCN(C(=O)c5ccc(Cl)cc5)CC4)CC3)c2c1,4.301029995663981,0
CHEMBL4792702,COc1ccc2[nH]cc(CCCN3CCN(C(=O)CN4CCN(C(=O)c5ccc(F)cc5)CC4)CC3)c2c1,4.301029995663981,0
CHEMBL4785452,COc1ccc2[nH]cc(CCCN3CCN(C(=O)CN4CCN(C(=O)c5cccc(Br)c5)CC4)CC3)c2c1,4.301029995663981,0
CHEMBL4780560,COc1ccc2[nH]cc(CCCN3CCN(C(=O)CN4CCN(C(=O)c5cccc(Cl)c5)CC4)CC3)c2c1,4.301029995663981,0
CHEMBL4783315,COc1ccc2[nH]cc(CCCN3CCN(C(=O)CN4CCN(C(=O)c5cccc(F)c5)CC4)CC3)c2c1,4.428291168191312,0
CHEMBL4798281,COc1ccc2[nH]cc(CCCN3CCN(C(=O)CN4CCN(C(=O)c5ccccc5)CC4)CC3)c2c1,4.301029995663981,0
CHEMBL4778249,COc1ccc2[nH]cc(CCCN3CCN(C(=O)CN4CCN(C(=O)c5ccccc5Br)CC4)CC3)c2c1,4.301029995663981,0
CHEMBL3628183,COc1ccc2[nH]cc(CCNC(=O)/C=C/c3cc[n+](Cc4ccc(F)cc4)cc3)c2c1.[Br-],6.6777807052660805,1
CHEMBL3628067,COc1ccc2[nH]cc(CCNC(=O)/C=C/c3cc[n+](Cc4cccc(F)c4)cc3)c2c1.[Br-],6.958607314841775,1
CHEMBL3628066,COc1ccc2[nH]cc(CCNC(=O)/C=C/c3cc[n+](Cc4ccccc4F)cc3)c2c1.[Br-],6.585026652029182,1
CHEMBL3824362,COc1ccc2[nH]cc(CCNC(=O)C3CCN(Cc4ccccc4)CC3)c2c1,4.912928794093465,0
CHEMBL3823538,COc1ccc2[nH]cc(CCNC(=O)CC3CCN(Cc4cccc(C)c4)CC3)c2c1,4.8696662315049934,0
CHEMBL4532770,COc1ccc2[nH]cc(CCNC(=O)CCCCCCCNc3c4c(nc5ccccc35)CCCC4)c2c1,14.301029995663981,1
CHEMBL372202,COc1ccc2[nH]cc(CCNC(=O)CCCCCCNc3c4c(nc5cc(Cl)cc(Cl)c35)CCCC4)c2c1,12.34948500216801,1
CHEMBL382260,COc1ccc2[nH]cc(CCNC(=O)CCCCCCNc3c4c(nc5ccccc35)CCCC4)c2c1,11.744058319510563,1
CHEMBL4468781,COc1ccc2[nH]cc(CCNC(=O)CCCCCNc3c4c(nc5cc(Cl)cc(Cl)c35)CCCC4)c2c1,14.301029995663981,1
CHEMBL199748,COc1ccc2[nH]cc(CCNC(=O)CCCCCNc3c4c(nc5cc(Cl)ccc35)CCCC4)c2c1,14.301029995663981,1
CHEMBL200008,COc1ccc2[nH]cc(CCNC(=O)CCCCCNc3c4c(nc5cccc(Cl)c35)CCCC4)c2c1,14.301029995663981,1
CHEMBL199454,COc1ccc2[nH]cc(CCNC(=O)CCCCCNc3c4c(nc5ccccc35)CCCC4)c2c1,14.301029995663981,1
CHEMBL4455677,COc1ccc2[nH]cc(CCNC(=O)CCCCNc3c4c(nc5ccccc35)CCCC4)c2c1,14.301029995663981,1
CHEMBL4849427,COc1ccc2[nH]cc(CCNC(=O)CCCCn3cc(CCCCN4CC[C@@]56C=C[C@H](O)C[C@@H]5Oc5c(OC)ccc(c56)C4)nn3)c2c1,7.7447274948966935,1
CHEMBL4536838,COc1ccc2[nH]cc(CCNC(=O)CN(CCC3CCN(Cc4ccccc4)CC3)C(=O)/C=C/c3ccc(O)c(OC)c3)c2c1,7.512861624522813,1
CHEMBL4541077,COc1ccc2[nH]cc(CCNC(=O)CN(CCCC3CCN(Cc4ccccc4)CC3)C(=O)/C=C/c3ccc(O)c(OC)c3)c2c1,7.581698708680254,1
CHEMBL4759893,COc1ccc2[nH]cc(CCNC(=O)CN(CCCCCCCCNc3c4c(nc5ccccc35)CCCC4)C(=O)/C=C/c3ccc(O)c(OC)c3)c2c1,7.359518563029578,1
CHEMBL4762083,COc1ccc2[nH]cc(CCNC(=O)CN(CCCCCCCCNc3c4c(nc5ccccc35)CCCC4)C(=O)CCCC[C@@H]3CCSS3)c2c1,6.7447274948966935,1
CHEMBL4852686,COc1ccc2[nH]cc(CCNC(=O)Cn3cc(CCCCN4CC[C@@]56C=C[C@H](O)C[C@@H]5Oc5c(OC)ccc(c56)C4)nn3)c2c1,7.638272163982407,1
CHEMBL4849687,COc1ccc2[nH]cc(CCNC(=O)Cn3cc(CN4CCc5cc(OC)c(OC)cc5C4CCCN4C(=O)c5ccccc5C4=O)nn3)c2c1,4.399027104313252,0
CHEMBL6144072,COc1ccc2[nH]cc(CCNC(=O)Oc3cccc(C(C)N(C)C)c3)c2c1,7.315873074386925,1
CHEMBL6120228,COc1ccc2[nH]cc(CCNC(=O)Oc3cccc([C@H](C)N(C)C)c3)c2c1,7.668775218979268,1
CHEMBL241830,COc1ccc2c(=O)cc(-c3ccc(CN(C)Cc4ccccc4)cc3)oc2c1,4.094204119632131,0
CHEMBL4285779,COc1ccc2c(=O)cc(C(=O)NCCC3CCN(Cc4ccccc4)CC3)oc2c1,7.481486060122112,1
CHEMBL5272435,COc1ccc2c(=O)cc(C(=O)NCCN3CCCCC3)oc2c1,7.045757490560675,1
CHEMBL418955,COc1ccc2c(CCC3CCN(Cc4ccccc4)CC3)noc2c1,8.075663292496282,1
CHEMBL3819247,COc1ccc2c(c1)C(=O)/C(=C/C1CCN(Cc3ccc4c(c3)OCO4)CC1)C2,4.598685637308212,0
CHEMBL347023,COc1ccc2c(c1)C(=O)C(C)C2,6.7551163542216734,1
CHEMBL140770,COc1ccc2c(c1)C(=O)N(CCC1CCN(Cc3ccccc3)CC1)C2=O,8.096910013008056,1
CHEMBL389400,COc1ccc2c(c1)C(=O)c1nccc3cc4c(c-2c13)OCO4,4.962573502059376,0
CHEMBL4241840,COc1ccc2c(c1)C/C(=C/C1CCN(Cc3ccccc3)CC1)C2=O,7.355561410532162,1
CHEMBL4242359,COc1ccc2c(c1)C/C(=C/c1ccccc1-c1ccc3ccccc3c1)C2=O,7.489454989793388,1
CHEMBL4240861,COc1ccc2c(c1)C/C(=C/c1ccccc1-c1ccc3nc(N)ccc3c1)C2=O,7.8326826652518236,1
CHEMBL4243474,COc1ccc2c(c1)C/C(=C/c1ccccc1-c1ccccc1)C2=O,7.525783735923745,1
CHEMBL3818084,COc1ccc2c(c1)C/C(=C\C1CCN(Cc3ccccc3)CC1)C2=O,7.366531544420414,1
CHEMBL610219,COc1ccc2c(c1)C/C(=C\c1ccc(CN(C)Cc3ccccc3)cc1)C2=O,4.542118103266008,0
CHEMBL4094591,COc1ccc2c(c1)CC(Cc1cc[n+](Cc3ccccc3C)cc1C(C)=O)C2=O.[Br-],7.522878745280337,1
CHEMBL3786448,COc1ccc2c(c1)CC(NS(=O)(=O)N(C)C)CC2,7.800793520838342,1
CHEMBL597794,COc1ccc2c(c1)CC/C(=C\c1ccc(CN(C)Cc3ccccc3)cc1)C2=O,6.958607314841775,1
CHEMBL4175814,COc1ccc2c(c1)CCC(CC1C=CN(Cc3ccc(C)cc3)C=C1C(C)=O)C2=O,5.0,0
CHEMBL4162281,COc1ccc2c(c1)CCC(CC1C=CN(Cc3ccc(Cl)cc3)C=C1C(C)=O)C2=O,5.0,0
CHEMBL4172950,COc1ccc2c(c1)CCC(CC1C=CN(Cc3cccc(C(F)(F)F)c3)C=C1C(C)=O)C2=O,5.0,0
CHEMBL4170614,COc1ccc2c(c1)CCC(CC1C=CN(Cc3cccc(C)c3)C=C1C(C)=O)C2=O,5.0,0
CHEMBL4174056,COc1ccc2c(c1)CCC(CC1C=CN(Cc3cccc(F)c3)C=C1C(C)=O)C2=O,5.0,0
CHEMBL4167954,COc1ccc2c(c1)CCC(CC1C=CN(Cc3ccccc3C)C=C1C(N)=O)C2=O,5.0,0
CHEMBL4162692,COc1ccc2c(c1)CCC(CC1C=CN(Cc3ccccc3Cl)C=C1C(C)=O)C2=O,5.0,0
CHEMBL4166141,COc1ccc2c(c1)CCC(CC1C=CN(Cc3ccccc3F)C=C1C(C)=O)C2=O,5.0,0
CHEMBL4176179,COc1ccc2c(c1)CCC(Cc1cc[n+](CC3CCCCC3)cc1C(C)=O)C2=O.[I-],6.6777807052660805,1
CHEMBL4173405,COc1ccc2c(c1)CCC(Cc1cc[n+](Cc3cccc(C(F)(F)F)c3)cc1C(C)=O)C2=O.[Br-],6.5121548798885645,1
CHEMBL4173239,COc1ccc2c(c1)CCC(Cc1cc[n+](Cc3cccc(C)c3)cc1Br)C2=O.[Br-],7.782516055786093,1
CHEMBL4168987,COc1ccc2c(c1)CCC(Cc1cc[n+](Cc3cccc(C)c3)cc1C(C)=O)C2=O.[Br-],6.95663772197887,1
CHEMBL4166513,COc1ccc2c(c1)CCC(Cc1cc[n+](Cc3cccc(Cl)c3)cc1C(C)=O)C2=O.[Br-],7.1487416512809245,1
CHEMBL4160115,COc1ccc2c(c1)CCC(Cc1cc[n+](Cc3cccc(F)c3)cc1C(C)=O)C2=O.[Br-],7.255707016877324,1
CHEMBL4161065,COc1ccc2c(c1)CCC(Cc1cc[n+](Cc3ccccc3C)cc1C(C)=O)C2=O.[Br-],8.0,1
CHEMBL4164981,COc1ccc2c(c1)CCC(Cc1cc[n+](Cc3ccccc3C)cc1C(F)(F)F)C2=O,6.6154673845057514,1
CHEMBL4177133,COc1ccc2c(c1)CCC(Cc1cc[n+](Cc3ccccc3Cl)cc1C(C)=O)C2=O.[Br-],7.530177984021837,1
CHEMBL4168037,COc1ccc2c(c1)CCC(Cc1cc[n+](Cc3ccccc3F)cc1C(C)=O)C2=O.[Br-],7.366531544420414,1
CHEMBL3786516,COc1ccc2c(c1)CCC(NC(=O)N(C)C)C2,7.785686102575601,1
CHEMBL3787223,COc1ccc2c(c1)CCC(NS(=O)(=O)N(C)C)C2,7.770318157682325,1
CHEMBL119634,COc1ccc2c(c1)CCCc1c-2nc2ccccc2c1N,4.162411561764489,0
CHEMBL118033,COc1ccc2c(c1)CCc1c-2nc2ccccc2c1N,4.327902142064283,0
CHEMBL3787502,COc1ccc2c(c1)C[C@@H](NC(=O)N(C)C)CC2,7.6495581434649385,1
CHEMBL510954,COc1ccc2c(c1)C[C@@H]1c3c(cc4c(c3-2)OCO4)CCN1C,4.581698708680254,0
CHEMBL452201,COc1ccc2c(c1)C[C@H]1NCCc3cc4c(c-2c31)OCO4,3.8999742698921374,0
CHEMBL3416669,COc1ccc2c(c1)O/C(=C\c1ccc(OCCN3CCCCC3)c(Cl)c1)C2=O,6.795880017344075,1
CHEMBL269538,COc1ccc2c(c1)[nH]c1c(C)nccc12,4.94692155651658,0
CHEMBL131318,COc1ccc2c(c1)c(/C=C1\CN(Cc3ccccc3)CCC1=O)cn2C(=O)c1ccccc1,4.096910013008056,0
CHEMBL5283238,COc1ccc2c(c1)c(C=O)cn2CCCCCCCCCCCCN(C)Cc1ccc(O)cc1,4.21745571598999,0
CHEMBL5269046,COc1ccc2c(c1)c(C=O)cn2CCCCCCCCCCCCN(C)Cc1ccc(OC)c(OC)c1,4.347173697438995,0
CHEMBL5272912,COc1ccc2c(c1)c(C=O)cn2CCCCCCCCCCCCN(C)Cc1cccc(O)c1,4.116225038644742,0
CHEMBL3087677,COc1ccc2c(c1)c(CC(=O)NCCCNCCCNC1=CC(=O)C(NCCCNCCCNC(=O)Cc3c(C)n(C(=O)c4ccc(Cl)cc4)c4ccc(OC)cc34)=CC1=O)c(C)n2C(=O)c1ccc(Cl)cc1,4.987162775294828,0
CHEMBL220959,COc1ccc2c(c1)c1cc[n+](C)c(C)c1n2C,5.0,0
CHEMBL375077,COc1ccc2c(c1)c1ccnc(C)c1n2C,4.928558991464248,0
CHEMBL221794,COc1ccc2c(c1)c1ccncc1n2C,5.0,0
CHEMBL2314746,COc1ccc2c(c1O)CN1CCc3cc4c(cc3C1C2)OCO4,4.0,0
CHEMBL350916,COc1ccc2c(c1OC)C(=O)C(C)C2,6.740099124187763,1
CHEMBL1083065,COc1ccc2c(c1OC)C(=O)CC2CCC1CCN(Cc2ccccc2)CC1,8.096910013008056,1
CHEMBL155371,COc1ccc2c(c1OC)CC(C)C2=O,7.060136751680211,1
CHEMBL5404812,COc1ccc2c(c1OC)c1c3c4c(cc5c(c42)OCO5)CCN3C(=O)C1=O,4.481486060122113,0
CHEMBL2018160,COc1ccc2c(ccc[n+]2C)c1.[I-],4.303381540767775,0
CHEMBL340807,COc1ccc2c3c([nH]c2c1)C(C)=NCC3,4.6252516539898965,0
CHEMBL5646469,COc1ccc2c3c1O[C@H]1C[C@@H](O)C=C[C@@]31CCN(C/C=C/CNC13CC4CC(C)(CC(C)(C4)C1)C3)C2,6.939302159646388,1
CHEMBL6134092,COc1ccc2c3c1O[C@H]1C[C@@H](O)C=C[C@@]31CCN(C=O)C2,4.005023326350309,0
CHEMBL1794936,COc1ccc2c3c1O[C@H]1C[C@@H](O)C=C[C@@]31CCN(CCCCCCCCN1C(=O)c3ccccc3S1(=O)=O)C2.O=C(O)/C=C/C(=O)O,7.301029995663981,1
CHEMBL2178784,COc1ccc2c3c1O[C@H]1C[C@@H](O)C=C[C@@]31CCN(CCCCCCNC13CC4CC(C)(CC(C)(C4)C1)C3)C2,8.935542010773082,1
CHEMBL4871815,COc1ccc2c3c1O[C@H]1C[C@@H](O)C=C[C@@]31CCN(CCCCc1cn(CC(=O)NCCc3c[nH]c4ccccc34)nn1)C2,6.860120913598763,1
CHEMBL4855760,COc1ccc2c3c1O[C@H]1C[C@@H](O)C=C[C@@]31CCN(CCCCc1cn(CCCC(=O)NCCc3c[nH]c4ccccc34)nn1)C2,6.920818753952375,1
CHEMBL4869432,COc1ccc2c3c1O[C@H]1C[C@@H](O)C=C[C@@]31CCN(CCCCc1cn(CCCCC(=O)NCCc3c[nH]c4ccccc34)nn1)C2,7.508638306165727,1
CHEMBL409610,COc1ccc2c3c1O[C@H]1C[C@@H](O)C=C[C@@]31[C@H](O)CN(C)C2,4.746072064152084,0
CHEMBL4175159,COc1ccc2c3c1O[C@H]1C[C@@H](O)C=C[C@@]31[C@H](O)C[N@@+](C)([O-])C2,3.6989700043360187,0
CHEMBL469638,COc1ccc2c3c1O[C@H]1C[C@@H](O)CC[C@@]31CCN(C)C2,4.697452627512514,0
CHEMBL5597498,COc1ccc2c3c1O[C@H]1C[C@@H](O)CC[C@@]31CCNC2,3.8109871953997585,0
CHEMBL4164525,COc1ccc2c3c1O[C@H]1C[C@@H](O)CC[C@@]31CC[N@@+](C)([O-])C2,3.6989700043360187,0
CHEMBL4167958,COc1ccc2c3c1O[C@H]1C[C@H](O)CC[C@@]31CCN(C)C2,4.2373214362725635,0
CHEMBL5274086,COc1ccc2c3ccnc(C)c3n(CC3CC(c4ccccc4)=NO3)c2c1,4.958607314841775,0
CHEMBL87823,COc1ccc2cc(C(=O)CCC3CC[N+](C)(Cc4ccccc4)CC3)ccc2c1,7.301029995663981,1
CHEMBL4790545,COc1ccc2cc(C(=O)NCCC3CCN(Cc4ccccc4)CC3)ccc2c1,6.769551078621726,1
CHEMBL4073273,COc1ccc2cc(C(=O)N[C@@H](CCC(=O)NCCC3CCN(Cc4ccccc4)CC3)C(=O)O)ccc2c1,4.818156412055227,0
CHEMBL5284423,COc1ccc2cc([C@H](C)C(=O)N/N=C3\c4cc(OC)c(OC)cc4CC3CC3CCN(Cc4ccccc4)CC3)ccc2c1,6.823908740944319,1
CHEMBL4745802,COc1ccc2cc3[n+](cc2c1OCc1ccc(C)cc1)CCc1cc2c(cc1-3)OCO2.[Br-],4.120330794367947,0
CHEMBL4756491,COc1ccc2cc3[n+](cc2c1OCc1ccccc1C)CCc1cc2c(cc1-3)OCO2.[Br-],4.982966660701219,0
CHEMBL11531,COc1ccc2cc3n(c(=O)c2c1OC)CCc1cc2c(cc1-3)OCO2,4.0,0
CHEMBL49732,COc1ccc2ccc(=O)oc2c1,3.982465840562802,0
CHEMBL3910025,COc1ccc2nc(NCCc3cc[n+](Cc4c(F)cccc4F)cc3)sc2c1,6.692503962086787,1
CHEMBL3937964,COc1ccc2nc(NCCc3cc[n+](Cc4ccc(F)cc4)cc3)sc2c1,6.651695136951839,1
CHEMBL3892148,COc1ccc2nc(NCCc3cc[n+](Cc4ccccc4)cc3)sc2c1,6.730487055782084,1
CHEMBL1256415,COc1ccc2nc3c(c(N)c2c1)CCCC3,4.940924216240496,0
CHEMBL4872783,COc1ccc2nc3c(c(N)c2c1)CCCC3.Cl,5.0,0
CHEMBL4874599,COc1ccc2nc3c(c(N)c2c1)CCCCC3.Cl,4.7544873321858505,0
CHEMBL4762095,COc1ccc2nc3c(c(NCCCCCCCCN(CC(=O)NCCc4c[nH]c5ccc(OC)cc45)C(=O)/C=C/c4ccc(O)c(OC)c4)c2c1)CCCC3,5.0,0
CHEMBL4755679,COc1ccc2nc3c(c(NCCCCCCCCN(CC(=O)NCCc4c[nH]c5ccc(OC)cc45)C(=O)CCCC[C@@H]4CCSS4)c2c1)CCCC3,5.0,0
CHEMBL4552675,COc1ccc2nc3c(c(NCCCCCCCCN(CC(=O)Nc4ccc5ccccc5c4)C(=O)/C=C/c4ccc(O)c(OC)c4)c2c1)CCCC3,7.653647025549361,1
CHEMBL4761802,COc1ccc2nc3c(c(NCCCCCCCN(CC(=O)NCCc4c[nH]c5ccc(OC)cc45)C(=O)CCCC[C@@H]4CCSS4)c2c1)CCCC3,5.0,0
CHEMBL4790426,COc1ccc2nc3c(c(NCCCCCCN(CC(=O)NCCc4c[nH]c5ccc(OC)cc45)C(=O)/C=C/c4ccc(O)c(OC)c4)c2c1)CCCC3,5.0,0
CHEMBL4752488,COc1ccc2nc3c(c(NCCCCCCN(CC(=O)NCCc4c[nH]c5ccc(OC)cc45)C(=O)CCCC[C@@H]4CCSS4)c2c1)CCCC3,5.0,0
CHEMBL3632848,COc1ccc2nc3c(c(NCCCCCNC(=O)C4(C)CCc5c(C)c(O)c(C)c(C)c5O4)c2c1)CCCC3,4.876475019057268,0
CHEMBL4475391,COc1ccc2nc3c(c(NCCCCNC(=O)[C@@H](N)Cc4c[nH]c5ccccc45)c2c1)CCCC3.Cl.Cl,4.920818753952375,0
CHEMBL4278287,COc1ccc2nc3c(c(NCCCNC(=O)c4sc(-c5ccnc(NC(=O)C6CC6)c5)nc4OC)c2c1)CCCC3,7.42021640338319,1
CHEMBL4285581,COc1ccc2nc3c(c(NCCNC(=O)c4sc(-c5ccnc(NC(=O)C6CC6)c5)nc4OC)c2c1)CCCC3,7.638272163982407,1
CHEMBL241828,COc1ccc2oc(-c3ccc(CN(C)Cc4ccccc4)cc3)cc(=O)c2c1,4.7423214251308154,0
CHEMBL243532,COc1ccc2oc(=O)c(-c3ccc(CN(C)Cc4ccccc4)cc3)cc2c1,6.787812395596042,1
CHEMBL413794,COc1ccc2oc(=O)c(-c3cccc(CN(C)Cc4ccccc4)c3)cc2c1,6.518557371497695,1
CHEMBL4283450,COc1ccc2oc(C(=O)NCCC3CCN(Cc4ccccc4)CC3)cc(=O)c2c1,6.769551078621726,1
CHEMBL2019035,COc1ccc2oc(C(=O)NCCCCCCCCCCNc3c4c(nc5cc(Cl)ccc35)CCCC4)cc(=O)c2c1.Cl,10.0,1
CHEMBL2019034,COc1ccc2oc(C(=O)NCCCCCCCCCCNc3c4c(nc5ccccc35)CCCC4)cc(=O)c2c1.Cl,9.11069829749369,1
CHEMBL94186,COc1ccc2onc(CCC3CCN(Cc4ccccc4)CC3)c2c1,8.142210727116336,1
CHEMBL5440445,COc1ccc2sc3c(C)ccc(NCCC4CCN(C)CC4)c3c(=O)c2c1,4.79317412396815,0
CHEMBL24457,COc1cccc(-c2cc3c(c(=O)o2)C(=O)C2[C@@]4(C)CC[C@H](O)[C@@](C)(CO)C4C[C@H](O)[C@@]2(C)O3)c1,4.031517051446065,0
CHEMBL4633378,COc1cccc(-c2ccc(/C=N/N3CC(=O)N(CCC4CCN(Cc5ccccc5)CC4)C3=O)o2)c1,7.327902142064283,1
CHEMBL3605434,COc1cccc(-c2nnc(-c3ccc4c(c3)CO[C@@]4(CCCN(C)C)c3ccc(F)cc3)[nH]2)c1,3.9073846090584454,0
CHEMBL4444849,COc1cccc(/C=N/C2CCN(Cc3ccccc3)CC2)c1OC,4.823908740944319,0
CHEMBL5440573,COc1cccc(/C=N/CCc2ccc(O)cc2)c1OCc1ccccc1,5.0,0
CHEMBL4794098,COc1cccc(/C=N/NC(=O)N2CCN(c3ccccn3)CC2)c1OC,5.0,0
CHEMBL4756650,COc1cccc(/C=N\C2CCN(Cc3ccccc3)C2)c1OC,5.0,0
CHEMBL2441693,COc1cccc(C#N)[n+]1C.F[B-](F)(F)F,4.799299729609228,0
CHEMBL4776389,COc1cccc(C(=O)N2CCN(CC(=O)N3CCN(CCCc4c[nH]c5ccc(F)cc45)CC3)CC2)c1,4.7121982700697735,0
CHEMBL4799265,COc1cccc(C(=O)N2CCN(CC(=O)N3CCN(CCCc4c[nH]c5ccc(OC)cc45)CC3)CC2)c1,4.301029995663981,0
CHEMBL4792068,COc1cccc(C(=O)N2CCN(CC(=O)N3CCN(CCCc4c[nH]c5ccccc45)CC3)CC2)c1,4.301029995663981,0
CHEMBL4635404,COc1cccc(C(=O)O[C@@H]2C[N@@]3Cc4c(cc5c(c4OC)OCO5)[C@@]24C=C[C@H](OC)C[C@H]34)c1,4.0,0
CHEMBL5078674,COc1cccc(C(=O)O[C@H]2C=C3[C@H]4CN(Cc5cc6c(cc54)OCO6)[C@H]3C[C@@H]2OC)c1,4.0,0
CHEMBL447857,COc1cccc(C(=O)c2c(-c3ccc(OCCCCCCCN(C)Cc4ccccc4)cc3)oc3ccccc23)c1,3.896196279044043,0
CHEMBL1912063,COc1cccc(C(C)N(C)CCCNC(=O)CCCCC2CCSS2)c1,4.130181792020672,0
CHEMBL2441689,COc1cccc(C(F)(F)F)[n+]1C.F[B-](F)(F)F,4.390469833775569,0
CHEMBL4857592,COc1cccc(C2CC(c3cc(F)cc(F)c3)=NN2c2ccc(S(N)(=O)=O)cc2)c1OC,8.196542884351587,1
CHEMBL4876038,COc1cccc(C2CC(c3cc(F)ccc3F)=NN2c2ccc(S(N)(=O)=O)cc2)c1OC,8.196542884351587,1
CHEMBL1202941,COc1cccc(C2SCC(=O)N2CCCN(C)C)c1.Cl,3.6989700043360187,0
CHEMBL5424891,COc1cccc(C2c3c(nc(C)[nH]c3=O)Oc3c2n(C(C)=O)c2ccccc32)c1,4.769806621130955,0
CHEMBL3335070,COc1cccc(CC2CCN(CCCCOc3ccc4c(c3)oc(=O)c3ccccc34)CC2)c1,4.562249437179612,0
CHEMBL3335053,COc1cccc(CC2CCN(CCCCOc3ccc4c5c(c(=O)oc4c3)CCCC5)CC2)c1,4.863279432843593,0
CHEMBL3335065,COc1cccc(CC2CCN(CCCOc3ccc4c(c3)oc(=O)c3ccccc34)CC2)c1,4.732828271596986,0
CHEMBL3335059,COc1cccc(CC2CCN(CCOc3ccc4c(c3)oc(=O)c3ccccc34)CC2)c1,4.533132379645891,0
CHEMBL3335028,COc1cccc(CC2CCN(CCOc3ccc4c5c(c(=O)oc4c3)CCCC5)CC2)c1,4.429457060118103,0
CHEMBL5088557,COc1cccc(CCCCCCCCNc2c3c(nc4cc(Cl)ccc24)CCCC3)c1,8.243363891754152,1
CHEMBL5091660,COc1cccc(CCCCCCCCNc2c3c(nc4ccccc24)CCCC3)c1,7.3979400086720375,1
CHEMBL2441669,COc1cccc(CCCCCCCCc2cccc(OC)[n+]2C)[n+]1C.O=S(=O)([O-])C(F)(F)F.O=S(=O)([O-])C(F)(F)F,6.732986946971932,1
CHEMBL2441668,COc1cccc(CCCCCCCc2cccc(OC)[n+]2C)[n+]1C.O=S(=O)([O-])C(F)(F)F.O=S(=O)([O-])C(F)(F)F,6.920818753952375,1
CHEMBL2441667,COc1cccc(CCCCCCc2cccc(OC)[n+]2C)[n+]1C.O=S(=O)([O-])C(F)(F)F.O=S(=O)([O-])C(F)(F)F,7.154901959985743,1
CHEMBL2441666,COc1cccc(CCCCCc2cccc(OC)[n+]2C)[n+]1C.O=S(=O)([O-])C(F)(F)F.O=S(=O)([O-])C(F)(F)F,6.979303657420887,1
CHEMBL5416559,COc1cccc(CCNCc2cccc(OC)c2OCc2ccccc2)c1,5.0,0
CHEMBL225451,COc1cccc(CN(C)CCCCCCCOc2ccc3c(=O)c4ccccc4oc3c2)c1,4.3979400086720375,0
CHEMBL389668,COc1cccc(CN(C)CCCCCCCOc2ccc3c(=O)c4ccccc4oc3c2)c1OC,3.8601209135987635,0
CHEMBL3335063,COc1cccc(CN(C)CCCOc2ccc3c(c2)oc(=O)c2ccccc23)c1,4.679853713888946,0
CHEMBL5418400,COc1cccc(CN(C)CCCc2ccccc2)c1OCc1ccccc1,5.0,0
CHEMBL3335057,COc1cccc(CN(C)CCOc2ccc3c(c2)oc(=O)c2ccccc23)c1,4.735182176990463,0
CHEMBL1783514,COc1cccc(CN(C)[C@@H](C)[C@H]2[C@H](O)C[C@@]3(C)[C@@H]4CC[C@H]5[C@]6(C)CSC(C(C)C)=N[C@H]6CC[C@@]56C[C@@]46C(=O)C[C@]23C)c1,8.522878745280337,1
CHEMBL5417185,COc1cccc(CN(CCCCc2ccccc2)CCCC(C)C)c1OCc1ccccc1,5.0,0
CHEMBL5402537,COc1cccc(CN(CCCc2ccccc2F)C2CCC2)c1OCc1ccccc1,5.0,0
CHEMBL5408893,COc1cccc(CN(CCCc2ccccc2F)C2CCCC2)c1OCc1ccccc1,5.0,0
CHEMBL3819113,COc1cccc(CN2CCC(/C=C3\Cc4ccc(OC)cc4C3=O)CC2)c1,4.462180904926726,0
CHEMBL3819574,COc1cccc(CN2CCC(/C=C3\Cc4cccc(OC)c4C3=O)CC2)c1,4.915245036820646,0
CHEMBL1651137,COc1cccc(CN2CCC(CCC(=O)c3cc4c5c(ccn5C(=O)CC4)c3)CC2)c1,6.900008766455316,1
CHEMBL4857680,COc1cccc(CN2CCC(CNC(=O)c3cncc(NC(=O)c4ccnc(NC(=O)C5CC5)c4)c3)CC2)c1,5.0,0
CHEMBL4851290,COc1cccc(CN2CCN(C(=O)/C=C/c3ccc(O)c(OC)c3)CC2)c1,4.818728228440539,0
CHEMBL3335072,COc1cccc(CN2CCN(CCCCOc3ccc4c(c3)oc(=O)c3ccccc34)CC2)c1,4.671620396561262,0
CHEMBL3335067,COc1cccc(CN2CCN(CCCOc3ccc4c(c3)oc(=O)c3ccccc34)CC2)c1,4.7447274948966935,0
CHEMBL3335061,COc1cccc(CN2CCN(CCOc3ccc4c(c3)oc(=O)c3ccccc34)CC2)c1,4.943095148663527,0
CHEMBL5434636,COc1cccc(CNC(C)CCc2ccccc2)c1OCc1ccccc1,5.0,0
CHEMBL5415204,COc1cccc(CNCC(C)c2ccccc2)c1OCc1ccccc1,5.0,0
CHEMBL5433937,COc1cccc(CNCCCCc2ccccc2)c1OCc1ccccc1,5.0,0
CHEMBL5431601,COc1cccc(CNCCCc2ccccc2)c1OCc1ccccc1,5.0,0
CHEMBL5439067,COc1cccc(CNCCc2ccc(O)cc2)c1OCc1ccccc1,5.0,0
CHEMBL5404050,COc1cccc(CNCCc2ccccc2)c1OCc1ccccc1,5.0,0
CHEMBL5403562,COc1cccc(CNCc2ccccc2)c1OCc1ccccc1,5.0,0
CHEMBL300176,COc1cccc(C[N+](C)(C)C)c1.[Br-],5.0,0
CHEMBL293268,COc1cccc(C[N+](C)(C)Cc2ccccc2)c1.[Br-],5.0,0
CHEMBL127527,COc1cccc(N(CCC2CCN(Cc3ccccc3)CC2)C(C)=O)c1,7.337242168318426,1
CHEMBL5593330,COc1cccc(NC(=O)CN(C)[C@@H](C)C(=O)c2c[nH]c3ccccc23)c1,4.0,0
CHEMBL6150533,COc1cccc(NC(=O)Nc2cccc(/C(N)=N/O)c2)c1,4.88907375773358,0
CHEMBL3585779,COc1cccc(OC)c1C(C)NS(=O)(=O)NC(=O)OCc1ccccc1,10.571055709964426,1
CHEMBL3585784,COc1cccc(OC)c1C(C)NS(N)(=O)=O,10.571055709964426,1
CHEMBL2234523,COc1cccc([C@H]2C3=C(CC(C)(C)CC3=O)Oc3nc4c(c(N)c32)CCCC4)c1,4.6700000181810175,0
CHEMBL136148,COc1cccc([N+](C)(C)C)c1,3.22399999751502,0
CHEMBL335108,COc1cccc([N+](C)(C)C)c1C,3.6219999968922534,0
CHEMBL293751,COc1cccc([N+](C)(C)Cc2ccccc2)c1.[Br-],5.0,0
CHEMBL93619,COc1cccc2c(CCC3CCN(Cc4ccccc4)CC3)noc12,8.149047886938051,1
CHEMBL3818918,COc1cccc2c1C(=O)/C(=C/C1CCN(Cc3ccc4c(c3)OCO4)CC1)C2,4.953309778629943,0
CHEMBL3953893,COc1cccc2c1C=[N+](c1cc(Cl)cc(Cl)c1)CC2.[Br-],5.0,0
CHEMBL3986155,COc1cccc2c1C=[N+](c1ccc(Br)cc1)CC2.[Br-],6.552841968657781,1
CHEMBL3901518,COc1cccc2c1C=[N+](c1ccc(C#N)cc1)CC2.[Br-],5.0,0
CHEMBL3916407,COc1cccc2c1C=[N+](c1cccc(Br)c1)CC2.[Br-],5.0,0
CHEMBL3943261,COc1cccc2c1C=[N+](c1cccc(C(F)(F)F)c1)CC2.[Br-],5.0,0
CHEMBL3899601,COc1cccc2c1C=[N+](c1cccc(Cl)c1)CC2.[Br-],5.0,0
CHEMBL3893741,COc1cccc2c1C=[N+](c1cccc(F)c1)CC2.[Br-],5.0,0
CHEMBL3897347,COc1cccc2c1C=[N+](c1cccc(I)c1)CC2.[Br-],5.0,0
CHEMBL3892569,COc1cccc2c1C=[N+](c1ccccc1C#N)CC2.[Br-],5.0,0
CHEMBL3906317,COc1cccc2c1C=[N+](c1ccccc1C(F)(F)F)CC2.[Br-],5.0,0
CHEMBL3970993,COc1cccc2c1C=[N+](c1ccccc1Cl)CC2.[Br-],5.0,0
CHEMBL422338,COc1cccc2c1CC(C)C2=O,7.170155967858235,1
CHEMBL3785269,COc1cccc2c1CCC(NS(=O)(=O)N(C)C)C2,7.9186526921958675,1
CHEMBL5219841,COc1cccc2c1CCCC2NS(=O)(=O)NC(=O)OCc1ccccc1,9.679853713888946,1
CHEMBL3786651,COc1cccc2c1CC[C@H](NC(=O)N(C)C)C2,7.701146923590294,1
CHEMBL6091840,COc1cccc2cc(-c3ccc(NC(=O)c4ccc(CCl)cc4)cc3)c(=O)oc12,7.040958607678906,1
CHEMBL3752926,COc1cccc2cc(C(=O)NCCCCCCCNc3c4c(nc5ccccc35)CCCC4)oc12,7.354577730650908,1
CHEMBL3753850,COc1cccc2cc(C(=O)NCCCCCCNc3c4c(nc5ccccc35)CCCC4)oc12,7.61261017366127,1
CHEMBL3752119,COc1cccc2cc(C(=O)NCCCCCCNc3c4c(nc5ccccc35)CCCCC4)oc12,7.490797477668897,1
CHEMBL3754005,COc1cccc2cc(CN(CCCCCCCNc3c4c(nc5ccccc35)CCCCC4)Cc3cc4cccc(OC)c4o3)oc12,6.701146923590294,1
CHEMBL3753957,COc1cccc2cc(CN(CCCCCCNc3c4c(nc5ccccc35)CCCC4)Cc3cc4cccc(OC)c4o3)oc12,6.585026652029182,1
CHEMBL3753405,COc1cccc2cc(CNCCCCCCCNc3c4c(nc5ccccc35)CCCCC4)oc12,8.59176003468815,1
CHEMBL3752356,COc1cccc2cc(CNCCCCCCNc3c4c(nc5ccccc35)CCC4)oc12,7.199970640755866,1
CHEMBL3752969,COc1cccc2cc(CNCCCCCCNc3c4c(nc5ccccc35)CCCC4)oc12,7.815308569182402,1
CHEMBL4797691,COc1cccc2cc[n+](-c3cc(Cl)cc(Cl)c3)cc12.[Br-],5.0,0
CHEMBL4789019,COc1cccc2cc[n+](-c3ccc(Br)cc3)cc12.[Br-],6.721246399047171,1
CHEMBL4795263,COc1cccc2cc[n+](-c3ccc(C#N)cc3)cc12.[Br-],5.0,0
CHEMBL4781509,COc1cccc2cc[n+](-c3ccc(Cl)cc3)cc12.[Br-],6.769551078621726,1
CHEMBL4791833,COc1cccc2cc[n+](-c3cccc(Br)c3)cc12.[Br-],5.0,0
CHEMBL4797466,COc1cccc2cc[n+](-c3cccc(C(F)(F)F)c3)cc12.[Br-],5.0,0
CHEMBL4784275,COc1cccc2cc[n+](-c3cccc(I)c3)cc12.[Br-],5.0,0
CHEMBL4783762,COc1cccc2cc[n+](-c3ccccc3C(F)(F)F)cc12.[Br-],5.0,0
CHEMBL1082750,COc1cccc2n1cc(-c1cccc(OC(=O)N(C)C)c1)[n+]2C.[Cl-],4.688246138944246,0
CHEMBL2441685,COc1cccc[n+]1C.F[B-](F)(F)F,4.384520222125715,0
CHEMBL4785258,COc1ccccc1-[n+]1ccc2cccc(OC)c2c1.[Br-],5.0,0
CHEMBL4641865,COc1ccccc1-c1ccc(/C=N/N2CC(=O)N(CCC3CCN(Cc4ccccc4)CC3)C2=O)o1,7.043831569524636,1
CHEMBL3605433,COc1ccccc1-c1nnc(-c2ccc3c(c2)CO[C@@]3(CCCN(C)C)c2ccc(F)cc2)[nH]1,3.792257947393055,0
CHEMBL5208027,COc1ccccc1/C=C/C=C(\Br)S(=O)(=O)F,7.102372908709558,1
CHEMBL2332550,COc1ccccc1/C=C1\CN(C(=O)C[C@H]2C[C@H]3CCCN3[C@]23C(=O)Nc2ccccc23)C/C(=C\c2ccccc2OC)C1=O,4.799696817018415,0
CHEMBL2332542,COc1ccccc1/C=C1\CN(C(=O)C[C@H]2C[C@H]3CCCN3[C@]23C(=O)Nc2ccccc23)C[C@@]2(C[C@H]3CCCN3[C@@]23C(=O)Nc2ccccc23)C1=O,4.942714355581785,0
CHEMBL2380670,COc1ccccc1/C=C1\CN(C(=O)[C@H]2C[C@H]3CCCN3[C@]23C(=O)Nc2cc(Cl)ccc23)C/C(=C\c2ccccc2OC)C1=O,4.838033383635925,0
CHEMBL6142005,COc1ccccc1C(=O)CCC1CCN(CC2CCCCC2)CC1,6.779891911959945,1
CHEMBL4205425,COc1ccccc1C(=O)N1Cc2cc(NC(=O)c3cccc(Cl)c3)ccc2CC1=O,10.960585880823864,1
CHEMBL4213253,COc1ccccc1C(=O)N1Cc2cc(NC(=O)c3ccccc3)ccc2CC1=O,10.722849386036204,1
CHEMBL5277927,COc1ccccc1C(=O)N1Cc2ccc(N3C(=O)c4ccccc4C3=O)cc2CC1=O,7.088043810927313,1
CHEMBL4205144,COc1ccccc1C(=O)Nc1ccc2c(c1)CN(C(=O)c1cccc(C)c1)C(=O)C2,10.586365002801445,1
CHEMBL4214430,COc1ccccc1C(=O)Nc1ccc2c(c1)CN(C(=O)c1cccc(Cl)c1)C(=O)C2,10.776763726897002,1
CHEMBL4209518,COc1ccccc1C(=O)Nc1ccc2c(c1)CN(C(=O)c1ccccc1)C(=O)C2,10.531948208545762,1
CHEMBL4210041,COc1ccccc1C(=O)Nc1ccc2c(c1)CN(C(=O)c1ccccc1OC)C(=O)C2,10.665948559653108,1
CHEMBL4644410,COc1ccccc1C(=O)O[C@@H]1C[N@@]2Cc3c(cc4c(c3OC)OCO4)[C@@]13C=C[C@H](OC)C[C@H]23,4.0,0
CHEMBL5072956,COc1ccccc1C(=O)O[C@H]1C=C2[C@H]3CN(Cc4cc5c(cc43)OCO5)[C@H]2C[C@@H]1OC,4.0,0
CHEMBL5090336,COc1ccccc1C(=O)O[C@H]1CN2Cc3cc4c(cc3[C@]13C=C[C@@H](O)C[C@H]23)OCO4,4.045757490560675,0
CHEMBL3585775,COc1ccccc1C(C)NS(=O)(=O)NC(=O)OCc1ccccc1,10.571055709964426,1
CHEMBL3585780,COc1ccccc1C(C)NS(N)(=O)=O,10.571055709964426,1
CHEMBL3785229,COc1ccccc1C1N(C)Cc2cc(O)ccc2N1C,3.714892970433188,0
CHEMBL4160908,COc1ccccc1C1NC(=S)Nc2nc3c(c(N)c21)CCCC3,4.505845405981558,0
CHEMBL5419417,COc1ccccc1C1SCC(=O)N1CCCN(C)C.Cl,3.6989700043360187,0
CHEMBL5438175,COc1ccccc1CCN(C)Cc1cccc(OC)c1OCc1ccccc1,5.0,0
CHEMBL5428694,COc1ccccc1CCNCc1cccc(OC)c1OCc1ccccc1,5.0,0
CHEMBL11805,COc1ccccc1CN(C)CCCCCC(=O)N(C)CCCCCCCCN(C)C(=O)CCCCCN(C)Cc1ccccc1OC,6.791168687729753,1
CHEMBL557586,COc1ccccc1CN(C)CCCCCC(=O)N(C)CCCCCCCCN(C)C(=O)CCCCCN(C)Cc1ccccc1OC.Cl.Cl,6.769551078621726,1
CHEMBL222856,COc1ccccc1CN(C)CCCCCC(=O)N(C)CCCCCCCCN(C)C(=O)CCCCCN(C)Cc1ccccc1OC.O=C(O)C(=O)O,6.770011163455189,1
CHEMBL242191,COc1ccccc1CN(C)CCCCCCNC1=CC(=O)C(NCCCCCCN(C)Cc2ccccc2OC)=CC1=O,7.1090204030103115,1
CHEMBL389825,COc1ccccc1CN(C)Cc1ccc(-c2cc3cc(OC)c(OC)cc3oc2=O)cc1,7.20690839982342,1
CHEMBL1783528,COc1ccccc1CN(C)[C@@H](C)[C@H]1[C@H](O)C[C@@]2(C)[C@@H]3CC[C@H]4[C@]5(C)CSC(C(C)C)=N[C@H]5CC[C@@]45C[C@@]35C(=O)C[C@]12C,8.221848749616356,1
CHEMBL174710,COc1ccccc1CN(CCCCCC(=O)N(C)CCCCCCCCN(C)C(=O)CCCCCN(Cc1ccccc1OC)C(C)C)C(C)C,7.140021558357979,1
CHEMBL323655,COc1ccccc1CN(CCCCCCCCN(Cc1ccccc1OC)C(=O)CCCCCN)C(=O)CCCCCN,4.480000028175458,0
CHEMBL242836,COc1ccccc1CN(CCCCCCNC1=CC(=O)C(NCCCCCCN(Cc2ccccc2OC)C(C)C)=CC1=O)C(C)C,7.889410289700751,1
CHEMBL1651136,COc1ccccc1CN1CCC(CCC(=O)c2cc3c4c(ccn4C(=O)CC3)c2)CC1,7.189969213594161,1
CHEMBL1940618,COc1ccccc1CN1CCC(N2CCC(NC3=CC(=O)c4ccccc4C3=O)CC2)CC1,4.764471553092451,0
CHEMBL110045,COc1ccccc1CN1CCCCCC(=O)N(C)CCCCCCCCN(C)C(=O)CCCCCN(Cc2ccccc2OC)Cc2ccc(cc2)-c2ccc(cc2)C1,4.2699999970646445,0
CHEMBL132377,COc1ccccc1CNCCCCCC(=O)N(C)CCCCCCCCN(C)C(=O)CCCCCNCc1ccccc1OC,6.509999358109048,1
CHEMBL242989,COc1ccccc1CNCCCCCC(=O)N1CCC(CCC2CCN(C(=O)CCCCCNCc3ccccc3OC)CC2)CC1,6.869988050328096,1
CHEMBL243044,COc1ccccc1CNCCCCCCNC1=CC(=O)C(NCCCCCCNCc2ccccc2OC)=CC1=O,6.910094888560602,1
CHEMBL241762,COc1ccccc1N(C)C(=O)Oc1ccc(Oc2ccc(C(F)(F)F)cn2)cc1,4.301029995663981,0
CHEMBL4066805,COc1ccccc1N1C(=O)C2CN(C)C3(C(=O)c4ccccc4C3=O)C2C1=O,4.953895212753961,0
CHEMBL1311140,COc1ccccc1N=C(S)NCCN1CCOCC1,3.6989700043360187,0
CHEMBL5266286,COc1ccccc1NC(=O)C1CCN(C(=O)c2ccccc2)CC1,8.072629636960976,1
CHEMBL6144349,COc1ccccc1NC(=O)C1CCN(Cc2ccccc2)CC1,6.804100347590766,1
CHEMBL4064806,COc1ccccc1NC(=S)NCCN(C)C,3.9208187539523753,0
CHEMBL4073401,COc1ccccc1NC(=S)NCCN1CCCCC1.Cl,4.494850021680094,0
CHEMBL5274016,COc1ccccc1NCC1CCN(Cc2ccccc2)CC1,6.804100347590766,1
CHEMBL1940736,COc1ccccc1NCc1cc(=O)oc2cc3oc4ccccc4c3cc12,6.721246399047171,1
CHEMBL61905,COc1ccccc1[N+](C)(C)Cc1ccccc1.[Br-],5.0,0
CHEMBL3986315,COc1ccccc1[N+]1=Cc2c(cccc2OC)CC1.[Br-],5.0,0
CHEMBL4290039,COc1nc(-c2ccnc(NC(=O)C3CC3)c2)sc1C(=O)NCCCCCCNc1c2c(nc3ccccc13)CCCC2,7.657577319177793,1
CHEMBL4293418,COc1nc(-c2ccnc(NC(=O)C3CC3)c2)sc1C(=O)NCCCNc1c2c(nc3cc(Cl)ccc13)CCCC2,8.443697499232712,1
CHEMBL4278686,COc1nc(-c2ccnc(NC(=O)C3CC3)c2)sc1C(=O)NCCCNc1c2c(nc3ccccc13)CCCC2,8.193820026016112,1
CHEMBL4282154,COc1nc(-c2ccnc(NC(=O)C3CC3)c2)sc1C(=O)NCCNc1c2c(nc3cc(Cl)ccc13)CCCC2,8.67778070526608,1
CHEMBL4286601,COc1nc(-c2ccnc(NC(=O)C3CC3)c2)sc1C(=O)NCCNc1c2c(nc3ccccc13)CCCC2,8.197239738281265,1
CHEMBL6169631,COc1nc(-c2ccnc(NC(=O)C3CC3)c2)sc1C(=O)NCNc1c2c(nc3ccccc13)CCCC2,8.200659450546418,1
CHEMBL3780131,COc1nc(Oc2ccc(C(=O)OCC(C)N(C)C)cc2)nc(Oc2ccc(C(=O)OCC(C)N(C)C)cc2)n1,3.9566377219788706,0
CHEMBL339297,COc1nn(-c2ccc(NC(=O)c3ccc(C(C)(C)C)cc3)cc2)c(=O)o1,4.301029995663981,0
CHEMBL6189355,COn1cc(CCNC(=S)NCCCCCNc2c3c(nc4ccccc24)CCCC3)c2ccccc21,7.154901959985743,1
CHEMBL1651246,CS(=O)(=O)Nc1ccc2c(CCC3CCN(Cc4ccccc4)CC3)noc2c1,7.849857838151442,1
CHEMBL4793290,CS(=O)(=O)[O-].CS(=O)(=O)[O-].NC(=O)c1cc[n+](COC[n+]2ccccc2/C=N/O)cc1,3.196542884351586,0
CHEMBL590824,CS(=O)(=O)[O-].CS(=O)(=O)[O-].O/N=C/c1cc[n+](COC[n+]2ccc(/C=N/O)cc2)cc1,2.663740447985807,0
CHEMBL4097266,CSP(C)(=O)OC(C)C(C)(C)C,3.1426675035687315,0
CHEMBL4072457,CSP(C)(=O)OC1CCCCC1,4.154901959985743,0
CHEMBL4776397,CS[C@@H](Cn1nnc2cc(C#Cc3ccc(-n4ccnc4CO)cc3)ccc21)N(O)C=O,4.823908740944319,0
CHEMBL4786712,CS[C@@H](Cn1nnc2cc(C#Cc3ccc(N4CC5(C4)C[S+]([O-])C5)cc3)ccc21)N(O)C=O,4.0,0
CHEMBL4758871,CS[C@@H](Cn1nnc2cc(C#Cc3ccc(N4CC5(COC5)C4)cc3)ccc21)N(O)C=O,4.494850021680094,0
CHEMBL4780225,CS[C@@H](Cn1nnc2cc(C#Cc3ccc(N4C[C@H](O)[C@@H](O)C4)cc3)ccc21)N(O)C=O,4.657577319177793,0
CHEMBL4449791,CSc1ccc(/C=C2/S/C(=N/c3ccc4oc(=O)ccc4c3)NC2=O)cc1,6.821886747685368,1
CHEMBL4437163,CSc1ccc(/C=N/c2ccc3oc(=O)ccc3c2)cc1,6.76421912967244,1
CHEMBL4519239,CSc1ccc(C2SCC(=O)N2c2ccc3oc(=O)ccc3c2)cc1,6.507239610973162,1
CHEMBL572858,CSc1n[nH]c2nc3c(c(N)c12)C1CC(C)=CC(C3)C1,4.301029995663981,0
CHEMBL130704,CSc1nc(-c2ccc(C)cc2)nn1C(=O)N1CCOCC1,4.301029995663981,0
CHEMBL130098,CSc1nc(-c2ccc(Cl)cc2)nn1C(=O)N(C)C,7.0,1
CHEMBL130666,CSc1nc(-c2ccc(Cl)cc2)nn1C(=O)N1CCCCC1,7.585026652029182,1
CHEMBL130645,CSc1nc(-c2ccc(Cl)cc2)nn1C(=O)N1CCOCC1,4.301029995663981,0
CHEMBL130478,CSc1nc(-c2ccc(OC(F)(F)F)cc2)nn1C(=O)N(C)C,4.8979400086720375,0
CHEMBL131051,CSc1nc(-c2ccc(OC(F)(F)F)cc2)nn1C(=O)N(C)c1ccccc1,2.8010299956639813,0
CHEMBL335033,CSc1nc(-c2ccc3ccccc3c2)nn1C(=O)N(C)C,7.301029995663981,1
CHEMBL339995,CSc1nc(/C=C/c2ccccc2)nn1C(=O)N(C)C,8.0,1
CHEMBL3087679,C[C@@H](C(=O)NCCCNCCCNC1=CC(=O)C(NCCCNCCCNC(=O)[C@H](C)c2ccc(-c3ccccc3)c(F)c2)=CC1=O)c1ccc(-c2ccccc2)c(F)c1,4.555955204081924,0
CHEMBL496488,C[C@@H]([C@H]1CC=C2[C@@H]3CCC4=C[C@@H](N(C)C)CC[C@]4(C)[C@H]3CC[C@@]21C)N(C)C,4.616184634019569,0
CHEMBL1651047,C[C@@H]([C@H]1CC[C@@]2(C)[C@@H]3CC[C@@H]4C(=CC3=CC[C@]12C)CC[C@H](N(C)C)C4(C)C)N(C)C,4.096910013008056,0
CHEMBL344384,C[C@@H]([C@H]1CC[C@H]2[C@@H]3CC=C4C[C@@H](N(C)C)CC[C@]4(C)[C@H]3CC[C@]12C)N(C)C,4.399999967876858,0
CHEMBL409854,C[C@@H]([C@H]1CC[C@H]2[C@@H]3CC[C@H]4C[C@@H](N(C)C(=O)/C=C/c5ccccc5)CC[C@]4(C)[C@H]3CC[C@]12C)N(C)C,4.70999991085297,0
CHEMBL496255,C[C@@H]([C@H]1CC[C@H]2[C@@H]3CC[C@H]4C[C@@H](N(C)C)CC[C@]4(C)[C@H]3CC[C@]12C)N(C)C,4.655607726314889,0
CHEMBL498645,C[C@@H]([C@H]1CC[C@H]2[C@@H]3CC[C@H]4C[C@@H](N)CC[C@]4(C)[C@H]3CC[C@]12C)N(C)C,4.552841968657781,0
CHEMBL136933,C[C@@H]([C@H]1CC[C@H]2[C@@H]3CC[C@H]4C[C@@H](NC(=O)c5ccccc5)CC[C@]4(C)[C@H]3CC[C@]12C)N(C)C,4.539999925177879,0
CHEMBL343365,C[C@@H]([C@H]1CC[C@H]2[C@@H]3CC[C@H]4C[C@@H](NC(=O)c5ccccc5)[C@@H](O)C[C@]4(C)[C@H]3CC[C@]12C)N(C)C,4.110000009303415,0
CHEMBL1651044,C[C@@H]([C@H]1[C@H](O)C[C@@]2(C)[C@@H]3C=C[C@H]4C(C)(C)[C@@H](N(C)C)[C@H](O)C[C@@]45C[C@@]35CC[C@]12C)N(C)C,4.640164517660112,0
CHEMBL1651046,C[C@@H]([C@H]1[C@H](O)C[C@@]2(C)[C@@H]3CC[C@@H]4C(=CC3=CC[C@]12C)CC[C@H](N(C)C)C4(C)C)N(C)C,4.525783735923745,0
CHEMBL1783529,C[C@@H]([C@H]1[C@H](O)C[C@@]2(C)[C@@H]3CC[C@H]4[C@]5(C)COC(C(F)(F)F)=N[C@H]5CC[C@@]45C[C@@]35C(=O)C[C@]12C)N(C)C,5.0,0
CHEMBL4167398,C[C@@H](c1ccc2c(c1O)OCO2)c1nccc2cc3c(cc12)OCO3,4.0,0
CHEMBL1784955,C[C@@H](c1cccc(OC(=O)N(C)[C@@H](C)Cc2ccccc2)c1)N(C)C.Cl,6.882728704344236,1
CHEMBL5569081,C[C@@H](c1cccc(OC(=O)NCCCCCCNc2c3c(nc4cc(Br)ccc24)CCCC3)c1)N(C)C,7.251889532505016,1
CHEMBL5595199,C[C@@H](c1cccc(OC(=O)NCCCCCCNc2c3c(nc4cc(Cl)ccc24)CCCC3)c1)N(C)C,7.59176003468815,1
CHEMBL5573861,C[C@@H](c1cccc(OC(=O)NCCCCCCNc2c3c(nc4cc(F)ccc24)CCCC3)c1)N(C)C,7.37509939779551,1
CHEMBL5575737,C[C@@H](c1cccc(OC(=O)NCCCCCCNc2c3c(nc4ccccc24)CCCC3)c1)N(C)C,6.926061809364747,1
CHEMBL5572861,C[C@@H](c1cccc(OC(=O)NCCCCCNc2c3c(nc4cc(Br)ccc24)CCCC3)c1)N(C)C,7.321754848072958,1
CHEMBL5570989,C[C@@H](c1cccc(OC(=O)NCCCCCNc2c3c(nc4cc(Cl)ccc24)CCCC3)c1)N(C)C,8.08196966321512,1
CHEMBL5592335,C[C@@H](c1cccc(OC(=O)NCCCCCNc2c3c(nc4cc(F)ccc24)CCCC3)c1)N(C)C,7.422163658707256,1
CHEMBL5567590,C[C@@H](c1cccc(OC(=O)NCCCCCNc2c3c(nc4ccccc24)CCCC3)c1)N(C)C,6.931257707067019,1
CHEMBL5575695,C[C@@H](c1cccc(OC(=O)NCCCCNc2c3c(nc4ccccc24)CCCC3)c1)N(C)C,6.534290063581759,1
CHEMBL5567533,C[C@@H](c1cccc(OC(=O)NCCNc2c3c(nc4ccccc24)CCCC3)c1)N(C)C,6.597790219955255,1
CHEMBL6102253,C[C@@H](c1cccc(OC(=O)NCCc2c[nH]c3ccc(Cl)cc23)c1)N(C)C,8.098541678603887,1
CHEMBL6102336,C[C@@H](c1cccc(OC(=O)NCCc2c[nH]c3ccc(O)cc23)c1)N(C)C,9.00436480540245,1
CHEMBL6144388,C[C@@H](c1cccc(OC(=O)NCCc2c[nH]c3ccccc23)c1)N(C)C,7.654430243943608,1
CHEMBL299435,C[C@@H]1C(=O)N(C(=O)C2CC2)[C@H]2CCN(C(=O)[C@@H]3CCCN3S(=O)(=O)c3cccc4c(N(C)C)cccc34)[C@H]12,4.0,0
CHEMBL3582202,C[C@@H]1CCC[C@H](C)N1Cc1ccc(-c2cnc3[nH]c4cnc(C#N)cc4c3c2)cc1,6.8696662315049934,1
CHEMBL582883,C[C@@H]1CCC[C@H](C)N1S(=O)(=O)c1cc(Cl)ccc1Cl,7.045757490560675,1
CHEMBL574474,C[C@@H]1CCC[C@H](C)N1S(=O)(=O)c1cccc([N+](=O)[O-])c1,6.716698771296451,1
CHEMBL575813,C[C@@H]1CCC[C@H](C)N1S(=O)(=O)c1ccccc1[N+](=O)[O-],6.732828271596986,1
CHEMBL576005,C[C@@H]1CCC[C@H](C)N1S(C)(=O)=O,7.1249387366083,1
CHEMBL4751237,C[C@@H]1CC[C@H]2[C@H](C(=O)c3c(O)c([C@@]4(O)CC[C@@H](O)[C@H]5O[C@H]54)cn(O)c3=O)[C@H](C)C=C[C@@H]2C1,4.4089353929735005,0
CHEMBL4765084,C[C@@H]1CC[C@H]2[C@H](C(=O)c3c4c(cn(O)c3=O)[C@@]3(O)CC[C@H](O)[C@H](O4)[C@@H]3O)[C@H](C)C=C[C@@H]2C1,4.327902142064283,0
CHEMBL6171454,C[C@@H]1CC[C@]2(C(=O)NC3CCCCC3)CC[C@]3(C)C(=CC[C@@H]4[C@@]5(C)C[C@@H](O)[C@H](O)[C@@](C)(CO)[C@@H]5CC[C@]43C)[C@@H]2[C@]1(C)O,4.094581931297458,0
CHEMBL6161090,C[C@@H]1CC[C@]2(C(=O)NCCc3c[nH]c4ccccc34)CC[C@]3(C)C(=CC[C@@H]4[C@@]5(C)C[C@@H](O)[C@H](O)[C@@](C)(CO)[C@@H]5CC[C@]43C)[C@@H]2[C@]1(C)O,4.2900519834892386,0
CHEMBL6150556,C[C@@H]1CC[C@]2(C(=O)NCCc3ccc(Cl)c(Cl)c3)CC[C@]3(C)C(=CC[C@@H]4[C@@]5(C)C[C@@H](O)[C@H](O)[C@@](C)(CO)[C@@H]5CC[C@]43C)[C@@H]2[C@]1(C)O,4.0,0
CHEMBL6150183,C[C@@H]1CC[C@]2(C(=O)NCc3ccc(Br)cc3)CC[C@]3(C)C(=CC[C@@H]4[C@@]5(C)C[C@@H](O)[C@H](O)[C@@](C)(CO)[C@@H]5CC[C@]43C)[C@@H]2[C@]1(C)O,4.073297505817355,0
CHEMBL6151754,C[C@@H]1CC[C@]2(C(=O)NCc3ccc(Cl)cc3)CC[C@]3(C)C(=CC[C@@H]4[C@@]5(C)C[C@@H](O)[C@H](O)[C@@](C)(CO)[C@@H]5CC[C@]43C)[C@@H]2[C@]1(C)O,4.1885590563258415,0
CHEMBL6166354,C[C@@H]1CC[C@]2(C(=O)NCc3ccc(F)cc3)CC[C@]3(C)C(=CC[C@@H]4[C@@]5(C)C[C@@H](O)[C@H](O)[C@@](C)(CO)[C@@H]5CC[C@]43C)[C@@H]2[C@]1(C)O,4.0,0
CHEMBL6169431,C[C@@H]1CC[C@]2(C(=O)NCc3cccc(Br)c3)CC[C@]3(C)C(=CC[C@@H]4[C@@]5(C)C[C@@H](O)[C@H](O)[C@@](C)(CO)[C@@H]5CC[C@]43C)[C@@H]2[C@]1(C)O,4.107738393084465,0
CHEMBL6161214,C[C@@H]1CC[C@]2(C(=O)NCc3cccc(Cl)c3)CC[C@]3(C)C(=CC[C@@H]4[C@@]5(C)C[C@@H](O)[C@H](O)[C@@](C)(CO)[C@@H]5CC[C@]43C)[C@@H]2[C@]1(C)O,4.200728391650127,0
CHEMBL6151437,C[C@@H]1CC[C@]2(C(=O)NCc3cccc(F)c3)CC[C@]3(C)C(=CC[C@@H]4[C@@]5(C)C[C@@H](O)[C@H](O)[C@@](C)(CO)[C@@H]5CC[C@]43C)[C@@H]2[C@]1(C)O,4.0,0
CHEMBL6164626,C[C@@H]1CC[C@]2(C(=O)NCc3ccccc3)CC[C@]3(C)C(=CC[C@@H]4[C@@]5(C)C[C@@H](O)[C@H](O)[C@@](C)(CO)[C@@H]5CC[C@]43C)[C@@H]2[C@]1(C)O,4.186485728458117,0
CHEMBL6145850,C[C@@H]1CC[C@]2(C(=O)NCc3ccccc3Br)CC[C@]3(C)C(=CC[C@@H]4[C@@]5(C)C[C@@H](O)[C@H](O)[C@@](C)(CO)[C@@H]5CC[C@]43C)[C@@H]2[C@]1(C)O,4.321481620959886,0
CHEMBL6164766,C[C@@H]1CC[C@]2(C(=O)NCc3ccccc3F)CC[C@]3(C)C(=CC[C@@H]4[C@@]5(C)C[C@@H](O)[C@H](O)[C@@](C)(CO)[C@@H]5CC[C@]43C)[C@@H]2[C@]1(C)O,4.0,0
CHEMBL6164161,C[C@@H]1CC[C@]2(C(=O)O)CC[C@]3(C)C(=CC[C@@H]4[C@@]5(C)C(C=O)=C[C@@](C)(CO)[C@@H]5CC[C@]43C)[C@@H]2[C@]1(C)O,4.0,0
CHEMBL6164661,C[C@@H]1CC[C@]2(C(=O)O)CC[C@]3(C)C(=CC[C@@H]4[C@@]5(C)C(C=O)=C[C@@](C)(COC(=O)CCc6ccccc6)[C@@H]5CC[C@]43C)[C@@H]2[C@]1(C)O,4.334982174587528,0
CHEMBL6162081,C[C@@H]1CC[C@]2(C(=O)O)CC[C@]3(C)C(=CC[C@@H]4[C@@]5(C)C(C=O)=C[C@@](C)(COC(=O)c6ccc(C(F)(F)F)cc6)[C@@H]5CC[C@]43C)[C@@H]2[C@]1(C)O,4.0,0
CHEMBL6164832,C[C@@H]1CC[C@]2(C(=O)O)CC[C@]3(C)C(=CC[C@@H]4[C@@]5(C)C(C=O)=C[C@@](C)(COC(=O)c6ccc(Cl)cc6)[C@@H]5CC[C@]43C)[C@@H]2[C@]1(C)OC(=O)c1ccc(Cl)cc1,4.0,0
CHEMBL6151255,C[C@@H]1CC[C@]2(C(=O)O)CC[C@]3(C)C(=CC[C@@H]4[C@@]5(C)C(C=O)=C[C@@](C)(COC(=O)c6ccc(F)cc6)[C@@H]5CC[C@]43C)[C@@H]2[C@]1(C)O,4.143210711246684,0
CHEMBL6164945,C[C@@H]1CC[C@]2(C(=O)O)CC[C@]3(C)C(=CC[C@@H]4[C@@]5(C)C[C@@H](O)OCC(C)(C=O)[C@@H]5CC[C@]43C)[C@@H]2[C@]1(C)O,4.0,0
CHEMBL515920,C[C@@H]1CC[C@]2(C(=O)O)CC[C@]3(C)C(=CC[C@@H]4[C@@]5(C)C[C@@H](O)[C@H](O)[C@@](C)(CO)[C@@H]5CC[C@]43C)[C@@H]2[C@]1(C)O,4.634512015109101,0
CHEMBL6164048,C[C@@H]1CC[C@]2(C(=O)O)CC[C@]3(C)C(=CC[C@@H]4[C@@]5(C)C[C@@H](O)[C@H](OC(=O)c6ccc(C(F)(F)F)cc6)[C@@](C)(CO)[C@@H]5CC[C@]43C)[C@@H]2[C@]1(C)O,4.0,0
CHEMBL6134022,C[C@@H]1CC[C@]2(C(=O)O)CC[C@]3(C)C(=CC[C@@H]4[C@@]5(C)C[C@@H](OC(=O)CCc6ccccc6)[C@H](O)[C@@](C)(CO)[C@@H]5CC[C@]43C)[C@@H]2[C@]1(C)O,4.937418015771837,0
CHEMBL6168459,C[C@@H]1CC[C@]2(C(=O)O)CC[C@]3(C)C(=CC[C@@H]4[C@@]5(C)C[C@@H](OC(=O)c6ccc(C(F)(F)F)cc6)[C@H](OC(=O)c6ccc(C(F)(F)F)cc6)[C@@](C)(CO)[C@@H]5CC[C@]43C)[C@@H]2[C@]1(C)O,4.362610349870788,0
CHEMBL6144623,C[C@@H]1CC[C@]2(C(=O)O)CC[C@]3(C)C(=CC[C@@H]4[C@@]5(C)C[C@@H](OC(=O)c6ccc(Cl)cc6)[C@H](O)[C@@](C)(CO)[C@@H]5CC[C@]43C)[C@@H]2[C@]1(C)OC(=O)c1ccc(Cl)cc1,4.2652801583443205,0
CHEMBL6173424,C[C@@H]1CC[C@]2(C(=O)O)CC[C@]3(C)C(=CC[C@@H]4[C@@]5(C)C[C@@H](OC(=O)c6ccc(Cl)cc6)[C@H](OC(=O)c6ccc(Cl)cc6)[C@@](C)(CO)[C@@H]5CC[C@]43C)[C@@H]2[C@]1(C)O,4.674279141980588,0
CHEMBL4283621,C[C@@H]1C[C@H]2CC(=O)[C@H]3CCCN4CCC[C@@H]2[C@]34C1,4.0,0
CHEMBL4282502,C[C@@H]1C[C@H]2CC(=O)[C@H]3CCC[N+]4([O-])CCC[C@@H]2[C@]34C1,4.0,0
CHEMBL4449395,C[C@@H]1C[C@H]2Cc3ncc(C4CCCCN4)cc3[C@]3(C1)NCCC[C@H]23,4.522878745280337,0
CHEMBL1651045,C[C@@H]1[C@@H]2CC[C@@H]3C(=CC[C@]4(C)[C@@H]([C@H](C)N(C)C)[C@H](O)C[C@@]34C)C=C2CC[C@@H]1N(C)C,4.58838029403677,0
CHEMBL342903,C[C@@]1(O)C[N+](C)(C)CCO1,2.7619999998029403,0
CHEMBL4160151,C[C@@]1(c2nccc3cc4c(cc23)OCO4)Oc2ccc3c(c2O1)OCO3,4.0,0
CHEMBL76135,C[C@@]12CCN(Cc3ccccc3)C1N(Cc1ccccc1)c1ccc(OC(=O)Nc3ccccc3)cc12,4.385841290490825,0
CHEMBL1243297,C[C@@]12CCN(Cc3ccccc3)[C@@H]1N(Cc1ccccc1)c1ccc(OC(=O)Nc3ccccc3)cc12,4.385841290490825,0
CHEMBL419470,C[C@@]12CCNC1Nc1ccc(OC(=O)Nc3ccccc3)cc12,7.655607726314889,1
CHEMBL3220801,C[C@@]12CC[C@@H]3[C@@](CC[C@H]4[C@@]3(C)CCC[C@@]4(C)C(=O)OCC[N+](C)(C)C)(CC1=O)C2.[I-],3.8239087409443187,0
CHEMBL3220803,C[C@@]12CC[C@@H]3[C@@](CC[C@H]4[C@@]3(C)CCC[C@@]4(C)C(=O)OCC[N+](C)(C)CCCCCCCCCC[N+](C)(C)CCOC(=O)[C@]3(C)CCC[C@@]4(C)[C@@H]5CC[C@@]6(C)C[C@]5(CC[C@@H]43)CC6=O)(CC1=O)C2.[Br-].[Br-],4.055517327849831,0
CHEMBL3220802,C[C@@]12CC[C@@H]3[C@@](CC[C@H]4[C@@]3(C)CCC[C@@]4(C)C(=O)OCC[N+](C)(C)Cc3ccccc3)(CC1=O)C2.[Br-],4.522878745280337,0
CHEMBL3586202,C[C@@]12CC[C@@H]3[C@](C)(CC[C@H](O)[C@]3(C)C(=O)O)[C@H]1CC[C@H]1C(=CC(=O)[C@@H]3[C@]1(C)CC[C@@H](O)[C@]3(C)CO)C2,4.522878745280337,0
CHEMBL3586196,C[C@@]12CC[C@@H]3[C@](C)(CC[C@H](OC(=O)/C=C/c4ccc(O)cc4)[C@]3(C)C(=O)O)[C@H]1CC[C@H]1C(=CC[C@@H]3[C@]1(C)CC[C@@H](O)[C@]3(C)CO)C2,4.522878745280337,0
CHEMBL3586204,C[C@@]12CC[C@@H]3[C@](C)(CC[C@H](OC(=O)c4ccc(O)cc4)[C@]3(C)C(=O)O)[C@H]1CC[C@@H]1[C@@]3(C)CC[C@@H](O)[C@](C)(CO)[C@@H]3C[C@H](O)[C@@]1(O)C2,4.522878745280337,0
CHEMBL465514,C[C@H](CC(=O)C[C@@H](C)[C@H]1CC(=O)[C@@]2(C)C3=C(C(=O)C[C@]12C)[C@@]1(C)CCC(=O)C(C)(C)[C@@H]1CC3=O)C(=O)O,4.7363639314118915,0
CHEMBL460969,C[C@H](CCC(=O)O)[C@H]1CC(=O)[C@@]2(C)C3=C(C(=O)C[C@]12C)[C@@]1(C)CCC(=O)C(C)(C)[C@@H]1C[C@@H]3O,4.619065536669298,0
CHEMBL465487,C[C@H](CCC(=O)O)[C@H]1CC(=O)[C@@]2(C)C3=C(C(=O)C[C@]12C)[C@@]1(C)CC[C@H](O)C(C)(C)[C@@H]1C[C@@H]3O,4.586532587014175,0
CHEMBL1915761,C[C@H](CCC=C(CO)CO)[C@H]1CC[C@@]2(C)C3=CC[C@H]4C(C)(C)C(=O)CC[C@]4(C)C3=CC[C@]12C,4.660747365967301,0
CHEMBL1098479,C[C@H](CC[C@@H](O)C(C)(C)O)[C@H]1CC[C@@]2(C)C3=CC[C@H]4C(C)(C)C(=O)CC[C@]4(C)C3=CC[C@]12C,4.6006724678413216,0
CHEMBL1915762,C[C@H](CC[C@H](O)C(C)(C)O)[C@H]1CC[C@@]2(C)C3=CC[C@H]4C(C)(C)[C@@H](O)CC[C@]4(C)C3=CC[C@]12C,4.788612447063141,0
CHEMBL1915763,C[C@H](CC[C@H](O)[C@](C)(O)CO)[C@H]1CC[C@@]2(C)C3=CC[C@H]4C(C)(C)C(=O)CC[C@]4(C)C3=CC[C@]12C,4.651500429716163,0
CHEMBL1784958,C[C@H](Cc1ccccc1)N(C)C(=O)Oc1cccc([C@H](C)N(C)C)c1.Cl,6.519993057042849,1
CHEMBL4175274,C[C@H](c1ccc2c(c1O)OCO2)c1nccc2cc3c(cc12)OCO3,4.0,0
CHEMBL1240668,C[C@H](c1cccc(OC(=O)N(C)C)c1)N1CCCCC1,7.494850021680094,1
CHEMBL6143101,C[C@H](c1cccc(OC(=O)NCCc2c[nH]c3ccc(Cl)cc23)c1)N(C)C,8.076755981369724,1
CHEMBL122983,C[C@H]1C(=O)N(C(=O)NCc2ccccc2)[C@@H]1Oc1ccc(C(=O)C(C)(C)C)cc1,4.0,0
CHEMBL122575,C[C@H]1C(=O)N(C(=O)NCc2ccccc2)[C@@H]1Oc1ccc(C(=O)O)cc1,4.0,0
CHEMBL376327,C[C@H]1C=C2N3CC[C@@H](O)C24[C@H](CC(=O)[C@H]4C[C@H](O)C3)C1,4.554395796726403,0
CHEMBL4800073,C[C@H]1CCCN1Cc1nc2cc(NC(=O)c3ccc4cnccc4c3)ccc2[nH]1,6.6020599913279625,1
CHEMBL5180422,C[C@H]1CN2C(=O)[C@]34Cc5c([nH]c6c7c(ccc56)OC(C)(C)CC7=O)C(C)(C)[C@@H]3C[C@@]2(C1)C(=O)N4,4.236572006437063,0
CHEMBL3220807,C[C@H]1C[C@@]23CC[C@H]4[C@@](C)(CCC[C@@]4(C)C(=O)OCC[N+](C)(C)C)[C@@H]2CC[C@]1(Cl)C3.[I-],4.468521082957745,0
CHEMBL556939,C[C@]1(CO)CCC[C@]2(C)[C@H]1C[C@H](O)[C@@]13C[C@@H](CC[C@@H]21)[C@]1(C)O[C@@H]13,4.838631997765025,0
CHEMBL4170793,C[C@]1(c2nccc3cc4c(cc23)OCO4)Oc2ccc3c(c2O1)OCO3,4.0,0
CHEMBL309351,C[C@]12CCNC1Nc1ccc(OC(=O)Nc3ccccc3)cc12,6.636388020107856,1
CHEMBL25149,C[C@]12CC[C@H](O)[C@@](C)(CO)C1C[C@H](O)[C@@]1(C)Oc3cc(-c4ccc(Cl)nc4)oc(=O)c3C(=O)C21,4.096910013008056,0
CHEMBL277665,C[C@]12CC[C@H](O)[C@@](C)(CO)C1C[C@H](O)[C@@]1(C)Oc3cc(-c4ccccc4)oc(=O)c3C(=O)C21,4.00436480540245,0
CHEMBL25524,C[C@]12CC[C@H](O)[C@@](C)(CO)C1C[C@H](O)[C@@]1(C)Oc3cc(-c4ccccn4)oc(=O)c3C(=O)C21,3.9956786262173574,0
CHEMBL25629,C[C@]12CC[C@H](O)[C@@](C)(CO)C1C[C@H](O)[C@@]1(C)Oc3cc(-c4cccnc4)oc(=O)c3C(=O)C21,4.455931955649724,0
CHEMBL139684,C[N+](C)(C)CCCBr,4.056000008315555,0
CHEMBL344924,C[N+](C)(C)CCCCBr,3.22399999751502,0
CHEMBL344196,C[N+](C)(C)CCCCCBr,3.2719999995100837,0
CHEMBL337142,C[N+](C)(C)CCCCI,3.326999996677582,0
CHEMBL341956,C[N+](C)(C)CCCl,2.622000000529848,0
CHEMBL920,C[N+](C)(C)CCO,2.521000000603387,0
CHEMBL318749,C[N+](C)(C)CCOC(=O)Sc1ccccc1.[Cl-],3.0,0
CHEMBL3781564,C[N+](C)(C)CCOC(=O)c1ccc(Oc2nc(Oc3ccc(C(=O)OCC[N+](C)(C)C)cc3)nc(Oc3ccc(C(=O)OCC[N+](C)(C)C)cc3)n2)cc1,6.522878745280337,1
CHEMBL136145,C[N+](C)(C)CCS,3.3569999954922864,0
CHEMBL296560,C[N+](C)(C)CCS/C(=N\O)C(=O)c1ccc(Br)cc1.[I-],3.0,0
CHEMBL297316,C[N+](C)(C)CCS/C(=N\O)C(=O)c1ccc(F)cc1.[Cl-],3.0,0
CHEMBL58034,C[N+](C)(C)Cc1cccc(O)c1.[Br-],5.0,0
CHEMBL1626784,C[N+](C)(C)c1cccc(N)c1,3.717000009205801,0
CHEMBL609718,C[N+](C)(C)c1cccc([N+](=O)[O-])c1.[Cl-],3.2019999991794243,0
CHEMBL4287748,C[N+](C)(CC#CCOC1=NOCC1)CCCCCCCCCCNc1c2c(nc3ccccc13)CCCC2.[Br-],8.750068243365805,1
CHEMBL4281409,C[N+](C)(CC#CCOC1=NOCC1)CCCCCCCCCC[N+](C)(C)CCCN1C(=O)c2ccccc2C1=O.[Br-].[Br-],4.879999913868448,0
CHEMBL4283298,C[N+](C)(CC#CCOC1=NOCC1)CCCCCCCNc1c2c(nc3ccccc13)CCCC2.[Br-],8.700057099977233,1
CHEMBL1669479,C[N+](C)(CCNC(=O)C(=O)NCC[N+](C)(C)Cc1ccccc1Cl)Cc1ccccc1Cl.[Cl-].[Cl-],9.154901959985743,1
CHEMBL61180,C[N+](C)(Cc1ccccc1)Cc1cccc(O)c1.[Br-],5.0,0
CHEMBL294897,C[N+](C)(Cc1ccccc1)c1ccc(O)cc1.[Br-],5.0,0
CHEMBL60874,C[N+](C)(Cc1ccccc1)c1cccc(O)c1.[Br-],5.0,0
CHEMBL291783,C[N+](C)(Cc1ccccc1)c1ccccc1O.[Br-],5.0,0
CHEMBL344864,C[N+]1(C)CCO[C@@](O)(C(F)(F)F)C1,2.4170000003594185,0
CHEMBL334938,C[N+]1(C)CCO[C@@](O)(c2ccc(C#N)cc2)C1,1.9360000000581392,0
CHEMBL335439,C[N+]1(C)CCO[C@@](O)(c2ccc(Cl)cc2)C1,2.090000000087678,0
CHEMBL139259,C[N+]1(C)CCO[C@@](O)(c2ccc(N)cc2)C1,3.1610000024162557,0
CHEMBL609719,C[N+]1(C)CCO[C@@](O)(c2ccc([N+](=O)[O-])cc2)C1.[Cl-],2.290999999609832,0
CHEMBL345031,C[N+]1(C)CCO[C@H](O)C1,2.753999999115533,0
CHEMBL313582,C[N+]1(Cc2ccccc2)CCC(CCC(=O)c2ccc3c(c2)CCCCO3)CC1,6.856985199745905,1
CHEMBL87344,C[N+]1(Cc2ccccc2)CCC(CCC(=O)c2ccc3c(c2)CCO3)CC1,7.769551078621726,1
CHEMBL86031,C[N+]1(Cc2ccccc2)CCC(CCC(=O)c2ccc3c(c2)OCCO3)CC1,7.0,1
CHEMBL313231,C[N+]1(Cc2ccccc2)CCC(CCC(=O)c2ccc3c(c2)OCO3)CC1,7.000870330788151,1
CHEMBL86835,C[N@+]1(Cc2ccccc2)CC[C@H](CCC(=O)c2ccc3c(c2)CCO3)CC1,7.180456064458132,1
CHEMBL6192606,C[Si](C)(C)c1c([Si](C)(C)C)c(=P(c2ccccc2)(c2ccccc2)c2ccccc2)c1=O,6.94692155651658,1
CHEMBL3137700,C[Si](C)(C)c1cccc(C(=O)C(F)(F)F)c1,6.788569712998924,1
CHEMBL6192506,C[Si]1(Cl)C=C/C(=N\c2ccccc2)C1=P(c1ccccc1)(c1ccccc1)c1ccccc1,6.94692155651658,1
CHEMBL6189555,C[Si]1(Cl)C=CC(=O)C1=P(c1ccccc1)(c1ccccc1)c1ccccc1,6.94692155651658,1
CHEMBL311849,C[n+]1c(/C=N/O)cccc1CCO[n+]1ccc(C(N)=O)cc1.[Cl-].[Cl-],3.0,0
CHEMBL4091935,C[n+]1c2ccccc2c(-c2c(O)ccc3ccccc23)c2ccccc21.F[B-](F)(F)F,4.698970004336019,0
CHEMBL4067342,C[n+]1c2ccccc2c(-c2cc(C(C)(C)C)cc(C(C)(C)C)c2O)c2ccccc21.F[B-](F)(F)F,4.698970004336019,0
CHEMBL4078265,C[n+]1c2ccccc2c(-c2ccc(F)cc2)c2ccccc21.F[B-](F)(F)F,4.490797477668897,0
CHEMBL4097249,C[n+]1c2ccccc2c(-c2ccc(NC(=O)C(F)(F)F)cc2)c2ccccc21.F[B-](F)(F)F,4.437707135543525,0
CHEMBL4090498,C[n+]1c2ccccc2c(-c2ccccc2)c2ccccc21.F[B-](F)(F)F,4.212539525481585,0
CHEMBL4070092,C[n+]1c2ccccc2c(-c2cccs2)c2ccccc21.F[B-](F)(F)F,4.388276691992658,0
CHEMBL4063635,C[n+]1c2ccccc2c(N)c2ccccc21.F[B-](F)(F)F,4.403402904373539,0
CHEMBL6133183,C[n+]1cc(Br)ccc1/C=N/O.[I-],4.232844133917819,0
CHEMBL4176380,C[n+]1cc(C(=O)NCCOCCOCCN2C(=O)c3ccccc3C2=O)cc2c(O)cccc21.[I-],5.0,0
CHEMBL6145299,C[n+]1cc(Cl)ccc1/C=N/O.[I-],3.8774564759312455,0
CHEMBL6102746,C[n+]1cc(F)ccc1/C=N/O.[I-],3.5570501304221382,0
CHEMBL3605361,C[n+]1ccc2c(c1)c1ccccc1n2CCCCCCCCCn1c2ccccc2c2c[n+](C)ccc21.[I-].[I-],9.481486060122112,1
CHEMBL1198953,C[n+]1ccc2c3ccccc3n(CCCCCCCCCn3c4ccccc4c4cc[n+](C)cc43)c2c1,9.221848749616356,1
CHEMBL5280980,C[n+]1ccc2c3ccccc3n(CCc3ccccc3)c2c1,9.301029995663981,1
CHEMBL6133097,C[n+]1cccc(Br)c1/C=N/O.[I-],3.4142009909869993,0
CHEMBL6160191,C[n+]1cccc(Cl)c1/C=N/O.[I-],3.347077112432058,0
CHEMBL6160489,C[n+]1cccc(F)c1/C=N/O.[I-],3.2824127031445394,0
CHEMBL1173603,C[n+]1cccc(OC(=O)Nc2ccccc2)c1.[Br-],4.522878745280337,0
CHEMBL748,C[n+]1ccccc1/C=N/O.[Cl-],3.1692634177420755,0
CHEMBL1420,C[n+]1ccccc1C=NO,3.208336006034835,0
CHEMBL14577,C[n+]1ccccc1C=NO.[I-],3.0018714928717336,0
CHEMBL553212,C[n+]1ccn(CCN2CCCC2)c1/C=N/O.[Cl-],4.747146969020107,0
CHEMBL286990,C[n+]1ccn(COCC(C)(C)[N+](=O)[O-])c1/C=N/O.[Cl-],4.97469413473523,0
CHEMBL27675,C[n+]1ccn(COCCS(C)(=O)=O)c1/C=N/O.[Cl-],4.576754126063192,0
CHEMBL130738,Cc1[nH]c(C)c(/C=C2\CN(Cc3ccccc3)CCC2=O)c1C=O,4.522878745280337,0
CHEMBL186349,Cc1c(/N=C/c2ccccc2O)cc2c(c1N)C(C)(C)CC2(C)C,4.795880017344075,0
CHEMBL4161805,Cc1c(C(=O)N(C)C)c(C)[n+](C)c2cccc(OC(=O)N(C)C)c12.[I-],5.0,0
CHEMBL4173704,Cc1c(C(=O)N(C)C)c[n+](C)c2cccc(OC(=O)N(C)C)c12.[I-],5.0,0
CHEMBL4162999,Cc1c(C(=O)N(C)C)cc2c(OC(=O)N(C)C)cccc2[n+]1C.[I-],5.0,0
CHEMBL558598,Cc1c(C(=O)NN2CCCCC2)nn(-c2ccc(Cl)cc2Cl)c1-c1ccc(Cl)cc1.Cl,4.600000074606178,0
CHEMBL106126,Cc1c(C(C)C)c(=O)on1C(=O)N1CCC[C@H](C)C1,4.769551078621726,0
CHEMBL3632994,Cc1c(C)c2c(c(C)c1O)CCC(C)(C(=O)NCCCCCCCCNc1c3c(nc4cc(Cl)ccc14)CCCC3)O2,7.096910013008056,1
CHEMBL3632993,Cc1c(C)c2c(c(C)c1O)CCC(C)(C(=O)NCCCCCCCNc1c3c(nc4cc(Cl)ccc14)CCCC3)O2,7.096910013008056,1
CHEMBL3410955,Cc1c(C)c2c(c(C)c1O)CCC(C)(C(=O)NCCCCCCCNc1c3c(nc4ccccc14)CCCC3)O2,6.50184707056426,1
CHEMBL3632992,Cc1c(C)c2c(c(C)c1O)CCC(C)(C(=O)NCCCCCCNc1c3c(nc4cc(Cl)ccc14)CCCC3)O2,7.0,1
CHEMBL3410954,Cc1c(C)c2c(c(C)c1O)CCC(C)(C(=O)NCCCCCCNc1c3c(nc4ccccc14)CCCC3)O2,7.036314818480488,1
CHEMBL3632991,Cc1c(C)c2c(c(C)c1O)CCC(C)(C(=O)NCCCCCNc1c3c(nc4cc(Cl)ccc14)CCCC3)O2,6.920818753952375,1
CHEMBL3632990,Cc1c(C)c2c(c(C)c1O)CCC(C)(C(=O)NCCCCNc1c3c(nc4cc(Cl)ccc14)CCCC3)O2,6.823908740944319,1
CHEMBL3632989,Cc1c(C)c2c(c(C)c1O)CCC(C)(C(=O)NCCCNc1c3c(nc4cc(Cl)ccc14)CCCC3)O2,7.096910013008056,1
CHEMBL3632987,Cc1c(C)c2c(c(C)c1O)CCC(C)(C(=O)NCCCNc1c3c(nc4ccccc14)CCCC3)O2,6.585026652029182,1
CHEMBL3632988,Cc1c(C)c2c(c(C)c1O)CCC(C)(C(=O)NCCNc1c3c(nc4cc(Cl)ccc14)CCCC3)O2,6.6777807052660805,1
CHEMBL153,Cc1c(C)c2c(c(C)c1O)CCC(C)(C(=O)O)O2,3.7295540919820374,0
CHEMBL3586577,Cc1c(C)c2ccc(OCCCCCNCc3ccccc3)cc2oc1=O.Cl,6.522878745280337,1
CHEMBL3417300,Cc1c(C)c2ccc(OCCN3CCN(CCCNc4c5c(nc6ccccc46)CCCC5)CC3)cc2oc1=O,7.792904459580782,1
CHEMBL5219483,Cc1c(Cl)c(=O)oc2cc(OCCCCSC(=S)N3C(C)CCCC3C)ccc12,6.943095148663527,1
CHEMBL5219522,Cc1c(Cl)c(=O)oc2cc(OCCCCSC(=S)N3CCCCC3C)ccc12,8.167491087293763,1
CHEMBL3417299,Cc1c(Cl)c(=O)oc2cc(OCCN3CCN(CCCNc4c5c(nc6ccccc46)CCCC5)CC3)ccc12,7.613144470815276,1
CHEMBL195418,Cc1c(Cl)nc2ccccc2c1C(=O)NCCCCCCCNc1c2c(nc3ccccc13)CCCC2,8.522878745280337,1
CHEMBL191084,Cc1c(N2CCN(C)CC2)nc2ccccc2c1C(=O)N(C)Cc1ccccc1,5.0,0
CHEMBL195241,Cc1c(N2CCN(C)CC2)nc2ccccc2c1C(=O)NCCCCCCCNc1c2c(nc3ccccc13)CCCC2,8.387216143280265,1
CHEMBL343319,Cc1c(O)cccc1[N+](C)(C)C,3.8500000137195762,0
CHEMBL3827624,Cc1c(OC(=O)N(C)C)c2c(c[n+]1C)COC(C(C)(C)C)OC2.[Br-],3.958607314841775,0
CHEMBL3827347,Cc1c(OC(=O)N(C)C)c2c(c[n+]1C)COC(C(C)C)OC2.[Br-],3.585026652029182,0
CHEMBL3828739,Cc1c(OC(=O)N(C)C)c2c(c[n+]1C)COC(C)(C)OC2.[Br-],3.3010299956639813,0
CHEMBL3828644,Cc1c(OC(=O)N(C)C)c2c(c[n+]1C)COC(C)OC2.[Br-],3.8239087409443187,0
CHEMBL3827856,Cc1c(OC(=O)N(C)C)c2c(c[n+]1C)COCOC2.[Br-],3.886056647693163,0
CHEMBL4589118,Cc1c(OCc2ccccc2)cccc1N1CCN(CCCCCCNc2c3c(nc4c2CCCC4)CCCC3)CC1,7.853871964321762,1
CHEMBL4071110,Cc1cc(-c2c3ccccc3[n+](C)c3ccccc23)cc(C)c1C.F[B-](F)(F)F,4.221125527997261,0
CHEMBL4088594,Cc1cc(-c2c3ccccc3[n+](C)c3ccccc23)cc(C)c1O.F[B-](F)(F)F,4.302770657240282,0
CHEMBL150985,Cc1cc(-c2ccc(Cl)cc2)nnc1NCCN1CCOCC1,4.468521082957745,0
CHEMBL278819,Cc1cc(-c2ccccc2)nnc1NCCN1CCOCC1,4.070581074285707,0
CHEMBL5428415,Cc1cc(/C=N/O)c(O)c(CN2CCC(c3ccc(F)cc3)CC2)c1,3.769551078621726,0
CHEMBL5429752,Cc1cc(/C=N/O)c(O)c(CN2CCC(c3ccncc3)CC2)c1,3.456180194857342,0
CHEMBL4783438,Cc1cc(/C=N/O)c(O)c(CN2CCC(n3c(=O)[nH]c4cc(Cl)ccc43)CC2)c1,2.720105019988362,0
CHEMBL5417629,Cc1cc(/C=N/O)c(O)c(CN2CCN(c3ccc(Br)cc3)CC2)c1,3.648590248074561,0
CHEMBL5428266,Cc1cc(/C=N/O)c(O)c(CN2CCN(c3ccc(C(F)(F)F)cc3)CC2)c1,3.4408118109952244,0
CHEMBL5431346,Cc1cc(/C=N/O)c(O)c(CN2CCN(c3ccc(Cl)cc3)CC2)c1,3.6794383198047633,0
CHEMBL5406363,Cc1cc(/C=N/O)c(O)c(CN2CCN(c3ccc(F)cc3)CC2)c1,3.4928190227397593,0
CHEMBL5423171,Cc1cc(/C=N/O)c(O)c(CN2CCN(c3ccc(O)cc3)CC2)c1,3.686765708305276,0
CHEMBL5411628,Cc1cc(/C=N/O)c(O)c(CN2CCN(c3ccc([N+](=O)[O-])cc3)CC2)c1,3.961379838050297,0
CHEMBL5424094,Cc1cc(/C=N/O)c(O)c(CN2CCN(c3ccc([N+](=O)[O-])cc3Cl)CC2)c1,3.6360121702515085,0
CHEMBL5429403,Cc1cc(/C=N/O)c(O)c(CN2CCN(c3ccccc3)CC2)c1,3.189901959318857,0
CHEMBL5399453,Cc1cc(/C=N/O)c(O)c(CN2CCN(c3ccccc3Cl)CC2)c1,3.4313290219901034,0
CHEMBL5404725,Cc1cc(/C=N/O)c(O)c(CN2CCN(c3ccccc3F)CC2)c1,3.4188471080337113,0
CHEMBL5398991,Cc1cc(/C=N/O)c(O)c(CN2CCN(c3ccccn3)CC2)c1,3.7399286120149253,0
CHEMBL4749209,Cc1cc(/C=N/O)c(O)c(CN2CCN(c3ccncc3)CC2)c1,3.3329585830029904,0
CHEMBL4796014,Cc1cc(/C=N/O)c(O)c(CNc2ccc(-n3cccn3)cc2)c1,2.497163361378997,0
CHEMBL4752879,Cc1cc(/C=N/O)c(O)c(CNc2ccc(Cn3cncn3)cc2)c1,2.487449007095789,0
CHEMBL4785155,Cc1cc(/C=N/O)c(O)c(CNc2ccc(N3CCOCC3)c(F)c2)c1,2.485585079419631,0
CHEMBL4764015,Cc1cc(/C=N/O)c(O)c(CNc2ccc(N3CCOCC3=O)cc2)c1,2.2753146117626404,0
CHEMBL4753561,Cc1cc(/C=N/O)c(O)c(CNc2ccc(S(=O)(=O)Nc3nccs3)cc2)c1,2.2882771081727653,0
CHEMBL4779687,Cc1cc(/C=N/O)c(O)c(CNc2ncccc2OCc2ccccc2)c1,4.014573525916998,0
CHEMBL91240,Cc1cc(=NCCC2CCN(Cc3ccccc3)CC2)[nH]nc1-c1ccccc1,7.6777807052660805,1
CHEMBL1204299,Cc1cc(=NCCC2CCN(Cc3ccccc3)CC2)[nH]nc1-c1ccccc1.Cl.Cl.O,7.4089353929735005,1
CHEMBL5423918,Cc1cc(=O)[nH]c2c1C(=O)C(NCCCCNc1c3c(nc4cc(Cl)ccc14)CCCC3)=CC2=O,8.25336580106242,1
CHEMBL5400395,Cc1cc(=O)[nH]c2c1C(=O)C(NCCCCNc1c3c(nc4ccccc14)CCCC3)=CC2=O,7.2343314452409855,1
CHEMBL5408925,Cc1cc(=O)[nH]c2c1C(=O)C(NCCCNc1c3c(nc4cc(Cl)ccc14)CCCC3)=CC2=O,7.954677021213342,1
CHEMBL5417392,Cc1cc(=O)[nH]c2c1C(=O)C(NCCNc1c3c(nc4cc(Cl)ccc14)CCCC3)=CC2=O,6.91721462968355,1
CHEMBL6191782,Cc1cc(=O)[nH]c2c1C(=O)C(NCNc1c3c(nc4ccccc14)CCCC3)=CC2=O,7.954677021213342,1
CHEMBL3764211,Cc1cc(=O)oc2cc(CNCCC3CCN(Cc4ccccc4)CC3)ccc12,7.173925197299173,1
CHEMBL4174729,Cc1cc(=O)oc2cc(OCCCCCSC(=S)N3CCCCC3)ccc12,6.6777807052660805,1
CHEMBL4167524,Cc1cc(=O)oc2cc(OCCCCSC(=S)N3CCCCC3)ccc12,7.568636235841013,1
CHEMBL3828259,Cc1cc(=O)oc2cc(OCCCN(C)Cc3cccc(OC(=O)NCCCCCc4ccccc4)c3)ccc12,7.094204119632131,1
CHEMBL4159609,Cc1cc(=O)oc2cc(OCCCSC(=S)N3CCCCC3)ccc12,6.5376020021010435,1
CHEMBL2391486,Cc1cc(=O)oc2cc(OCCN3CCN(CC(=O)Nc4c5c(nc6ccccc46)CCCC5)CC3)ccc12,7.036212172654444,1
CHEMBL4169394,Cc1cc(=O)oc2cc(OCCSC(=S)N(C)C)ccc12,4.975104039892515,0
CHEMBL4213345,Cc1cc(=O)oc2cc(OCc3cc[n+](Cc4ccc(Br)cc4)cc3)ccc12.[Br-],6.662540738709344,1
CHEMBL4217755,Cc1cc(=O)oc2cc(OCc3cc[n+](Cc4ccc(F)cc4)cc3)ccc12.[Br-],7.432973633840939,1
CHEMBL4218281,Cc1cc(=O)oc2cc(OCc3cc[n+](Cc4cccc(Br)c4)cc3)ccc12.[Br-],6.890759031411797,1
CHEMBL4206041,Cc1cc(=O)oc2cc(OCc3cc[n+](Cc4cccc(F)c4)cc3)ccc12.[Br-],7.380906669373258,1
CHEMBL4205110,Cc1cc(=O)oc2cc(OCc3cc[n+](Cc4cccc([N+](=O)[O-])c4)cc3)ccc12.[Br-],6.638272163982407,1
CHEMBL4208961,Cc1cc(=O)oc2cc(OCc3cc[n+](Cc4ccccc4Br)cc3)ccc12.[Br-],7.1073489661227,1
CHEMBL4205764,Cc1cc(=O)oc2cc(OCc3cc[n+](Cc4ccccc4F)cc3)ccc12.[Br-],7.185086818724926,1
CHEMBL5572134,Cc1cc(=O)oc2cc(OCc3ccc(-c4noc([C@@H]5CCCN5)n4)cc3)ccc12,4.110362199593332,0
CHEMBL6169135,Cc1cc(=O)oc2cc(OCc3nnc(-c4cc(O)c(O)c(O)c4)o3)ccc12,4.542420853004238,0
CHEMBL6103332,Cc1cc(=O)oc2cc(OCc3nnc(-c4ccc(O)c(O)c4)o3)ccc12,4.5292955702772115,0
CHEMBL4445345,Cc1cc(=O)oc2ccc(OC/C=C/CCn3cnc4c(N5CCCCC5)ncnc43)cc12,4.92299567320665,0
CHEMBL5190969,Cc1cc(Br)cc(C)c1OCC(=O)NCCN1CCN(Cc2ccccc2)CC1,7.045757490560675,1
CHEMBL87014,Cc1cc(C(=O)CCC2CC[N+](C)(Cc3ccccc3)CC2)nn1-c1ccccc1,7.657577319177793,1
CHEMBL4473145,Cc1cc(C)c(C(=O)n2nc(OCCN3CCCCC3)c3ccccc32)c(C)c1,4.935542010773082,0
CHEMBL4453954,Cc1cc(C)c(S(=O)(=O)Nc2ccc(C3C4=C(CC(C)(C)CC4=O)N(c4ccc(Br)cc4)C4=C3C(=O)CC(C)(C)C4)cc2)c(C)c1,6.853871964321762,1
CHEMBL131210,Cc1cc(C)cc(NC(=O)Oc2ccc3c(c2)[C@]2(C)CCN(C)[C@@H]2N3C)c1,7.107905397309519,1
CHEMBL187017,Cc1cc(C2(c3cc(C)c(O)c(C)c3)CCCCC2)cc(C)c1O,4.823908740944319,0
CHEMBL5566520,Cc1cc(NS(=O)(=O)c2ccc(-n3cc(COc4ccccc4-c4nc(-c5ccccc5)no4)nn3)cc2)no1,6.982966660701219,1
CHEMBL5570881,Cc1cc(NS(=O)(=O)c2ccc(-n3cc(COc4ccccc4-c4nc(Cc5ccccc5)no4)nn3)cc2)no1,6.987162775294828,1
CHEMBL5569585,Cc1cc(NS(=O)(=O)c2ccc(NC(=O)COc3ccccc3-c3nc(-c4ccccc4)no3)cc2)no1,7.026872146400302,1
CHEMBL2332779,Cc1cc(O)c(C)c(O)c1,4.6020599913279625,0
CHEMBL457583,Cc1cc(O)cc(O)c1C(=O)O,4.585026652029182,0
CHEMBL6169722,Cc1cc(O)cc(OC(=O)c2c(C)cc(O)c(C=O)c2O)c1,4.823908740944319,0
CHEMBL4097388,Cc1cc2c(c(C)c1CCO[C@@H]1O[C@H](CO)[C@@H](O)[C@H](O)[C@H]1O)C(=O)C(C)(C)[C@H]2O,4.562249437179612,0
CHEMBL132531,Cc1cc2c(cc1OC(=O)Nc1ccccc1)[C@]1(C)CCN(C)[C@@H]1N2C,6.585026652029182,1
CHEMBL5315772,Cc1cc2cc3n(c(=O)c2cn1)CCc1c-3[nH]c2ccccc12,4.657577319177793,0
CHEMBL91291,Cc1cc2onc(CCC3CCN(Cc4ccccc4)CC3)c2cc1C,8.237548916113019,1
CHEMBL5287537,Cc1ccc(-[n+]2ccc3c4ccccc4n(C)c3c2)cc1,6.560089835223258,1
CHEMBL4069472,Cc1ccc(-c2c3ccccc3[n+](C)c3ccccc23)cc1.F[B-](F)(F)F,4.3819519032879075,0
CHEMBL1916770,Cc1ccc(-c2cc3c(N)c4c(nc3o2)CCCC4)cc1,4.0,0
CHEMBL6142020,Cc1ccc(-c2ccc3nc4c(c(N)c3c2)CCCC4)o1,6.795880017344075,1
CHEMBL3597942,Cc1ccc(-c2csc(NC(=O)C[n+]3ccc(/C=N/O)cc3)n2)cc1.[Cl-],3.0132282657337552,0
CHEMBL4548883,Cc1ccc(-c2nc(NC(=O)C3CCN(Cc4ccc(C(F)(F)F)cc4)CC3)sc2-c2ccc(C)cc2)cc1,5.0,0
CHEMBL4578266,Cc1ccc(-c2nc(NC(=O)C3CCN(Cc4ccc(F)cc4Cl)CC3)sc2-c2ccc(C)cc2)cc1,5.0,0
CHEMBL4554172,Cc1ccc(-c2nc(NC(=O)C3CCN(Cc4cccc(F)c4)CC3)sc2-c2ccc(C)cc2)cc1,5.0,0
CHEMBL4570655,Cc1ccc(-c2nc(NC(=O)C3CCN(Cc4ccccc4C)CC3)sc2-c2ccc(C)cc2)cc1,5.0,0
CHEMBL4532806,Cc1ccc(-c2nc(NCC3CCN(Cc4cc(F)cc(F)c4)CC3)sc2-c2ccc(C)cc2)cc1,6.522878745280337,1
CHEMBL131320,Cc1ccc(-c2nc(SCC(F)(F)F)n(C(=O)N(C)C)n2)cc1,6.698970004336019,1
CHEMBL5266237,Cc1ccc(-c2noc(-c3cccc(OCC4CCN(Cc5ccccc5F)CC4)c3)n2)cn1,6.5376020021010435,1
CHEMBL2332978,Cc1ccc(/C=C2\CN(C(=O)C[C@H]3C[C@H]4CCCN4[C@]34C(=O)Nc3ccccc34)C/C(=C\c3ccc(C)cc3)C2=O)cc1,4.697452627512514,0
CHEMBL2332530,Cc1ccc(/C=C2\CN(C(=O)C[C@H]3C[C@H]4CCCN4[C@]34C(=O)Nc3ccccc34)C[C@@]3(C[C@H]4CCCN4[C@@]34C(=O)Nc3ccccc34)C2=O)cc1,4.707965564005264,0
CHEMBL5590121,Cc1ccc(/C=N/NC(=O)Cn2c(=O)sc3ccccc32)s1,4.3979400086720375,0
CHEMBL4795118,Cc1ccc(/C=N\C2CCN(Cc3ccccc3)C2)cc1,5.0,0
CHEMBL542609,Cc1ccc(C(=O)/C(=N/O)SCCN(C)C)cc1.Cl,3.0,0
CHEMBL296429,Cc1ccc(C(=O)/C(=N/O)SCC[N+](C)(C)C)cc1.[Cl-],3.0,0
CHEMBL2238280,Cc1ccc(C(=O)/C=C/c2ccc(N3CCCCC3)cc2)s1,6.886056647693163,1
CHEMBL4782256,Cc1ccc(C(=O)N2CCN(CC(=O)N3CCN(CCCc4c[nH]c5ccccc45)CC3)CC2)cc1,4.531652669587842,0
CHEMBL102142,Cc1ccc(C(=O)NC(=S)NCCOCCN(C)Cc2ccccc2)cc1,7.113509274827518,1
CHEMBL3220507,Cc1ccc(C(=O)Nc2cc3cc(C)ccc3oc2=O)cc1,4.383314479104488,0
CHEMBL1325943,Cc1ccc(C(=O)Nc2cc3ccccc3oc2=O)cc1,4.735654492949908,0
CHEMBL455790,Cc1ccc(C(=O)c2c(-c3ccc(OCCCCCCCN(C)Cc4ccccc4)cc3)oc3ccccc23)cc1,4.978810700930062,0
CHEMBL281202,Cc1ccc(C(C)C)cc1O,3.547293773488971,0
CHEMBL5583846,Cc1ccc(C(C)C)cc1OCC(O)CNC(C)(C)C,6.866461091629782,1
CHEMBL5590201,Cc1ccc(C(C)C)cc1OCC(O)CNCCC1=CCCCC1,6.866461091629782,1
CHEMBL5592917,Cc1ccc(C(C)C)cc1OCC(O)CNCc1cccnc1,6.866461091629782,1
CHEMBL337675,Cc1ccc(C)c(NC(=O)Oc2ccc3c(c2)[C@]2(C)CCN(C)[C@@H]2N3C)c1,7.585026652029182,1
CHEMBL497686,Cc1ccc(C2CC(c3cccc(O)c3)=Nc3ccccc3S2)cc1,4.306273051076353,0
CHEMBL3786589,Cc1ccc(C2N(C)Cc3cc(O)ccc3N2C)cc1,3.9590023075765095,0
CHEMBL4163376,Cc1ccc(C2NC(=S)Nc3nc4c(c(N)c32)CCCC4)cc1,4.623423042943488,0
CHEMBL4080800,Cc1ccc(C2c3ccccc3N(C)c3ccccc32)cc1,4.698970004336019,0
CHEMBL2047228,Cc1ccc(CNc2ccnc(NC3CCN(Cc4ccccc4)CC3)n2)cc1,4.889410289700751,0
CHEMBL4213874,Cc1ccc(C[n+]2ccc(COc3ccc4c(C)cc(=O)oc4c3)cc2)cc1.[Br-],6.6020599913279625,1
CHEMBL346605,Cc1ccc(F)cc1,6.66490027419387,1
CHEMBL241554,Cc1ccc(N(C)C(=O)Oc2ccc(Oc3ccc(C(F)(F)F)cn3)cc2)cc1,4.301029995663981,0
CHEMBL5397804,Cc1ccc(N2CCN(Cc3cc(C)cc(/C=N/O)c3O)CC2)cc1,3.468393368067278,0
CHEMBL5412906,Cc1ccc(N2CCN(Cc3cc(Cl)cc(/C=N/O)c3O)CC2)cc1,3.0,0
CHEMBL335220,Cc1ccc(NC(=O)Oc2ccc3c(c2)[C@]2(C)CCN(C)[C@@H]2N3C)c(C)c1,7.853871964321762,1
CHEMBL130956,Cc1ccc(NC(=O)Oc2ccc3c(c2)[C@]2(C)CCN(C)[C@@H]2N3C)cc1,6.853871964321762,1
CHEMBL130672,Cc1ccc(NC(=O)Oc2ccc3c(c2)[C@]2(C)CCN(C)[C@@H]2N3C)cc1C,7.508638306165727,1
CHEMBL4292235,Cc1ccc(NC(=O)c2cc(=O)c3cc(/C=C/C(=O)OCCN(C)C)ccc3o2)cc1,6.6777807052660805,1
CHEMBL4279297,Cc1ccc(NC(=O)c2cc(=O)c3cc(/C=C/C(=O)OCCN(C)C)ccc3o2)cc1C,6.6777807052660805,1
CHEMBL5290033,Cc1ccc(NCC[C@@H]2CCCN3CCCC[C@H]23)c2c(=O)c3ccccc3oc12,6.853871964321762,1
CHEMBL6167736,Cc1ccc(O)c(CNc2c(N)n(C)c(=O)n(C)c2=O)c1,8.332547047110046,1
CHEMBL16645,Cc1ccc(O)cc1,7.0248662659932055,1
CHEMBL5433193,Cc1ccc(S(=O)(=O)NCCCCCNc2c3c(nc4ccccc24)CCCC3)cc1,7.046832479097455,1
CHEMBL4858117,Cc1ccc(S(=O)(=O)SCc2ccc(C#N)cc2)cc1,6.708409174341999,1
CHEMBL4852721,Cc1ccc(S(=O)(=O)SCc2ccc(C(C)(C)C)cc2)cc1,6.753009300758451,1
CHEMBL4871975,Cc1ccc(S(=O)(=O)SCc2ccc(C(C)C)cc2)cc1,7.924453038607469,1
CHEMBL4868918,Cc1ccc(S(=O)(=O)SCc2ccc(C(F)(F)F)cc2)cc1,7.062482107982653,1
CHEMBL4845755,Cc1ccc(S(=O)(=O)SCc2ccc(F)cc2)cc1,6.505149978319906,1
CHEMBL4860610,Cc1ccc(S(=O)(=O)SCc2ccc(OC(F)(F)F)cc2)cc1,6.888065723667318,1
CHEMBL4867081,Cc1ccc(S(=O)(=O)SCc2ccc([N+](=O)[O-])cc2)cc1,6.673050005834001,1
CHEMBL1668334,Cc1ccc([C@@H](C)CC(=O)CC(C)C)cc1,4.088842391260023,0
CHEMBL2234535,Cc1ccc([C@H]2C3=C(CC(C)(C)CC3=O)Nc3nc4c(c(N)c32)CCCC4)cc1,6.639993867770902,1
CHEMBL2234521,Cc1ccc([C@H]2C3=C(CC(C)(C)CC3=O)Oc3nc4c(c(N)c32)CCCC4)cc1,4.28999998644378,0
CHEMBL2413732,Cc1ccc2[nH]c(-c3ccc(O)cc3)nc2c1,4.0,0
CHEMBL2413733,Cc1ccc2[nH]c(-c3ccc(OCCN(C)C)cc3)nc2c1,4.908684840302777,0
CHEMBL2413737,Cc1ccc2[nH]c(-c3ccc(OCCN4CCOCC4)cc3)nc2c1,4.8887374863409345,0
CHEMBL3585374,Cc1ccc2[nH]c3c(c2c1)CN(CCCCCCN1CCc2[nH]c4ccc(C)cc4c2C1)CC3,6.715605893842326,1
CHEMBL4467520,Cc1ccc2[nH]c3c(c2c1)CN(CCCCCN1CCc2[nH]c4ccc(C)cc4c2C1)CC3,6.709965388637482,1
CHEMBL4856643,Cc1ccc2[nH]c3c(c2c1)CN(Cc1ccccc1)CC3,4.454692883534176,0
CHEMBL261855,Cc1ccc2[nH]c3ccncc3c2c1,4.450996737974212,0
CHEMBL6101869,Cc1ccc2[nH]cc(CCNC(=O)Oc3cccc(C(C)N(C)C)c3)c2c1,7.135014539340206,1
CHEMBL6078196,Cc1ccc2[nH]cc(CCNC(=O)Oc3cccc([C@H](C)N(C)C)c3)c2c1,7.261774551857495,1
CHEMBL60119,Cc1ccc2c(N)c3c(nc2c1)CCCC3,7.0,1
CHEMBL4858901,Cc1ccc2c(N)c3c(nc2c1)CCCC3.Cl,7.142667503568732,1
CHEMBL4845734,Cc1ccc2c(N)c3c(nc2c1)CCCCC3.Cl,6.982966660701219,1
CHEMBL4100407,Cc1ccc2c(c1)C(=O)C(=O)N2C(=O)N(C)C,6.840132152907433,1
CHEMBL511921,Cc1ccc2c(c1)C(=O)C(=O)N2Cc1ccc(Br)cc1,6.69000807121882,1
CHEMBL4074655,Cc1ccc2c(c1)C(=O)C(=O)N2Cc1ccccc1[N+](=O)[O-],6.700057099977233,1
CHEMBL157327,Cc1ccc2c(c1)C(=O)C(C)C2,6.790117922852424,1
CHEMBL589390,Cc1ccc2c(c1)c1c(n2CCc2ccc(C)nc2)CCN(C)C1,4.346787486224656,0
CHEMBL2236142,Cc1ccc2cc(C3CC(c4cc(Cl)sc4Cl)=NN3)c(Cl)nc2c1,6.823908740944319,1
CHEMBL2236140,Cc1ccc2cc(C3CC(c4sccc4Cl)=NN3)c(Cl)nc2c1,6.698970004336019,1
CHEMBL40583,Cc1ccc2cc3c(ccc4ccccc43)c3c2c1CC3,4.644299507218118,0
CHEMBL3215816,Cc1ccc2ccc(CNCCCCCCCCNc3c4c(nc5ccccc35)CCCC4)c(O)c2n1.Cl.Cl,9.301029995663981,1
CHEMBL4874576,Cc1ccc2nc3c(c(N)c2c1)CCC3.Cl,5.0,0
CHEMBL4876362,Cc1ccc2nc3c(c(N)c2c1)CCCC3.Cl,4.809668301829708,0
CHEMBL4861913,Cc1ccc2nc3c(c(N)c2c1)CCCCC3.Cl,4.647817481888637,0
CHEMBL5197114,Cc1ccc2nc3c(c(N4CCCCC4)c2c1)CCCC3,6.928117992693875,1
CHEMBL5199187,Cc1ccc2nc3c(c(NCCN4CCOCC4)c2c1)CCCC3,6.882728704344236,1
CHEMBL5190530,Cc1ccc2nc3c(c(NCCO)c2c1)CCCC3,6.7447274948966935,1
CHEMBL433379,Cc1ccc2onc(CCC3CCN(Cc4ccccc4)CC3)c2c1,8.10835186453452,1
CHEMBL3605419,Cc1cccc(-c2nnc(-c3ccc4c(c3)CO[C@@]4(CCCN(C)C)c3ccc(F)cc3)[nH]2)c1,3.875397972106662,0
CHEMBL4566242,Cc1cccc(/C=N/C2CCN(Cc3ccccc3)CC2)c1,4.823908740944319,0
CHEMBL4763376,Cc1cccc(/C=N/NC(=O)N2CCN(c3ccccn3)CC2)c1,5.0,0
CHEMBL4756674,Cc1cccc(/C=N\C2CCN(Cc3ccccc3)C2)c1,5.0,0
CHEMBL4210316,Cc1cccc(C(=O)N2Cc3cc(NC(=O)c4cccc(Cl)c4)ccc3CC2=O)c1,10.841336019186011,1
CHEMBL4218191,Cc1cccc(C(=O)N2Cc3cc(NC(=O)c4ccccc4)ccc3CC2=O)c1,10.5815329790534,1
CHEMBL5273978,Cc1cccc(C(=O)N2Cc3ccc(N4C(=O)c5ccccc5C4=O)cc3CC2=O)c1,7.593800576336688,1
CHEMBL4209803,Cc1cccc(C(=O)Nc2ccc3c(c2)CN(C(=O)c2cccc(C)c2)C(=O)C3)c1,10.869023308394382,1
CHEMBL4214707,Cc1cccc(C(=O)Nc2ccc3c(c2)CN(C(=O)c2cccc(Cl)c2)C(=O)C3)c1,10.679023322657176,1
CHEMBL506588,Cc1cccc(C(=O)c2c(-c3ccc(OCCCCCCCN(C)Cc4ccccc4)cc3)oc3ccccc23)c1,3.896196279044043,0
CHEMBL2160228,Cc1cccc(C(=O)c2c(-c3cccc(OCCCCCCCN(C)Cc4ccccc4)c3)oc3ccccc23)c1,3.9913998282380825,0
CHEMBL286727,Cc1cccc(C)c1,7.0049305099743595,1
CHEMBL3786323,Cc1cccc(C2N(C)Cc3cc(O)ccc3N2C)c1,3.359518563029578,0
CHEMBL4166003,Cc1cccc(C2NC(=S)Nc3nc4c(c(N)c32)CCCC4)c1,4.995678626217358,0
CHEMBL306179,Cc1cccc(CN2CCC(CCC(=O)c3ccc4c(c3)CCN4)CC2)c1,7.301029995663981,1
CHEMBL74340,Cc1cccc(CN2CCC(CCC(=O)c3ccc4c(c3)NCCCC4)CC2)c1,6.649751981665837,1
CHEMBL4851865,Cc1cccc(CN2CCC(CNC(=O)c3cncc(NC(=O)c4ccnc(NC(=O)C5CC5)c4)c3)CC2)c1,2.196269829025456,0
CHEMBL4784203,Cc1cccc(CNC2CCN(Cc3ccccc3)C2)c1,5.0,0
CHEMBL4205520,Cc1cccc(C[n+]2ccc(COc3ccc4c(C)cc(=O)oc4c3)cc2)c1.[Br-],7.077793722560983,1
CHEMBL345698,Cc1cccc(F)c1,7.154901959985743,1
CHEMBL241553,Cc1cccc(N(C)C(=O)Oc2ccc(Oc3ccc(C(F)(F)F)cn3)cc2)c1,4.301029995663981,0
CHEMBL131598,Cc1cccc(NC(=O)Oc2ccc3c(c2)[C@]2(C)CCN(C)[C@@H]2N3C)c1,7.552841968657781,1
CHEMBL335962,Cc1cccc(NC(=O)Oc2ccc3c(c2)[C@]2(C)CCN(C)[C@@H]2N3C)c1C,7.638272163982407,1
CHEMBL5563895,Cc1cccc(Oc2ccc3nc4c(c(N)c3c2)CCCCC4)c1.Cl,4.911863911299449,0
CHEMBL114059,Cc1cccc([N+](=O)[O-])c1,6.854905871193694,1
CHEMBL352247,Cc1cccc2c1CC(C)C2=O,7.28512224552717,1
CHEMBL4285759,Cc1cccc2c1ccc1c3c(c(=O)oc(=O)c12)[C@@H](C)CO3,4.994304818881489,0
CHEMBL4282357,Cc1cccc2c1ccc1c3occ(C)c3c(=O)oc(=O)c21,5.0,0
CHEMBL1082748,Cc1cccc2n1cc(-c1cccc(OC(=O)N(C)C)c1)[n+]2C.[Cl-],4.619788758288394,0
CHEMBL133906,Cc1cccc2nc3c(c(N)c12)CCCC3,7.00436480540245,1
CHEMBL4873501,Cc1cccc2nc3c(c(N)c12)CCCC3.Cl,6.903089986991944,1
CHEMBL4856125,Cc1cccc2nc3c(c(N)c12)CCCCC3.Cl,6.5934598195660445,1
CHEMBL132619,Cc1cccc2nc3c(c(N)c12)CCCO3,6.823908740944319,1
CHEMBL5203777,Cc1cccc2sc(NC(=O)CCN3CCN(C4CCCCC4)CC3)nc12,4.962175249411658,0
CHEMBL5198839,Cc1cccc2sc(NC(=O)CCN3CCN(C4CCN(C)CC4)CC3)nc12,4.9779842601822795,0
CHEMBL5205006,Cc1cccc2sc(NC(=O)CCN3CCN(CCN(C(C)C)C(C)C)CC3)nc12,6.619788758288394,1
CHEMBL5193082,Cc1cccc2sc(NC(=O)CCN3CCN(Cc4cc(F)ccc4F)CC3)nc12,4.898940645091884,0
CHEMBL5172256,Cc1cccc2sc(NC(=O)CCN3CCN(Cc4ccc(C(C)(C)C)cc4)CC3)nc12,4.3979400086720375,0
CHEMBL5198012,Cc1cccc2sc(NC(=O)CCN3CCN(Cc4cccc5ccccc45)CC3)nc12,4.713768145971447,0
CHEMBL5177298,Cc1cccc2sc(NC(=O)CCN3CCN(c4ccccn4)CC3)nc12,4.763714722551971,0
CHEMBL5206534,Cc1cccc2sc(NC(=O)CCN3CCN(c4ccncc4)CC3)nc12,4.73969005420508,0
CHEMBL5206663,Cc1cccc2sc(NC(=O)CCN3CCN(c4ncccn4)CC3)nc12,4.522589312092748,0
CHEMBL9113,Cc1ccccc1,6.794905046801941,1
CHEMBL2332549,Cc1ccccc1/C=C1\CN(C(=O)C[C@H]2C[C@H]3CCCN3[C@]23C(=O)Nc2ccccc23)C/C(=C\c2ccccc2C)C1=O,4.904133546521457,0
CHEMBL2332543,Cc1ccccc1/C=C1\CN(C(=O)C[C@H]2C[C@H]3CCCN3[C@]23C(=O)Nc2ccccc23)C[C@@]2(C[C@H]3CCCN3[C@@]23C(=O)Nc2ccccc23)C1=O,4.561457651213889,0
CHEMBL2380669,Cc1ccccc1/C=C1\CN(C(=O)[C@H]2C[C@H]3CCCN3[C@]23C(=O)Nc2cc(Cl)ccc23)C/C(=C\c2ccccc2C)C1=O,4.950781977329818,0
CHEMBL45005,Cc1ccccc1C,6.654901959985743,1
CHEMBL5079168,Cc1ccccc1C(=O)O[C@@H]1C=C[C@]23CCN(Cc4cc5c(cc42)OCO5)[C@H]3C1,4.0,0
CHEMBL4644961,Cc1ccccc1C1C([N+](=O)[O-])C(Cc2c[nH]cn2)NC12c1ccccc1-c1nc3ccccc3nc12,4.999132278468773,0
CHEMBL3785803,Cc1ccccc1C1N(C)Cc2cc(O)ccc2N1C,3.8434508486682186,0
CHEMBL225638,Cc1ccccc1CN(C)CCCCCCCOc1ccc2c(=O)c3ccccc3oc2c1,3.2479515521805613,0
CHEMBL158174,Cc1ccccc1CN1CCC(C)CC1,8.0,1
CHEMBL4210517,Cc1ccccc1CNCC(=O)Nc1ccc2nc3n(c(=O)c2c1)CCC3,6.924453038607469,1
CHEMBL4210401,Cc1ccccc1C[n+]1ccc(COc2ccc3c(C)cc(=O)oc3c2)cc1.[Br-],7.450996737974212,1
CHEMBL352215,Cc1ccccc1F,6.66490027419387,1
CHEMBL241552,Cc1ccccc1N(C)C(=O)Oc1ccc(Oc2ccc(C(F)(F)F)cn2)cc1,4.301029995663981,0
CHEMBL5178466,Cc1ccccc1N1CCN(CCC(=O)Nc2nc3c(C)cccc3s2)CC1,4.3979400086720375,0
CHEMBL6149635,Cc1ccccc1NC(=O)Nc1cccc(/C(N)=N/O)c1,4.760700520873107,0
CHEMBL178770,Cc1ccccc1NC(=O)Oc1ccc2c(c1)C1(C)CCOC1O2,7.638272163982407,1
CHEMBL178294,Cc1ccccc1NC(=O)Oc1ccc2c(c1)C1(C)COC(C1)O2,7.251811972993799,1
CHEMBL205335,Cc1ccccc1NC(=O)Oc1ccc2c(c1)[C@@]1(C)CCO[C@H]1N2C,6.847711655616943,1
CHEMBL206093,Cc1ccccc1NC(=O)Oc1ccc2c(c1)[C@@]1(C)CCO[C@H]1O2,7.443697499232712,1
CHEMBL378404,Cc1ccccc1NC(=O)Oc1ccc2c(c1)[C@@]1(C)CO[C@H](C1)O2,7.42021640338319,1
CHEMBL55315,Cc1ccccc1NC(=O)Oc1ccc2c(c1)[C@]1(C)CCN(C)C1N2,7.3979400086720375,1
CHEMBL300143,Cc1ccccc1NC(=O)Oc1ccc2c(c1)[C@]1(C)CCN(C)C1N2C,7.991441850196551,1
CHEMBL54014,Cc1ccccc1NC(=O)Oc1ccc2c(c1)[C@]1(C)CCN(C)C1N2Cc1ccccc1,7.0,1
CHEMBL124054,Cc1ccccc1NC(=O)Oc1ccc2c(c1)[C@]1(C)CCN(C)O[C@@H]1N2C,6.756961951313706,1
CHEMBL1243012,Cc1ccccc1NC(=O)Oc1ccc2c(c1)[C@]1(C)CCN(C)[C@@H]1N2,7.3979400086720375,1
CHEMBL130458,Cc1ccccc1NC(=O)Oc1ccc2c(c1)[C@]1(C)CCN(C)[C@@H]1N2C,7.846275695991716,1
CHEMBL120279,Cc1ccccc1NC(=O)Oc1ccc2c(c1)[C@]1(C)CCN(C)[C@@H]1N2C.O=C(O)C(O)C(O)C(=O)O,8.0,1
CHEMBL54864,Cc1ccccc1NC(=O)Oc1ccc2c(c1)[C@]1(C)CCNC1N2,6.54515513999149,1
CHEMBL53623,Cc1ccccc1NC(=O)Oc1ccc2c(c1)[C@]1(C)CCNC1N2C,7.769551078621726,1
CHEMBL362049,Cc1ccccc1NC(=O)Oc1ccc2c(c1)[C@]1(C)CCOC1N2C,7.886056647693163,1
CHEMBL205895,Cc1ccccc1NC(=O)Oc1ccc2c(c1)[C@]1(C)CCO[C@@H]1N2C,7.886056647693163,1
CHEMBL426674,Cc1ccccc1NC(=O)Oc1ccc2c(c1)[C@]1(C)CCO[C@@H]1O2,7.668621084159213,1
CHEMBL1172913,Cc1ccccc1NC(=O)Oc1ccc2c(c1)[C@]1(C)CC[N+](C)(C)C1N2C.[Br-],7.835647144215563,1
CHEMBL556186,Cc1ccccc1NC(=O)Oc1ccc2c(c1)[C@]1(C)CC[N@@+](C)([O-])[C@@H]1N2C.Cl,6.7447274948966935,1
CHEMBL207777,Cc1ccccc1NC(=O)Oc1ccc2c(c1)[C@]1(C)CO[C@@H](C1)O2,7.013228265733755,1
CHEMBL5414221,Cc1ccccc1NC1=C([N+](=O)[O-])C2(NN1)C(=O)Nc1c(C(F)(F)F)cccc12,4.770062314092066,0
CHEMBL5433082,Cc1ccccc1NC1=C([N+](=O)[O-])C2(NN1)C(=O)Nc1ccc(Br)cc12,4.380072289708532,0
CHEMBL5397824,Cc1ccccc1NC1=C([N+](=O)[O-])C2(NN1)C(=O)Nc1ccc([N+](=O)[O-])cc12,4.810229043653126,0
CHEMBL5573638,Cc1ccccc1Oc1ccc2nc3c(c(N)c2c1)CCC3.Cl,4.549442990581671,0
CHEMBL5092058,Cc1cn([C@H](C)CC#N)c(=O)c2cc(Cn3nc(C(F)F)cc3Cl)nn12,5.0,0
CHEMBL1084709,Cc1cn2cc(C(N)=O)ccc2[n+]1C.[I-],4.568636235841013,0
CHEMBL363535,Cc1coc2c1C(=O)C(=O)c1c-2ccc2c(C)cccc12,4.301029995663981,0
CHEMBL187266,Cc1coc2c1C(=O)C(=O)c1c-2ccc2c1CCCC2(C)C,3.853871964321762,0
CHEMBL147793,Cc1n(C)cc[n+]1COC(C)C(C)(C)C.[Cl-],4.481486060122113,0
CHEMBL3343920,Cc1nc(C(=O)NCCCCCCCCNc2c3c(nc4ccccc24)CCCC3)cc2c1[nH]c1ccccc12,6.815308569182402,1
CHEMBL3343885,Cc1nc(C(=O)NCCCCCCNc2c3c(nc4ccccc24)CCCC3)cc2c1[nH]c1ccccc12,7.033389013318065,1
CHEMBL186400,Cc1nc(N)ncc1-c1nnnn1-c1ccc(-c2ccccc2)cc1,4.568636235841013,0
CHEMBL1084790,Cc1nc2cc(C(=O)CCC3CCN(Cc4ccccc4)CC3)ccc2[nH]1,7.920457143142827,1
CHEMBL542297,Cc1nc2cc(C(=O)CCC3CCN(Cc4ccccc4)CC3)ccc2[nH]1.Cl,7.920818753952375,1
CHEMBL1084275,Cc1nc2ccc(C(=O)CCC3CCN(Cc4ccccc4)CC3)cc2s1,8.168740075678823,1
CHEMBL542543,Cc1nc2ccc(C(=O)CCC3CCN(Cc4ccccc4)CC3)cc2s1.Cl,8.167491087293763,1
CHEMBL376012,Cc1nccc2c1[nH]c1ccc(O)cc12,5.0,0
CHEMBL12014,Cc1nccc2c1[nH]c1ccccc12,5.0,0
CHEMBL220849,Cc1nccc2c3cc(O)ccc3n(C)c12,5.0,0
CHEMBL5572120,Cc1noc(-c2ccc(N)cc2)n1,6.982966660701219,1
CHEMBL278826,Cc1noc(/C=N/O)n1,3.0,0
CHEMBL2079593,Cc1noc(/C=N\O)n1,3.0,0
CHEMBL3215770,Cl.Cl.Cl.Cl.O=C(NCCCCCCCCCCNc1c2c(nc3cc(Cl)ccc13)CCCC2)c1ccc2nc(-c3ccc(Cl)cc3)c3c(c2c1)OCCC3,7.301029995663981,1
CHEMBL3215769,Cl.Cl.Cl.Cl.O=C(NCCCCCCCCCNc1c2c(nc3cc(Cl)ccc13)CCCC2)c1ccc2nc(-c3ccc(Cl)cc3)c3c(c2c1)OCCC3,7.603800652904264,1
CHEMBL3215768,Cl.Cl.Cl.Cl.O=C(NCCCCCCCCNc1c2c(nc3cc(Cl)ccc13)CCCC2)c1ccc2nc(-c3ccc(Cl)cc3)c3c(c2c1)OCCC3,8.153044674980176,1
CHEMBL3215572,Cl.Cl.Cl.Cl.O=C(NCCCCCCCNc1c2c(nc3cc(Cl)ccc13)CCCC2)c1ccc2nc(-c3ccc(Cl)cc3)c3c(c2c1)OCCC3,7.73754891026957,1
CHEMBL3216429,Cl.Cl.Cl.Cl.O=C(NCCCCCCNc1c2c(nc3cc(Cl)ccc13)CCCC2)c1ccc2nc(-c3ccc(Cl)cc3)c3c(c2c1)OCCC3,7.716698771296451,1
CHEMBL3215574,Cl.Cl.Cl.O=C(CCc1ccc2nc(-c3ccccc3)c3c(c2c1)OCCC3)NCCCCCCCCNc1c2c(nc3cc(Cl)ccc13)CCCC2,7.853871964321762,1
CHEMBL3216221,Cl.Cl.Cl.O=C(CCc1ccc2nc(-c3ccccc3)c3c(c2c1)OCCC3)NCCCCCCCNc1c2c(nc3cc(Cl)ccc13)CCCC2,7.841637507904751,1
CHEMBL3215573,Cl.Cl.Cl.O=C(CCc1ccc2nc(-c3ccccc3)c3c(c2c1)OCCC3)NCCCCCCNc1c2c(nc3cc(Cl)ccc13)CCCC2,7.954677021213342,1
CHEMBL3216018,Cl.Cl.Cl.O=C(CCc1ccc2nc(-c3ccccc3)c3c(c2c1)OCCC3)NCCCCNc1c2c(nc3cc(Cl)ccc13)CCCC2,7.779891911959945,1
CHEMBL3216469,Cl.Cl.Cl.Oc1c(CNCCCCCCCCCNc2c3c(nc4ccccc24)CCCC3)cc(Cl)c2cccnc12,9.0,1
CHEMBL4559593,Cl.Cl.NC(Cc1c[nH]c2ccccc12)C(=O)NCCCCCCNc1c2c(nc3cc(Cl)ccc13)CCCC2,8.130768280269024,1
CHEMBL4466307,Cl.Cl.N[C@@H](Cc1c[nH]c2ccccc12)C(=O)NCCCCCCCCNc1c2c(nc3cc(Cl)ccc13)CCCC2,7.301029995663981,1
CHEMBL4456435,Cl.Cl.N[C@@H](Cc1c[nH]c2ccccc12)C(=O)NCCCCCCCCNc1c2c(nc3ccccc13)CCCC2,7.119186407719209,1
CHEMBL4555818,Cl.Cl.N[C@@H](Cc1c[nH]c2ccccc12)C(=O)NCCCCCCCNc1c2c(nc3cc(Cl)ccc13)CCCC2,7.721246399047171,1
CHEMBL4559477,Cl.Cl.N[C@@H](Cc1c[nH]c2ccccc12)C(=O)NCCCCCCCNc1c2c(nc3ccccc13)CCCC2,6.920818753952375,1
CHEMBL4556281,Cl.Cl.N[C@@H](Cc1c[nH]c2ccccc12)C(=O)NCCCCCCNc1c2c(nc3cc(Cl)ccc13)CCCC2,8.200315045651141,1
CHEMBL4540429,Cl.Cl.N[C@@H](Cc1c[nH]c2ccccc12)C(=O)NCCCCCCNc1c2c(nc3ccccc13)CCCC2,6.920818753952375,1
CHEMBL4563209,Cl.Cl.N[C@@H](Cc1c[nH]c2ccccc12)C(=O)NCCCCCNc1c2c(nc3cc(Cl)ccc13)CCCC2,7.119186407719209,1
CHEMBL4552440,Cl.Cl.N[C@@H](Cc1c[nH]c2ccccc12)C(=O)NCCCCNc1c2c(nc3cc(Cl)ccc13)CCCC2,7.2076083105017466,1
CHEMBL4541558,Cl.Cl.N[C@@H](Cc1c[nH]c2ccccc12)C(=O)NCCCNc1c2c(nc3cc(Cl)ccc13)CCCC2,7.154901959985743,1
CHEMBL4444822,Cl.Cl.N[C@@H](Cc1c[nH]c2ccccc12)C(=O)NCCNc1c2c(nc3cc(Cl)ccc13)CCCC2,6.795880017344075,1
CHEMBL4449083,Cl.Cl.N[C@H](Cc1c[nH]c2ccccc12)C(=O)NCCCCCCNc1c2c(nc3cc(Cl)ccc13)CCCC2,8.161150909262744,1
CHEMBL4288558,Cl.Cl.Nc1ccc(O)c(CN2CCCCC2)c1,3.3410351573355648,0
CHEMBL4294906,Cl.Cl.Nc1ccc(O)c(CN2CCOCC2)c1,3.5676722077383958,0
CHEMBL4292399,Cl.Cl.Nc1ccc(O)c(Cn2cccn2)c1,3.0734003460929724,0
CHEMBL4286677,Cl.Cl.Nc1ccc(O)c(Cn2ccnc2)c1,3.3165026823201886,0
CHEMBL1202885,Cl.Cl.O.c1ccc(CN2CCC(CCNc3cc4c(nn3)-c3ccccc3CC4)CC2)cc1,6.721246399047171,1
CHEMBL1202865,Cl.Cl.O.c1ccc(CN2CCC(CCNc3cc4c(nn3)-c3ccccc3CCC4)CC2)cc1,6.920818753952375,1
CHEMBL1202884,Cl.Cl.O.c1ccc(CN2CCC(CCNc3cc4ccc5ccccc5c4nn3)CC2)cc1,6.721246399047171,1
CHEMBL2448076,Cl.Cl.O=C(CCc1ccc2nc(-c3ccccc3)c3c(c2c1)OCCC3)NCCCCCNc1c2c(nc3cc(Cl)ccc13)CCCC2,8.01592296609717,1
CHEMBL3215602,Cl.Cl.Oc1c(CNCCCCCCCCCNc2c3c(nc4ccccc24)CCCC3)ccc2cccnc12,8.259637310505756,1
CHEMBL3215535,Cl.Cl.c1ccc(CN2CCC(CCNc3ccc(-c4ccccc4)nn3)CC2)cc1,6.853871964321762,1
CHEMBL3752685,Cl.Cl.c1ccc2c(NCCCCCCCNc3c4c(nc5ccccc35)CCCC4)c3c(nc2c1)CCCC3,9.09151498112135,1
CHEMBL1203534,Cl.N#CC(C#N)=C1NCCN1CCNCc1ccc(CN2CC=CCC2)o1,7.022276394711152,1
CHEMBL1203538,Cl.N#CC(C#N)=C1NCCN1CCNCc1ccc(CN2CCCCCC2)o1,6.920818753952375,1
CHEMBL4868050,Cl.Nc1c2c(nc3c(Br)cc(Br)cc13)CCC2,4.82102305270683,0
CHEMBL4869162,Cl.Nc1c2c(nc3c(Br)cc(Br)cc13)CCCCC2,4.82102305270683,0
CHEMBL4864954,Cl.Nc1c2c(nc3c(Cl)cc(Cl)cc13)CCC2,4.882728704344236,0
CHEMBL486698,Cl.Nc1c2c(nc3cc(Cl)ccc13)CCCC2,8.079876673709276,1
CHEMBL4867284,Cl.Nc1c2c(nc3ccc(Br)cc13)CCCCC2,4.860120913598763,0
CHEMBL4862288,Cl.Nc1c2c(nc3cccc(Cl)c13)CCCC2,7.476253533188435,1
CHEMBL4859173,Cl.Nc1c2c(nc3cccc(Cl)c13)CCCCC2,3.6516951369518393,0
CHEMBL1677,Cl.Nc1c2c(nc3ccccc13)CCCC2,6.631059901517606,1
CHEMBL1204162,Cl.O.c1ccc(CN2CCC(CCN=c3cc4c(n[nH]3)-c3ccccc3C4)CC2)cc1,7.130768280269024,1
CHEMBL1952065,Cl.O/N=C/C1=NCCCN1Cc1cc(C(F)(F)F)cc(C(F)(F)F)c1,4.346787486224656,0
CHEMBL1952063,Cl.O/N=C/C1=NCCCN1Cc1ccccc1,4.552841968657781,0
CHEMBL1952060,Cl.O/N=C/C1=NCCN1Cc1cc(C(F)(F)F)cc(C(F)(F)F)c1,4.070581074285707,0
CHEMBL1952059,Cl.O/N=C/C1=NCCN1Cc1ccc(Cl)cc1Cl,4.619788758288394,0
CHEMBL1952058,Cl.O/N=C/C1=NCCN1Cc1ccccc1,4.356547323513812,0
CHEMBL537908,Cl.O=C(CCC1CCN(Cc2ccccc2)CC1)c1ccc2[nH]c(-c3ccccc3)nc2c1,7.481486060122112,1
CHEMBL557181,Cl.O=C(CCC1CCN(Cc2ccccc2)CC1)c1ccc2c(c1)OCCO2,7.522878745280337,1
CHEMBL552832,Cl.O=C(CCC1CCN(Cc2ccccc2)CC1)c1ccccc1,6.515700160653214,1
CHEMBL2019049,Cl.O=C(NCCCCCCCCCCNc1c2c(nc3cc(Cl)ccc13)CCCC2)c1cc(=O)c2c(O)cc(O)cc2o1,10.187086643357144,1
CHEMBL2019053,Cl.O=C(NCCCCCCCCCCNc1c2c(nc3cc(Cl)ccc13)CCCC2)c1cc(=O)c2cc(O)c(O)cc2o1,10.045757490560675,1
CHEMBL2019044,Cl.O=C(NCCCCCCCCCCNc1c2c(nc3cc(Cl)ccc13)CCCC2)c1cc(=O)c2cc(O)ccc2o1,9.0,1
CHEMBL2019032,Cl.O=C(NCCCCCCCCCCNc1c2c(nc3cc(Cl)ccc13)CCCC2)c1cc(=O)c2ccccc2o1,9.522878745280337,1
CHEMBL2019047,Cl.O=C(NCCCCCCCCCCNc1c2c(nc3ccccc13)CCCC2)c1cc(=O)c2c(O)cc(O)cc2o1,8.638272163982407,1
CHEMBL2019052,Cl.O=C(NCCCCCCCCCCNc1c2c(nc3ccccc13)CCCC2)c1cc(=O)c2cc(O)c(O)cc2o1,8.187086643357144,1
CHEMBL2019043,Cl.O=C(NCCCCCCCCCCNc1c2c(nc3ccccc13)CCCC2)c1cc(=O)c2cc(O)ccc2o1,8.096910013008056,1
CHEMBL2019030,Cl.O=C(NCCCCCCCCCCNc1c2c(nc3ccccc13)CCCC2)c1cc(=O)c2ccccc2o1,7.756961951313706,1
CHEMBL3322231,Cl.O=C(NCCCCCCCCNc1c2c(nc3cc(Cl)ccc13)CCCC2)c1ccc2nc(-c3ccc(Cl)cc3)c3c(c2c1)NCCC3,8.686132779630846,1
CHEMBL3322234,Cl.O=C(NCCCCCNc1c2c(nc3cc(Cl)ccc13)CCCC2)c1ccc2nc(-c3ccc(Cl)cc3)c3c(c2c1)NCCC3,7.847711655616943,1
CHEMBL3322233,Cl.O=C(NCCCCNc1c2c(nc3cc(Cl)ccc13)CCCC2)c1ccc2nc(-c3ccc(Cl)cc3)c3c(c2c1)NCCC3,7.847711655616943,1
CHEMBL1814731,Cl.O=C(NCCCCNc1c2c(nc3ccccc13)CCCC2)c1ccc(F)cc1,9.105683937315561,1
CHEMBL3322232,Cl.O=C(NCCCNc1c2c(nc3cc(Cl)ccc13)CCCC2)c1ccc2nc(-c3ccc(Cl)cc3)c3c(c2c1)NCCC3,11.221848749616356,1
CHEMBL5408201,Cl.O=C(NCCCNc1c2c(nc3cc(Cl)ccc13)CCCC2)c1nc2ccc([N+](=O)[O-])cc2s1,7.7447274948966935,1
CHEMBL1814730,Cl.O=C(NCCCNc1c2c(nc3ccccc13)CCCC2)c1ccc(F)cc1,9.092051478387727,1
CHEMBL1814729,Cl.O=C(NCCNc1c2c(nc3ccccc13)CCCC2)c1ccc(F)cc1,9.088842391260023,1
CHEMBL5415881,Cl.O=C1CSC(c2ccc(Cl)cc2Cl)N1CCNC1CC1,3.6989700043360187,0
CHEMBL5276202,Cl.Oc1cccc2ccc(/C=C/C3=CCN(Cc4ccccc4C(F)(F)F)CC3)nc12,3.7931741239681505,0
CHEMBL6170062,Cl.[2H]c1ccc2nc3c(c(N)c2c1)CCCC3,6.703334809738469,1
CHEMBL543711,Cl.c1ccc(-c2ccc(NCCCCCN3CCc4ccccc4C3)nn2)cc1,4.327902142064283,0
CHEMBL4538834,Cl.c1ccc(CCCCN2CCCc3[nH]c4ccccc4c3C2)cc1,4.698970004336019,0
CHEMBL4756730,Clc1ccc(-c2nnc(N3CCN(c4ccccn4)CC3)o2)cc1,6.991399828238082,1
CHEMBL1201196,Clc1ccc(C(Cn2ccnc2)OCc2csc3c(Cl)cccc23)c(Cl)c1,7.0,1
CHEMBL3754622,Clc1ccc(CN(Cc2cccnc2)C2=NCC(CI)S2)cc1.I,4.0,0
CHEMBL4878578,Clc1ccc(CN2CCC(c3cc4ccccc4o3)CC2)cc1,4.0063433713845376,0
CHEMBL1766142,Clc1ccc(CN2CCN(c3nccc(NCc4ccccc4)n3)CC2)cc1,4.694648630553377,0
CHEMBL4760651,Clc1ccc(CNC2CCN(Cc3ccccc3)C2)cc1,6.749579997691106,1
CHEMBL91,Clc1ccc(COC(Cn2ccnc2)c2ccc(Cl)cc2Cl)c(Cl)c1,4.729111635301168,0
CHEMBL808,Clc1ccc(COC(Cn2ccnc2)c2ccc(Cl)cc2Cl)cc1,4.864009153078375,0
CHEMBL5633239,Clc1ccc(Cn2cc(CNC34CC5CC(CC(C5)C3)C4)nn2)cc1,6.876148359032914,1
CHEMBL2413743,Clc1ccc2[nH]c(-c3ccc(OCCN4CCCCC4)cc3)nc2c1,6.886056647693163,1
CHEMBL312310,Clc1ccc2c(NCCCCCCCCNc3c4c(nc5cc(Cl)ccc35)CCCC4)c3c(nc2c1)CCCC3,9.522878745280337,1
CHEMBL1819177,Clc1ccc2c(NCCCCCCCNc3c4c(nc5cc(Cl)ccc35)-c3ccccc3C4)c3c(nc2c1)CCCC3,7.91721462968355,1
CHEMBL307004,Clc1ccc2c(NCCCCCCCNc3c4c(nc5cc(Cl)ccc35)CCCC4)c3c(nc2c1)CCCC3,10.154901959985743,1
CHEMBL1819176,Clc1ccc2c(NCCCCCCCNc3c4c(nc5ccccc35)-c3ccccc3C4)c3c(nc2c1)CCCC3,8.978810700930062,1
CHEMBL1819178,Clc1ccc2c(NCCCCCCCOc3ccc(-c4cc5ccccc5o4)cc3)c3c(nc2c1)CCCC3,6.508638306165727,1
CHEMBL1819179,Clc1ccc2c(NCCCCCCCOc3cccc(-c4cc5ccccc5o4)c3)c3c(nc2c1)CCCC3,6.58838029403677,1
CHEMBL73160,Clc1ccc2c(NCCCCCCNc3c4c(nc5cc(Cl)ccc35)CCCC4)c3c(nc2c1)CCCC3,9.221848749616356,1
CHEMBL5412564,Clc1ccc2c(NCCCCCN3c4ccccc4Sc4ccccc43)c3c(nc2c1)CCCC3,8.096910013008056,1
CHEMBL474268,Clc1ccc2c(NCCCNCCCCCCOc3cccc4[nH]c5ccccc5c34)c3c(nc2c1)CCCC3,8.590066876668706,1
CHEMBL473866,Clc1ccc2c(NCCCNCCCCCOc3cccc4[nH]c5ccccc5c34)c3c(nc2c1)CCCC3,8.812479279163536,1
CHEMBL478667,Clc1ccc2c(NCCCNCCCCOc3cccc4[nH]c5ccccc5c34)c3c(nc2c1)CCCC3,8.782516055786093,1
CHEMBL478666,Clc1ccc2c(NCCCNCCCOc3cccc4[nH]c5ccccc5c34)c3c(nc2c1)CCCC3,8.667561540084394,1
CHEMBL59628,Clc1ccc2c(NCc3ccccc3)c3c(nc2c1)CCCC3,6.7697811210384575,1
CHEMBL4075061,Clc1ccc2c(NCc3ccccn3)c3c(nc2c1)CCCC3,7.045757490560675,1
CHEMBL1084777,Clc1ccc2c(Nc3ccccc3)c3c(nc2c1)CCCC3,6.769551078621726,1
CHEMBL445130,Clc1ccc2c(c1)N=C1CCCCCN1C2,6.801342913045577,1
CHEMBL32329,Clc1cccc(Cl)c1CO/N=C/c1cc[n+](CCCc2ccccc2)cc1,6.7447274948966935,1
CHEMBL104,Clc1ccccc1C(c1ccccc1)(c1ccccc1)n1ccnc1,4.711974464611637,0
CHEMBL149427,Cn1c(/C=N/O)[n+](C)c2ccccc21.[Cl-],3.910094888560602,0
CHEMBL5092320,Cn1c(NCCCCCCCNc2c3c(nc4cc(Cl)ccc24)CCCC3)nc(-c2ccncc2F)cc1=O,7.291579099865287,1
CHEMBL5269148,Cn1c2c(c3ccccc31)CC[N+](c1ccc(Br)cc1Br)=C2,5.0,0
CHEMBL373674,Cn1c2ccc(O)cc2c2ccncc21,5.0,0
CHEMBL5267519,Cn1c2ccccc2c2cc[n+](-c3ccc(Br)cc3Br)cc21,6.958607314841775,1
CHEMBL5282524,Cn1c2ccccc2c2cc[n+](-c3ccc(I)cc3)cc21,6.587485420619042,1
CHEMBL4294640,Cn1c2nc3ccccc3c-2c(NCCCCCCCCNc2c3c(nc4ccccc24)CCCC3)c2ccccc21,9.022276394711152,1
CHEMBL4284047,Cn1c2nc3ccccc3c-2c(NCCCCCCNc2c3c(nc4ccccc24)CCCC3)c2ccccc21,8.903089986991944,1
CHEMBL4281440,Cn1c2nc3ccccc3c-2c(NCCCCNc2c3c(nc4ccccc24)CCCC3)c2ccccc21,7.275724130399211,1
CHEMBL426015,Cn1cc(C(=O)NCCCCCCCNc2c3c(nc4cc(Cl)ccc24)CCCC3)c2ccccc21,7.962573502059376,1
CHEMBL4853244,Cn1cc2cc(-c3ccc(N[C@H]4C[C@@H]5CN(CC6CCOCC6)C[C@@H]5C4)nn3)ccc2n1,5.0,0
CHEMBL359412,Cn1cc[n+](COCC2CCCCC2)c1/C=N/O.[Cl-],4.376750709602099,0
CHEMBL145971,Cn1cc[n+](COCC2CCCc3ccccc32)c1/C=N/O.[Cl-],4.251811972993799,0
CHEMBL34000,Cn1cc[n+](COCCCc2ccccc2)c1/C=N/O.[Cl-],4.673664139071248,0
CHEMBL538352,Cn1cc[n+](COC[n+]2ccccc2/C=N/O)c1/C=N/O.[Cl-].[Cl-],4.42021640338319,0
CHEMBL284692,Cn1cc[n+](COCc2ccccc2)c1/C=N/O.[Cl-],4.251811972993799,0
CHEMBL3319256,Cn1ncc2cc(C(=O)Nc3ccc(Cl)c(Cl)c3)ccc21,4.106238237942057,0
CHEMBL4793365,FC(F)(F)Oc1ccc(-c2nnc(N3CCN(c4ccccn4)CC3)o2)cc1,7.050609993355087,1
CHEMBL4793341,FC(F)(F)Oc1ccc(CNC2CCN(Cc3ccccc3)C2)cc1,7.236572006437063,1
CHEMBL1082740,FC(F)(F)c1cc(-c2ccccc2)nnc1NCCN1CCOCC1,3.1307682802690238,0
CHEMBL5409365,FC(F)(F)c1ccc(-c2nnc(CNC3CCN(Cc4ccccc4)C3)o2)cc1,7.1938200260161125,1
CHEMBL4764740,FC(F)(F)c1ccc(-c2nnc(N3CCN(c4ccccn4)CC3)o2)cc1,6.739928612014925,1
CHEMBL5523504,FC(F)(F)c1ccc(-c2nnc(NC3CCN(Cc4ccccc4)CC3)o2)cc1,7.259637310505756,1
CHEMBL1766145,FC(F)(F)c1ccc(CN2CCN(c3nccc(NCc4ccccc4)n3)CC2)cc1,4.540607512240769,0
CHEMBL4761542,FC(F)(F)c1ccc(CNC2CCN(Cc3ccccc3)C2)cc1,6.892790030352131,1
CHEMBL4583534,FC(F)(F)c1ccc(CNC2CCN(Cc3ccccc3)CC2)cc1,6.958607314841775,1
CHEMBL4104206,FC(F)(F)c1ccc(NC(=S)NCCN2CCCCC2)cc1,3.6989700043360187,0
CHEMBL6190210,FC(F)(F)c1cccc(-c2cc(-c3cccs3)n(-c3ccc(Br)cc3)n2)c1,9.318758762624412,1
CHEMBL4558495,FC12CC3CC(NCCCCCNc4c5c(nc6cc(Cl)ccc46)CCCC5)(CC(C1)c1ccccc13)C2,8.853871964321762,1
CHEMBL4469343,FC12CC3CC(NCCCCNc4c5c(nc6cc(Cl)ccc46)CCCC5)(CC(C1)c1ccccc13)C2,8.698970004336019,1
CHEMBL4759108,Fc1ccc(-c2nnc(N3CCN(c4ccccn4)CC3)o2)c(F)c1,7.267606240177032,1
CHEMBL4761911,Fc1ccc(-c2nnc(N3CCN(c4ccccn4)CC3)o2)cc1,6.866461091629782,1
CHEMBL427232,Fc1ccc(C(c2ccc(F)cc2)N2CCN(CCN3CCCC3)CC2)cc1,7.6777807052660805,1
CHEMBL211520,Fc1ccc(C(c2ccc(F)cc2)N2CCN(CCN3CCCCC3)CC2)cc1,6.898596649444669,1
CHEMBL380050,Fc1ccc(C(c2ccc(F)cc2)N2CCN(CCN3CCOCC3)CC2)cc1,6.546375926408549,1
CHEMBL4875517,Fc1ccc(CN2CCC(c3cc4ccccc4o3)CC2)cc1,4.671620396561262,0
CHEMBL1766144,Fc1ccc(CN2CCN(c3nccc(NCc4ccccc4)n3)CC2)cc1,4.665546248849069,0
CHEMBL4752715,Fc1ccc(CNC2CCN(Cc3ccccc3)C2)c(F)c1,7.161150909262744,1
CHEMBL4749704,Fc1ccc(CNC2CCN(Cc3ccccc3)C2)cc1,6.826813731587726,1
CHEMBL3952144,Fc1ccc(C[n+]2ccc(CCNc3nc4ccc(F)cc4s3)cc2)cc1,6.570247719997592,1
CHEMBL4859070,Fc1ccc2[nH]c3c(c2c1)CN(Cc1ccccc1)CC3,4.7544873321858505,0
CHEMBL4863376,Fc1ccc2[nH]c3ccncc3c2c1,4.943095148663527,0
CHEMBL312761,Fc1ccc2c(NCCCCCCCCNc3c4c(nc5cc(F)ccc35)CCCC4)c3c(nc2c1)CCCC3,9.154901959985743,1
CHEMBL74927,Fc1ccc2c(NCCCCCCCNc3c4c(nc5cc(F)ccc35)CCCC4)c3c(nc2c1)CCCC3,9.221848749616356,1
CHEMBL74940,Fc1ccc2c(NCCCCCCNc3c4c(nc5cc(F)ccc35)CCCC4)c3c(nc2c1)CCCC3,9.045757490560675,1
CHEMBL4851711,Fc1ccccc1-c1ccc(N[C@H]2C[C@@H]3CN(CC4CCOCC4)C[C@@H]3C2)nn1,8.769551078621726,1
CHEMBL3939698,Fc1ccccc1COc1ccccc1CNCCN1CCOCC1,3.3010299956639813,0
CHEMBL3752908,I.ICC1CN=C(Nc2ccccn2)S1,4.1487416512809245,0
CHEMBL155111,N#CC(C#N)=C1NCCN1CCNCc1ccc(CN2CCCC2)o1,7.096910013008056,1
CHEMBL154211,N#CC(C#N)=C1NCCN1CCNCc1ccc(CN2CCCCC2)o1,7.522878745280337,1
CHEMBL154433,N#CC(C#N)=C1NCCN1CCNCc1ccc(CN2CCOCC2)o1,4.958607314841775,0
CHEMBL154972,N#CC(C#N)=C1Nc2ccccc2N1CCNCc1ccc(CN2CCCCC2)o1,7.136677139879544,1
CHEMBL1377579,N#CC(c1ccc(O)cc1)N1CCCCC1,4.031517051446065,0
CHEMBL3233993,N#CC(c1ccc2c(c1)OCO2)N1CCCC1,4.292429823902063,0
CHEMBL3233992,N#CC(c1ccc2c(c1)OCO2)N1CCCCC1,4.211831628858833,0
CHEMBL1191355,N#CC(c1ccc2c(c1)OCO2)N1CCOCC1,4.236572006437063,0
CHEMBL1916929,N#Cc1c(-c2ccc(Cl)cc2)oc2nc3c(c(N)c12)CCCC3,4.0,0
CHEMBL2419684,N#Cc1c(Cl)nc(NCCCCC2CCN(Cc3ccccc3)CC2)c(C#N)c1-c1ccccc1,7.508638306165727,1
CHEMBL2088781,N#Cc1c(N)nc(NCCCC2CCN(Cc3ccccc3)CC2)c(C#N)c1-c1ccccc1,6.619788758288394,1
CHEMBL2088782,N#Cc1c(N)nc(NCCCCC2CCN(Cc3ccccc3)CC2)c(C#N)c1-c1ccccc1,6.920818753952375,1
CHEMBL150365,N#Cc1cc(-c2ccccc2)nnc1NCCN1CCOCC1,4.0,0
CHEMBL2419686,N#Cc1cc(C#N)c(NCCC2CCN(Cc3ccccc3)CC2)nc1Cl,6.508638306165727,1
CHEMBL2088784,N#Cc1cc(C#N)c(NCCC2CCN(Cc3ccccc3)CC2)nc1N,6.657577319177793,1
CHEMBL2419687,N#Cc1cc(C#N)c(NCCCC2CCN(Cc3ccccc3)CC2)nc1Cl,7.267606240177032,1
CHEMBL2088785,N#Cc1cc(C#N)c(NCCCC2CCN(Cc3ccccc3)CC2)nc1N,8.0268721464003,1
CHEMBL2419688,N#Cc1cc(C#N)c(NCCCCC2CCN(Cc3ccccc3)CC2)nc1Cl,7.886056647693163,1
CHEMBL2088786,N#Cc1cc(C#N)c(NCCCCC2CCN(Cc3ccccc3)CC2)nc1N,7.154901959985743,1
CHEMBL3582213,N#Cc1cc2c(cn1)[nH]c1ncc(-c3ccc(CN4CCCCC4)nc3)cc12,6.728158393463501,1
CHEMBL3582211,N#Cc1cc2c(cn1)[nH]c1ncc(-c3ccc(CN4CCOCC4)cc3)cc12,4.876148359032914,0
CHEMBL3582214,N#Cc1cc2c(cn1)[nH]c1ncc(-c3nc(CN4CCCCC4)cs3)cc12,7.7447274948966935,1
CHEMBL337002,N#Cc1ccc(C(=O)n2cc(/C=C3\CN(Cc4ccccc4)CCC3=O)c3ccccc32)cc1,4.698970004336019,0
CHEMBL3628061,N#Cc1ccc(C[n+]2ccc(C(=O)NCCc3c[nH]c4ccccc34)cc2)cc1.[Br-],4.640164517660112,0
CHEMBL223170,N#Cc1ccc2[nH]cc(CCC(=O)NCCCCCCNc3c4c(nc5cc(Cl)ccc35)CCCC4)c2c1,9.154901959985743,1
CHEMBL5082250,N#Cc1ccc2[nH]cc(CCCCN3CCN(c4ccc(C(=O)CCC5CCN(Cc6ccccc6)CC5)cc4)CC3)c2c1,9.236572006437063,1
CHEMBL92775,N#Cc1ccc2c(CCC3CCN(Cc4ccccc4)CC3)noc2c1,6.995753901349708,1
CHEMBL209392,N#Cc1ccccc1-c1ccc(CN2CCN(C(c3ccc(F)cc3)c3ccc(F)cc3)CC2)cc1,7.133122185662502,1
CHEMBL4202749,N#Cc1ccccc1CNCC(=O)Nc1ccc2nc3n(c(=O)c2c1)CCC3,7.774690718274137,1
CHEMBL3754399,N#Cc1cccnc1N1CCN(c2cc(Oc3cccc4cccnc34)ncn2)CC1,7.443697499232712,1
CHEMBL1644328,N/C(=N\O)c1cc[n+](CCC[n+]2ccc(/C=N/O)cc2)cc1.[Br-].[Br-],3.5361070110140926,0
CHEMBL6148830,N/C(=N\O)c1cccc(NC(=O)Nc2ccc(Br)cc2)c1,4.774690718274137,0
CHEMBL6160389,N/C(=N\O)c1cccc(NC(=O)Nc2ccc(C(F)(F)F)cc2)c1,4.912928794093465,0
CHEMBL6147483,N/C(=N\O)c1cccc(NC(=O)Nc2ccc(Cl)cc2)c1,4.85078088734462,0
CHEMBL6152861,N/C(=N\O)c1cccc(NC(=O)Nc2ccc(O)cc2)c1,4.788612447063141,0
CHEMBL6163057,N/C(=N\O)c1cccc(NC(=O)Nc2ccc([N+](=O)[O-])cc2)c1,4.787546038959724,0
CHEMBL6162127,N/C(=N\O)c1cccc(NC(=O)Nc2cccc(Br)c2)c1,4.837734385701978,0
CHEMBL6144992,N/C(=N\O)c1cccc(NC(=O)Nc2cccc(C(F)(F)F)c2)c1,4.769295686387431,0
CHEMBL6163524,N/C(=N\O)c1cccc(NC(=O)Nc2cccc(Cl)c2)c1,4.759201228882668,0
CHEMBL6151474,N/C(=N\O)c1cccc(NC(=O)Nc2cccc(O)c2)c1,4.838332587562264,0
CHEMBL6160218,N/C(=N\O)c1cccc(NC(=O)Nc2cccc([N+](=O)[O-])c2)c1,4.915423722065669,0
CHEMBL6147925,N/C(=N\O)c1cccc(NC(=O)Nc2ccccc2C(F)(F)F)c1,4.73849922680172,0
CHEMBL6145757,N/C(=N\O)c1cccc(NC(=O)Nc2ccccc2F)c1,4.730954290342377,0
CHEMBL3234591,N/C(=N\O)c1nc(CCCCCNc2c3c(nc4ccccc24)CCCC3)ccc1O,6.585026652029182,1
CHEMBL125278,NC(=O)O,4.173925197299174,0
CHEMBL3582218,NC(=O)c1cc2c(cn1)[nH]c1ncc(-c3ccc(CN4CCCCC4)cc3)cc12,6.663540266151471,1
CHEMBL238977,NC(=O)c1cc[n+](C/C=C/C[n+]2ccc(/C=N/O)cc2)cc1.[Br-].[Br-],3.2471835688117285,0
CHEMBL3828586,NC(=O)c1cc[n+](CCCCC[n+]2cccc(NC(=O)/C=N\O)c2)cc1.[Br-].[Br-],3.113509274827518,0
CHEMBL3828385,NC(=O)c1cc[n+](CCCC[n+]2cccc(NC(=O)/C=N\O)c2)cc1.[Br-].[Br-],2.8068754016455384,0
CHEMBL397871,NC(=O)c1cc[n+](CCC[n+]2ccc(/C=N/O)cc2)cc1.[Br-].[Br-],3.148130399270234,0
CHEMBL3828381,NC(=O)c1cc[n+](CCC[n+]2cccc(NC(=O)/C=N\O)c2)cc1.[Br-].[Br-],2.7772835288524167,0
CHEMBL3827575,NC(=O)c1cc[n+](CC[n+]2cccc(NC(=O)/C=N\O)c2)cc1.[Br-].[Br-],2.728158393463501,0
CHEMBL385181,NC(=O)c1cc[n+](COC[n+]2ccccc2/C=N/O)cc1,3.0209073384557152,0
CHEMBL33051,NC(=O)c1cc[n+](COC[n+]2ccccc2/C=N/O)cc1.[Cl-].[Cl-],3.964675956483536,0
CHEMBL92663,NC(=O)c1ccc2c(CCC3CCN(Cc4ccccc4)CC3)noc2c1,8.229909161079352,1
CHEMBL4787873,NC(=O)c1sc(-c2ccnc(NC(=O)C3CC3)c2)nc1O,3.0,0
CHEMBL4755445,NC(=O)c1sc(-c2ccnc(NC(=O)C3CC3)c2)nc1OCCC1CCN(Cc2c(F)cccc2F)CC1,4.709965388637482,0
CHEMBL4756451,NC(=O)c1sc(-c2ccnc(NC(=O)C3CC3)c2)nc1OCCC1CCN(Cc2ccc(F)c(F)c2)CC1,4.368556230986828,0
CHEMBL4747992,NC(=O)c1sc(-c2ccnc(NC(=O)C3CC3)c2)nc1OCCCC1CCN(Cc2ccc(F)cc2)CC1,6.508638306165727,1
CHEMBL4288850,NC(=O)c1sc(-c2ccnc(NC(=O)C3CC3)c2)nc1OCCNc1c2c(nc3ccccc13)CCCC2,6.522878745280337,1
CHEMBL4753347,NC(=O)c1sc(-c2ccnc(NC(=O)CNCCNc3c4c(nc5ccccc35)CCCC4)c2)nc1OCC1CC1,9.096910013008056,1
CHEMBL2425418,NC(=S)NNC=C1C(=O)NC(=O)NC1=O,3.9240517753559647,0
CHEMBL4591167,NC12CC3CC(F)(CC(C1)c1cc(NC(=O)CCCCNc4c5c(nc6cc(Cl)ccc46)CCCC5)ccc13)C2,8.602059991327963,1
CHEMBL4471659,NC12CC3CC(F)(CC(C1)c1cc(NC(=O)CCCNc4c5c(nc6cc(Cl)ccc46)CCCC5)ccc13)C2,9.522878745280337,1
CHEMBL1084093,NCCCCCCCCCCCCNc1c2c(nc3ccccc13)CCCC2,6.7447274948966935,1
CHEMBL1084092,NCCCCCCCCCCNc1c2c(nc3ccccc13)CCCC2,6.8326826652518236,1
CHEMBL1083790,NCCCCCCCCCNc1c2c(nc3ccccc13)CCCC2,6.882728704344236,1
CHEMBL258928,NCCCCCCCCNc1c2c(nc3ccccc13)CCCC2,7.050609993355087,1
CHEMBL1940617,NCCCCCCNC1=CC(=O)c2ccccc2C1=O,4.1904402853647325,0
CHEMBL132133,NCCCCCCNCCSSCCNCCCCCCN,3.3000000031431456,0
CHEMBL3091687,NCCCCN(C[C@H]1Cc2ccccc2CN1)[C@H]1CCCc2cccnc21,4.522878745280337,0
CHEMBL191758,NCCCNc1c2c(nc3cc(Cl)ccc13)CCCC2,7.667561540084395,1
CHEMBL2396909,NCCNc1nc2ccccc2[nH]1,4.0,0
CHEMBL4079963,NS(=O)(=O)c1ccc(NC(=S)NCCN2CCCCC2)cc1,4.045757490560675,0
CHEMBL4092142,NS(=O)(=O)c1ccc(NC(=S)NCCN2CCOCC2)cc1,3.6989700043360187,0
CHEMBL4467345,N[C@@H](CCCCn1cc(-c2ccccc2)nn1)C(=O)NCC1CCN(Cc2ccccc2)CC1,5.0,0
CHEMBL11298,N[C@@H](CO)C(=O)O,4.416687848016922,0
CHEMBL3343931,N[C@@H](Cc1c[nH]c2ccccc12)C(=O)NCCCCCCNc1c2c(nc3ccccc13)CCCC2,7.016373712875465,1
CHEMBL4520568,N[C@@H](Cn1cc(-c2ccccc2)nn1)C(=O)NCC1CCN(Cc2ccccc2)CC1,5.0,0
CHEMBL355740,Nc1c2c(nc3c(Cl)cccc13)C1CCC2C1,7.072095917429872,1
CHEMBL369661,Nc1c2c(nc3c(Cl)cccc13)CCCC2,7.160900110207016,1
CHEMBL4159832,Nc1c2c(nc3c1C(c1ccc(F)cc1)NC(=S)N3)CCCC2,4.508638306165727,0
CHEMBL4174958,Nc1c2c(nc3c1C(c1cccc(Br)c1)NC(=S)N3)CCCC2,7.428291168191312,1
CHEMBL4164310,Nc1c2c(nc3c1C(c1cccc([N+](=O)[O-])c1)NC(=S)N3)CCCC2,4.525783735923745,0
CHEMBL4171284,Nc1c2c(nc3c1C(c1ccccc1)NC(=S)N3)CCCC2,4.966576244513051,0
CHEMBL2206891,Nc1c2c(nc3c1C(c1ccccc1)c1ccc4ccccc4c1O3)CCCC2,6.522878745280337,1
CHEMBL1916768,Nc1c2c(nc3c1cc(-c1ccccc1)n3-c1ccccc1)CCCC2,4.341988603342887,0
CHEMBL61850,Nc1c2c(nc3cc(Br)ccc13)CCCC2,7.180456064458132,1
CHEMBL352500,Nc1c2c(nc3cc(Cl)ccc13)C1CCC2C1,8.348385766876408,1
CHEMBL292314,Nc1c2c(nc3cc(Cl)ccc13)CCCC2,7.976767602526539,1
CHEMBL4280612,Nc1c2c(nc3cc(Cl)ccc13)C[C@H]1C=C(CCCCn3cc(CO)nn3)C[C@H]2C1,9.366531544420413,1
CHEMBL61533,Nc1c2c(nc3cc(F)ccc13)CCCC2,7.06023129618686,1
CHEMBL58122,Nc1c2c(nc3cc([N+](=O)[O-])ccc13)-c1ccccc1C2,4.169999984192581,0
CHEMBL61715,Nc1c2c(nc3cc([N+](=O)[O-])ccc13)CCCC2,7.551450489942221,1
CHEMBL6172196,Nc1c2c(nc3ccc(-c4ccc(Cl)nc4)cc13)CCCC2,6.542118103266008,1
CHEMBL1161715,Nc1c2c(nc3ccc(O)cc13)CCCC2,6.790002703917631,1
CHEMBL368196,Nc1c2c(nc3cccc(Cl)c13)C1CCC2C1,7.372333348962458,1
CHEMBL134057,Nc1c2c(nc3cccc(Cl)c13)CCCC2,7.821928757848478,1
CHEMBL337453,Nc1c2c(nc3cccc(Cl)c13)OCCC2,6.504455662453552,1
CHEMBL1161714,Nc1c2c(nc3cccc(F)c13)C1CC(C2)C1,7.540004743952609,1
CHEMBL132030,Nc1c2c(nc3cccc(F)c13)CCCC2,7.103960417380064,1
CHEMBL1084952,Nc1c2c(nc3ccccc13)-c1cc(Br)ccc1CC2,3.8413360191860106,0
CHEMBL89012,Nc1c2c(nc3ccccc13)-c1ccccc1CC2,4.978791005928375,0
CHEMBL332454,Nc1c2c(nc3ccccc13)-c1ccccc1CCC2,3.7796303675486054,0
CHEMBL89011,Nc1c2c(nc3ccccc13)-c1ccccc1CO2,3.6108339156354674,0
CHEMBL314800,Nc1c2c(nc3ccccc13)-c1ccccc1CS2,4.730954290342377,0
CHEMBL115697,Nc1c2c(nc3ccccc13)-c1ccccc1NCC2,4.158640529545145,0
CHEMBL325203,Nc1c2c(nc3ccccc13)-c1ccccc1NCCC2,3.4077121840478695,0
CHEMBL431844,Nc1c2c(nc3ccccc13)C1CCC2C1,7.207172112967534,1
CHEMBL95,Nc1c2c(nc3ccccc13)CCCC2,6.71649687708234,1
CHEMBL330883,Nc1c2c(nc3ccccc13)CCCCC2,7.4089353929735005,1
CHEMBL118139,Nc1c2c(nc3ccccc13)CCCc1ccccc1-2,4.4179366370882915,0
CHEMBL132260,Nc1c2c(nc3ccccc13)OCCC2,6.577556539204941,1
CHEMBL2238006,Nc1c2c(nc3nc(-c4ccccc4)cc(C(F)(F)F)c13)-c1ccccc1C2,4.755475488429917,0
CHEMBL2238007,Nc1c2c(nc3nc(-c4ccccc4)cc(C(F)(F)F)c13)-c1ccccc1CC2,4.6356366453842694,0
CHEMBL2238001,Nc1c2c(nc3nc(-c4ccccc4)cc(C(F)(F)F)c13)CCCCC2,4.994390554639719,0
CHEMBL1916927,Nc1c2c(nc3oc(-c4ccc(Cl)cc4)cc13)CCCC2,4.0,0
CHEMBL1916766,Nc1c2c(nc3oc(-c4ccccc4)cc13)CCCC2,4.0,0
CHEMBL117826,Nc1c2ccccc2nc2c1cnc1cc(Cl)ccc12,3.0,0
CHEMBL50608,Nc1cc(-c2ccccc2)nc2ccccc12,4.940058111938045,0
CHEMBL1082741,Nc1cc(-c2ccccc2)nnc1NCCN1CCOCC1,3.5686362358410126,0
CHEMBL2237997,Nc1cc(-c2cccs2)nc2nc(-c3ccccc3)cc(C(F)(F)F)c12,4.984640244590786,0
CHEMBL5595727,Nc1ccc(-c2nc(-c3ccccc3N)no2)cc1,6.696803942579511,1
CHEMBL6120302,Nc1ccc(C(=O)CCC2CCN(CC3CCCCC3)CC2)cc1Cl,7.303643611266668,1
CHEMBL21,Nc1ccc(S(N)(=O)=O)cc1,3.8379137597591453,0
CHEMBL420625,Nc1ccc2c(CCC3CCN(Cc4ccccc4)CC3)noc2c1,7.699187423464261,1
CHEMBL294745,Nc1ccc2c(N)c3c(nc2c1)-c1ccccc1C3,4.539999925177879,0
CHEMBL139353,Nc1ccc2c(c1)C(=O)N(CCC1CCN(Cc3ccccc3)CC1)C2=O,8.05551732784983,1
CHEMBL179455,Nc1ccc2c(c1)c(-c1ccccc1)[n+](CCCNCCCNCCCNc1c3c(nc4ccccc14)CCCC3)c1cc(N)ccc21,8.809668301829708,1
CHEMBL1085702,Nc1ccc2c(c1)c(-c1ccccc1)[n+](CCCNCCCNCCCNc1c3c(nc4ccccc14)CCCC3)c1cc(N)ccc21.[Cl-],8.826813731587725,1
CHEMBL3116300,Nc1ccc2c(c1)c(OCc1ccc3ccccc3c1)nn2CCN1CCCCC1,5.0,0
CHEMBL3116299,Nc1ccc2c(c1)c(OCc1cccc3ccccc13)nn2CCN1CCCC1,4.6020599913279625,0
CHEMBL4292477,Nc1ccc2oc(C(=O)NCCC3CCN(Cc4ccccc4)CC3)cc(=O)c2c1,7.3872161432802645,1
CHEMBL4461560,Nc1cccc(Cl)c1Oc1ccc(CNc2cc(Br)cc(Br)c2)cc1,5.0,0
CHEMBL4515603,Nc1cccc(Cl)c1Oc1ccc(CNc2cc(Cl)cc(Cl)c2)cc1,5.0,0
CHEMBL4518298,Nc1cccc(Cl)c1Oc1ccc(CNc2ccc(Br)cc2)cc1,5.0,0
CHEMBL4447438,Nc1cccc(Cl)c1Oc1ccc(CNc2ccc(Cl)cc2)cc1,5.0,0
CHEMBL4448745,Nc1cccc(Cl)c1Oc1ccc(CNc2cccc(Br)c2)cc1,5.0,0
CHEMBL4528790,Nc1cccc(Cl)c1Oc1ccc(CNc2cccc(Cl)c2)cc1,5.0,0
CHEMBL4517373,Nc1cccc(Cl)c1Oc1ccc(CNc2ccccc2)cc1,5.0,0
CHEMBL138442,Nc1cccc2c1C(=O)N(CCC1CCN(Cc3ccccc3)CC1)C2=O,7.958607314841775,1
CHEMBL6150674,Nc1ccccc1C(=O)/C=C/c1ccc(Cl)nc1,4.720789487398605,0
CHEMBL6168950,Nc1ccccc1C(=O)/C=C/c1cccc(Cl)c1Cl,7.096910013008056,1
CHEMBL5639827,Nc1n[nH]c2nc(-c3ccc(Br)cc3)cc(-c3ccc(Br)cc3)c12,6.769551078621726,1
CHEMBL5205489,Nc1nn(-c2c3c(nc4ccc([N+](=O)[O-])cc24)CCCC3)c2ncccc12,7.251811972993799,1
CHEMBL3415643,Nc1oc2ccccc2c(=O)c1/C=C1\COc2ccccc2C1=O,6.568636235841013,1
CHEMBL5422505,O/N=C/c1cc(Br)cc(CN2CCN(c3ccc(C(F)(F)F)cc3)CC2)c1O,3.0,0
CHEMBL5437711,O/N=C/c1cc(Br)cc(CN2CCN(c3ccncc3)CC2)c1O,3.8941493256148565,0
CHEMBL5411077,O/N=C/c1cc(Cl)cc(CN2CCC(c3ccc(F)cc3)CC2)c1O,3.8513973451939068,0
CHEMBL5401627,O/N=C/c1cc(Cl)cc(CN2CCC(c3ccncc3)CC2)c1O,3.5826944167554746,0
CHEMBL5402369,O/N=C/c1cc(Cl)cc(CN2CCN(c3ccc(Br)cc3)CC2)c1O,3.5361070110140926,0
CHEMBL5424871,O/N=C/c1cc(Cl)cc(CN2CCN(c3ccc(C(F)(F)F)cc3)CC2)c1O,3.0,0
CHEMBL5431200,O/N=C/c1cc(Cl)cc(CN2CCN(c3ccc(Cl)cc3)CC2)c1O,3.7456936676687143,0
CHEMBL5412297,O/N=C/c1cc(Cl)cc(CN2CCN(c3ccc(F)cc3)CC2)c1O,3.0,0
CHEMBL5428335,O/N=C/c1cc(Cl)cc(CN2CCN(c3ccc(O)cc3)CC2)c1O,3.405386490839902,0
CHEMBL5415364,O/N=C/c1cc(Cl)cc(CN2CCN(c3ccccc3)CC2)c1O,3.0,0
CHEMBL5403619,O/N=C/c1cc(Cl)cc(CN2CCN(c3ccccc3Cl)CC2)c1O,3.1334763744671563,0
CHEMBL5405601,O/N=C/c1cc(Cl)cc(CN2CCN(c3ccccc3F)CC2)c1O,3.0535968661009454,0
CHEMBL5406473,O/N=C/c1cc(Cl)cc(CN2CCN(c3ccccn3)CC2)c1O,3.6790233226571765,0
CHEMBL4758307,O/N=C/c1cc(Cl)cc(CN2CCN(c3ccncc3)CC2)c1O,3.586644565105912,0
CHEMBL4751296,O/N=C/c1cc(Cl)cc(CNc2ccc(-n3cccn3)cc2)c1O,2.5178413045887234,0
CHEMBL4763394,O/N=C/c1cc(Cl)cc(CNc2ccc(N3CCOCC3)c(F)c2)c1O,2.227898430722988,0
CHEMBL4752528,O/N=C/c1cc(Cl)cc(CNc2ncccc2OCc2ccccc2)c1O,3.0830199526796176,0
CHEMBL5402460,O/N=C/c1cc(F)cc(CN2CCN(c3ccncc3)CC2)c1O,3.6294869104014076,0
CHEMBL1644323,O/N=C/c1cc[n+](CCC[n+]2ccc(-c3ccccc3)cc2)cc1.[Br-].[Br-],3.9507819773298185,0
CHEMBL32778,O/N=C/c1cc[n+](CCC[n+]2ccc(/C=N/O)cc2)cc1,2.8921810861174206,0
CHEMBL426113,O/N=C/c1cc[n+](CCC[n+]2ccc(/C=N/O)cc2)cc1.[Br-].[Br-],3.7772835288524167,0
CHEMBL451635,O/N=C/c1cc[n+](COC[n+]2ccc(/C=N/O)cc2)cc1,2.95252015800064,0
CHEMBL291233,O/N=C/c1cc[n+](COC[n+]2ccc(/C=N/O)cc2)cc1.[Cl-].[Cl-],3.071419246846638,0
CHEMBL5414292,O/N=C/c1cc[n+](COC[n+]2ccccc2/C=N/O)cc1,3.0,0
CHEMBL451825,O/N=C/c1cc[n+](C[n+]2ccc(/C=N/O)cc2)cc1.[Br-].[Br-],2.696803942579511,0
CHEMBL77510,O/N=C/c1ccccn1,3.2518119729937993,0
CHEMBL309131,O/N=C/c1nc(-c2cccc3ccccc23)no1,3.0,0
CHEMBL435763,O/N=C/c1nc(-c2ccccc2)no1,3.0,0
CHEMBL304820,O/N=C/c1nc(-c2cccs2)no1,3.4436974992327127,0
CHEMBL67397,O/N=C/c1nc(-c2ccncc2)no1,3.0,0
CHEMBL3234587,O/N=C/c1nc(CCCCCNc2c3c(nc4ccccc24)CCCC3)ccc1O,6.585026652029182,1
CHEMBL3234590,O/N=C/c1nc(CCCCCSc2c3c(nc4ccccc24)CCCC3)ccc1O,3.5128616245228135,0
CHEMBL70182,O/N=C/c1nc(Cc2ccccc2)no1,3.0,0
CHEMBL3234589,O/N=C/c1ncc(CCCCCNc2c3c(nc4ccccc24)CCCC3)cc1O,6.787812395596042,1
CHEMBL3234592,O/N=C/c1nccc(CCCCCNc2c3c(nc4ccccc24)CCCC3)c1O,7.113509274827518,1
CHEMBL539108,O/N=C\c1cccc[n+]1COCCOC[n+]1ccccc1/C=N/O.[Cl-].[Cl-],3.469032318428085,0
CHEMBL224202,O=C(/C=C/c1c[nH]c2ccccc12)NCCCCCCNc1c2c(nc3cc(Cl)ccc13)CCCC2,7.7447274948966935,1
CHEMBL6147891,O=C(/C=C/c1ccc(-c2ccccc2)cc1)Nc1nc2ccc(O)cc2s1,7.1487416512809245,1
CHEMBL5291052,O=C(/C=C/c1ccc(F)cc1)c1cc(I)c(Br)cc1O,7.959397659885926,1
CHEMBL3290192,O=C(/C=C/c1ccc(N2CCCC2)cc1)/C=C/c1ccc(N2CCCC2)cc1,4.0,0
CHEMBL3290196,O=C(/C=C/c1ccc(N2CCCC2)cc1)C1CCc2ccccc2C1=O,4.0,0
CHEMBL2238282,O=C(/C=C/c1ccc(N2CCCCC2)cc1)c1sccc1Cl,6.795880017344075,1
CHEMBL4793096,O=C(/C=C/c1ccc(OCCCCN2CCC(Cc3ccccc3)CC2)cc1)c1c(O)cc(OCCCCN2CCC(Cc3ccccc3)CC2)cc1O,4.924453038607469,0
CHEMBL4522757,O=C(/C=C/c1ccc(OCc2ccccc2)cc1)NCCNc1c2c(nc3ccccc13)CCCC2,7.217527375833714,1
CHEMBL4533477,O=C(/C=C/c1ccc([N+](=O)[O-])cc1)NCCCCCCNc1c2c(nc3ccccc13)CCCC2,8.568636235841012,1
CHEMBL276473,O=C(/C=C/c1ccccc1)c1ccc(O)cc1,3.3010299956639813,0
CHEMBL7976,O=C(/C=C/c1ccccc1)c1ccccc1,4.549750891680639,0
CHEMBL3261984,O=C(/C=N/O)Nc1ccc[n+](CC[n+]2cccc(NC(=O)/C=N/O)c2)c1.[Br-].[Br-],2.596879478824182,0
CHEMBL3261992,O=C(/C=N/O)Nc1ccc[n+](Cc2ccc(C[n+]3cccc(NC(=O)/C=N/O)c3)cc2)c1.[Br-].[Br-],2.6777807052660805,0
CHEMBL3261991,O=C(/C=N/O)Nc1ccc[n+](Cc2cccc(C[n+]3cccc(NC(=O)/C=N/O)c3)c2)c1.[Br-].[Br-],2.7772835288524167,0
CHEMBL3261990,O=C(/C=N/O)Nc1ccc[n+](Cc2ccccc2C[n+]2cccc(NC(=O)/C=N/O)c2)c1.[Br-].[Br-],2.769551078621726,0
CHEMBL3261989,O=C(/C=N\O)Nc1ccc[n+](CCCCCCC[n+]2cccc(NC(=O)/C=N\O)c2)c1.[Br-].[Br-],3.0315170514460648,0
CHEMBL3261988,O=C(/C=N\O)Nc1ccc[n+](CCCCCC[n+]2cccc(NC(=O)/C=N\O)c2)c1.[Br-].[Br-],2.844663962534938,0
CHEMBL3261987,O=C(/C=N\O)Nc1ccc[n+](CCCCC[n+]2cccc(NC(=O)/C=N\O)c2)c1.[Br-].[Br-],2.7471469690201067,0
CHEMBL3261986,O=C(/C=N\O)Nc1ccc[n+](CCCC[n+]2cccc(NC(=O)/C=N\O)c2)c1.[Br-].[Br-],2.9746941347352296,0
CHEMBL3261985,O=C(/C=N\O)Nc1ccc[n+](CCC[n+]2cccc(NC(=O)/C=N\O)c2)c1.[Br-].[Br-],2.9706162223147903,0
CHEMBL189886,O=C(C(=O)c1ccccc1)c1ccccc1,4.0,0
CHEMBL4562793,O=C(CCC1CCN(CC2CCCC2)CC1)c1ccc2[nH]ccc2c1,7.026872146400302,1
CHEMBL4444843,O=C(CCC1CCN(CC2CCCCC2)CC1)c1cc(Cl)c2[nH]ccc2c1,7.540607512240769,1
CHEMBL4529710,O=C(CCC1CCN(CC2CCCCC2)CC1)c1ccc2[nH]ccc2c1,7.292429823902063,1
CHEMBL4578844,O=C(CCC1CCN(CC2CCCCC2)CC1)c1ccc2c(ccn2Cc2ccccc2)c1,6.876148359032914,1
CHEMBL1651135,O=C(CCC1CCN(Cc2ccc(Cl)cc2)CC1)c1cc2c3c(ccn3C(=O)CC2)c1,6.819988880942282,1
CHEMBL1651248,O=C(CCC1CCN(Cc2ccc(F)cc2)CC1)c1cc2c3c(ccn3C(=O)CC2)c1,8.33998877871067,1
CHEMBL74832,O=C(CCC1CCN(Cc2ccc(F)cc2)CC1)c1ccc2c(c1)CCN2,7.050609993355087,1
CHEMBL1651249,O=C(CCC1CCN(Cc2ccc(O)cc2)CC1)c1cc2c3c(ccn3C(=O)CC2)c1,9.309981219211304,1
CHEMBL1651250,O=C(CCC1CCN(Cc2ccc([N+](=O)[O-])cc2)CC1)c1cc2c3c(ccn3C(=O)CC2)c1,7.36997914888659,1
CHEMBL1651134,O=C(CCC1CCN(Cc2cccc(Cl)c2)CC1)c1cc2c3c(ccn3C(=O)CC2)c1,8.309981219211304,1
CHEMBL74809,O=C(CCC1CCN(Cc2cccc(Cl)c2)CC1)c1ccc2c(c1)CCN2,7.229147988357855,1
CHEMBL1651132,O=C(CCC1CCN(Cc2cccc(F)c2)CC1)c1cc2c3c(ccn3C(=O)CC2)c1,8.890084136976206,1
CHEMBL308807,O=C(CCC1CCN(Cc2cccc(F)c2)CC1)c1ccc2c(c1)CCN2,7.795880017344075,1
CHEMBL308093,O=C(CCC1CCN(Cc2cccc(F)c2)CC1)c1ccc2c(c1)NCCCC2,6.838631997765025,1
CHEMBL1651140,O=C(CCC1CCN(Cc2cccc(O)c2)CC1)c1cc2c3c(ccn3C(=O)CC2)c1,8.059981844992336,1
CHEMBL1651243,O=C(CCC1CCN(Cc2cccc([N+](=O)[O-])c2)CC1)c1cc2c3c(ccn3C(=O)CC2)c1,8.54000474395261,1
CHEMBL310918,O=C(CCC1CCN(Cc2cccc([N+](=O)[O-])c2)CC1)c1ccc2c(c1)CCN2,7.1938200260161125,1
CHEMBL1651129,O=C(CCC1CCN(Cc2ccccc2)CC1)c1cc2c3c(c1)CC(=O)N3CCC2,8.439973751087107,1
CHEMBL1651244,O=C(CCC1CCN(Cc2ccccc2)CC1)c1cc2c3c(c1)CCC(=O)N3CCC2,7.79997073344623,1
CHEMBL1651130,O=C(CCC1CCN(Cc2ccccc2)CC1)c1cc2c3c(c1)CCN3C(=O)CC2,8.010016541698601,1
CHEMBL1651245,O=C(CCC1CCN(Cc2ccccc2)CC1)c1cc2c3c(c1)CCN3C(=O)CCC2,7.280006173632396,1
CHEMBL1082436,O=C(CCC1CCN(Cc2ccccc2)CC1)c1ccc2[nH]c(-c3ccccc3)nc2c1,7.481486060122112,1
CHEMBL4585990,O=C(CCC1CCN(Cc2ccccc2)CC1)c1ccc2[nH]ccc2c1,7.876148359032914,1
CHEMBL75157,O=C(CCC1CCN(Cc2ccccc2)CC1)c1ccc2c(c1)CCCCN2,6.903089986991944,1
CHEMBL1083661,O=C(CCC1CCN(Cc2ccccc2)CC1)c1ccc2c(c1)CCCN2,7.228787726885596,1
CHEMBL1083662,O=C(CCC1CCN(Cc2ccccc2)CC1)c1ccc2c(c1)CCCN2c1ccccc1,7.267606240177032,1
CHEMBL75110,O=C(CCC1CCN(Cc2ccccc2)CC1)c1ccc2c(c1)CCN2,7.489488088984207,1
CHEMBL1085858,O=C(CCC1CCN(Cc2ccccc2)CC1)c1ccc2c(c1)CCN2c1ccccc1,7.167491087293763,1
CHEMBL1651127,O=C(CCC1CCN(Cc2ccccc2)CC1)c1ccc2c(c1)CCNCC2,7.599980364934842,1
CHEMBL1651126,O=C(CCC1CCN(Cc2ccccc2)CC1)c1ccc2c(c1)CNCCC2,7.6399749108106025,1
CHEMBL1651128,O=C(CCC1CCN(Cc2ccccc2)CC1)c1ccc2c(c1)CNCCO2,7.400007822415902,1
CHEMBL1651125,O=C(CCC1CCN(Cc2ccccc2)CC1)c1ccc2c(c1)NC(c1ccccc1)N2,7.4800408192479315,1
CHEMBL74359,O=C(CCC1CCN(Cc2ccccc2)CC1)c1ccc2c(c1)NCC2,6.94692155651658,1
CHEMBL73593,O=C(CCC1CCN(Cc2ccccc2)CC1)c1ccc2c(c1)NCCC2,6.782576362897683,1
CHEMBL75013,O=C(CCC1CCN(Cc2ccccc2)CC1)c1ccc2c(c1)NCCCC2,6.670346643203221,1
CHEMBL74698,O=C(CCC1CCN(Cc2ccccc2)CC1)c1ccc2c(c1)NCCCCC2,6.896196279044043,1
CHEMBL1196495,O=C(CCC1CCN(Cc2ccccc2)CC1)c1ccc2c(c1)OCCO2,7.519993057042849,1
CHEMBL1082434,O=C(CCC1CCN(Cc2ccccc2)CC1)c1ccc2c(c1)OCO2,7.522878745280337,1
CHEMBL1082433,O=C(CCC1CCN(Cc2ccccc2)CC1)c1ccccc1,6.517846608848032,1
CHEMBL1651133,O=C(CCC1CCN(Cc2ccccc2Cl)CC1)c1cc2c3c(ccn3C(=O)CC2)c1,8.289967300934247,1
CHEMBL306175,O=C(CCC1CCN(Cc2ccccc2Cl)CC1)c1ccc2c(c1)CCN2,7.119186407719209,1
CHEMBL1651131,O=C(CCC1CCN(Cc2ccccc2F)CC1)c1cc2c3c(ccn3C(=O)CC2)c1,8.599980364934842,1
CHEMBL73974,O=C(CCC1CCN(Cc2ccccc2F)CC1)c1ccc2c(c1)CCN2,7.366531544420414,1
CHEMBL1651139,O=C(CCC1CCN(Cc2ccccc2O)CC1)c1cc2c3c(ccn3C(=O)CC2)c1,8.96018944585165,1
CHEMBL1651141,O=C(CCC1CCN(Cc2ccccc2[N+](=O)[O-])CC1)c1cc2c3c(ccn3C(=O)CC2)c1,7.0499760934766735,1
CHEMBL4060617,O=C(CCCC1CCSS1)NCCCNc1c2c(nc3cc(Cl)ccc13)CCCC2,6.5968794788241825,1
CHEMBL195067,O=C(CCCCC1CCSS1)NCCCCCCCNc1c2c(nc3ccccc13)CCCC2,7.485452247339714,1
CHEMBL278963,O=C(CCCCC1CCSS1)NCCCCCCNc1c2c(nc3ccccc13)CCCC2,7.521433504406157,1
CHEMBL425739,O=C(CCCCC1CCSS1)NCCCCCNc1c2c(nc3ccccc13)CCCC2,7.4156687756324695,1
CHEMBL424833,O=C(CCCCC1CCSS1)NCCCCNc1c2c(nc3ccccc13)CCCC2,7.453457336521869,1
CHEMBL194823,O=C(CCCCC1CCSS1)NCCCNc1c2c(nc3cc(Cl)ccc13)CCCC2,8.286299172863218,1
CHEMBL195179,O=C(CCCCC1CCSS1)NCCCNc1c2c(nc3ccccc13)CCCC2,8.157390760389438,1
CHEMBL192682,O=C(CCCCC1CCSS1)NCCNc1c2c(nc3ccccc13)CCCC2,7.013228265733755,1
CHEMBL3818374,O=C(CCCCCCCCc1ccc(O)c(O)c1)c1c(O)ccc(C(CCCCCCCCc2ccc(O)c(O)c2)c2c(O)cccc2O)c1O,4.897566294318664,0
CHEMBL3819024,O=C(CCCCCCCCc1ccc(O)c(O)c1)c1c(O)ccc(C(CCCCCCCCc2ccc(O)cc2)c2c(O)cccc2O)c1O,4.513286224017515,0
CHEMBL4590945,O=C(CCCCCCCNc1c2c(nc3cc(Cl)cc(Cl)c13)CCCC2)NCCc1c[nH]c2ccccc12,14.301029995663981,1
CHEMBL4579667,O=C(CCCCCCCNc1c2c(nc3ccccc13)CCCC2)NCCc1c[nH]c2ccc(O)cc12,14.301029995663981,1
CHEMBL4556734,O=C(CCCCCCCNc1c2c(nc3ccccc13)CCCC2)NCCc1c[nH]c2ccccc12,14.301029995663981,1
CHEMBL199585,O=C(CCCCCCNc1c2c(nc3cc(Cl)cc(Cl)c13)CCCC2)NCCc1c[nH]c2ccccc12,12.164950007226699,1
CHEMBL381499,O=C(CCCCCCNc1c2c(nc3cc(Cl)ccc13)CCCC2)NCCc1c[nH]c2ccccc12,12.15051499783199,1
CHEMBL4589980,O=C(CCCCCCNc1c2c(nc3cccc(Cl)c13)CCCC2)NCCc1c[nH]c2ccccc12,11.096910013008056,1
CHEMBL199670,O=C(CCCCCCNc1c2c(nc3ccccc13)CCCC2)NCCc1c[nH]c2ccccc12,11.801029995663981,1
CHEMBL4763981,O=C(CCCCCN1CCC2c3ccccc3NC2C1)Nc1ccc(/C=C2\CCn3c2nc2ccccc2c3=O)cc1,6.8145995168095475,1
CHEMBL4750451,O=C(CCCCCN1CCC2c3ccccc3NC2C1)Oc1ccc(/C=C2\CCn3c2nc2ccccc2c3=O)cc1,7.969805214643249,1
CHEMBL4448350,O=C(CCCCCNc1c2c(nc3c(Cl)cccc13)CCCC2)NCCc1c[nH]c2ccccc12,14.301029995663981,1
CHEMBL199538,O=C(CCCCCNc1c2c(nc3cc(Cl)cc(Cl)c13)CCCC2)NCCc1c[nH]c2ccccc12,14.301029995663981,1
CHEMBL383663,O=C(CCCCCNc1c2c(nc3cc(Cl)ccc13)CCCC2)NCCc1c[nH]c2ccccc12,14.301029995663981,1
CHEMBL4448188,O=C(CCCCCNc1c2c(nc3cc(Cl)ccc13)CCCC2)NCCc1cc2ccccc2[nH]1,9.136677139879543,1
CHEMBL4543251,O=C(CCCCCNc1c2c(nc3ccc(F)cc13)CCCC2)NCCc1c[nH]c2ccccc12,14.301029995663981,1
CHEMBL202661,O=C(CCCCCNc1c2c(nc3cccc(Cl)c13)CCCC2)NCCc1c[nH]c2ccccc12,9.060480747381382,1
CHEMBL370807,O=C(CCCCCNc1c2c(nc3ccccc13)CCCC2)NCCc1c[nH]c2ccc(O)cc12,11.823908740944319,1
CHEMBL199861,O=C(CCCCCNc1c2c(nc3ccccc13)CCCC2)NCCc1c[nH]c2ccccc12,14.301029995663981,1
CHEMBL4781157,O=C(CCCCN1CCC2c3ccccc3NC2C1)Nc1ccc(/C=C2\CCn3c2nc2ccccc2c3=O)cc1,7.007446482167865,1
CHEMBL4791642,O=C(CCCCN1CCC2c3ccccc3NC2C1)Oc1ccc(/C=C2\CCn3c2nc2ccccc2c3=O)cc1,8.96657624451305,1
CHEMBL5574923,O=C(CCCCN1CCN(Cc2ccccc2)CC1)Nc1ccc2nc3n(c(=O)c2c1)CCC3,8.482804102050025,1
CHEMBL4462369,O=C(CCCCNc1c2c(nc3cc(Cl)ccc13)CCCC2)NC12CC3CC(F)(CC(C1)c1ccccc13)C2,8.886056647693163,1
CHEMBL4443426,O=C(CCCCNc1c2c(nc3ccccc13)CCCC2)NCCc1c[nH]c2ccccc12,14.301029995663981,1
CHEMBL1912059,O=C(CCCC[C@@H]1CCSS1)NCCCNc1c2c(nc3cc(Cl)ccc13)CCCC2,9.638272163982407,1
CHEMBL1912058,O=C(CCCC[C@H]1CCSS1)NCCCNc1c2c(nc3cc(Cl)ccc13)CCCC2,9.326979092871104,1
CHEMBL1912060,O=C(CCCCc1cccs1)NCCCNc1c2c(nc3cc(Cl)ccc13)CCCC2,8.575118363368933,1
CHEMBL4742248,O=C(CCCN1CCC2c3ccccc3NC2C1)Oc1ccc(/C=C2\CCn3c2nc2ccccc2c3=O)cc1,7.781464494783472,1
CHEMBL4438626,O=C(CCCNc1c2c(nc3cc(Cl)ccc13)CCCC2)NC12CC3CC(F)(CC(C1)c1ccccc13)C2,8.853871964321762,1
CHEMBL238230,O=C(CCCNc1c2c(nc3ccccc13)CCCC2)CCCNc1c2c(nc3ccccc13)CCCC2,8.73754891026957,1
CHEMBL3235502,O=C(CCCOc1cccc2[nH]c3ccccc3c12)NCCCNc1c2c(nc3ccccc13)CCCC2,6.6529168520334006,1
CHEMBL427082,O=C(CCCc1c[nH]c2ccccc12)NCCCCCCNc1c2c(nc3cc(Cl)ccc13)CCCC2,9.301029995663981,1
CHEMBL225021,O=C(CCCc1c[nH]c2ccccc12)NCCCCCNc1c2c(nc3cc(Cl)ccc13)CCCC2,8.369301799103173,1
CHEMBL4757466,O=C(CCN1CCC2c3ccccc3NC2C1)Nc1ccc(/C=C2\CCn3c2nc2ccccc2c3=O)cc1,8.010995384301463,1
CHEMBL4755968,O=C(CCN1CCC2c3ccccc3NC2C1)Oc1ccc(/C=C2\CCn3c2nc2ccccc2c3=O)cc1,9.031517051446064,1
CHEMBL5278053,O=C(CCN1CCCC1)Nc1ccc2c(c1)CN1CCc3c([nH]c4ccccc34)C1=N2,7.5376020021010435,1
CHEMBL2064404,O=C(CCN1CCCCC1)N1CCN(CCNc2c3c(nc4ccccc24)CCCC3)CC1,7.286509456906058,1
CHEMBL5173038,O=C(CCN1CCCCC1)Nc1ccc2nc(-c3cc4ccccc4[nH]3)[nH]c(=O)c2c1,7.678401569534656,1
CHEMBL5199487,O=C(CCN1CCN(Cc2ccccc2)CC1)Nc1n[nH]c2ncccc12,7.468521082957745,1
CHEMBL5183077,O=C(CCN1CCN(c2ccccc2)CC1)Nc1n[nH]c2ncccc12,6.638272163982407,1
CHEMBL5194732,O=C(CCN1CCOCC1)Nc1n[nH]c2ncccc12,6.560667306169737,1
CHEMBL2064471,O=C(CCNCCNc1c2c(nc3ccccc13)CCCC2)N1CCN(CCNc2c3c(nc4ccccc24)CCCC3)CC1,8.347753658996677,1
CHEMBL1084545,O=C(CCOCCc1c[nH]c2ccccc12)NCCCCCCCNc1c2c(nc3cc(Cl)ccc13)CCCC2,8.522878745280337,1
CHEMBL1084544,O=C(CCOCCc1c[nH]c2ccccc12)NCCCCCCNc1c2c(nc3cc(Cl)ccc13)CCCC2,9.154901959985743,1
CHEMBL1086007,O=C(CCOCCc1c[nH]c2ccccc12)NCCCCCNc1c2c(nc3cc(Cl)ccc13)CCCC2,8.823908740944319,1
CHEMBL272230,O=C(CCO[N+](=O)[O-])NCCCCNc1c2c(nc3ccccc13)CCCC2,7.34008379993015,1
CHEMBL269863,O=C(CCO[N+](=O)[O-])NCCCNc1c2c(nc3ccccc13)CCCC2,7.031517051446065,1
CHEMBL4064686,O=C(CC[C@@H](NC(=O)c1ccccc1)C(=O)O)NCCC1CCN(Cc2ccccc2)CC1,4.698970004336019,0
CHEMBL1084263,O=C(CCc1c[nH]c2ccccc12)NCCCCCCCCCCNc1c2c(nc3cc(Cl)ccc13)CCCC2,7.6595558851598815,1
CHEMBL1084262,O=C(CCc1c[nH]c2ccccc12)NCCCCCCCCCNc1c2c(nc3cc(Cl)ccc13)CCCC2,8.356547323513812,1
CHEMBL389192,O=C(CCc1c[nH]c2ccccc12)NCCCCCCCCNc1c2c(nc3cc(Cl)ccc13)CCCC2,9.301029995663981,1
CHEMBL225198,O=C(CCc1c[nH]c2ccccc12)NCCCCCCCNc1c2c(nc3cc(Cl)ccc13)CCCC2,7.7971062485323515,1
CHEMBL1083984,O=C(CCc1c[nH]c2ccccc12)NCCCCCCCNc1c2c(nc3ccccc13)CCCC2,10.221848749616356,1
CHEMBL225567,O=C(CCc1c[nH]c2ccccc12)NCCCCCCNc1c2c(nc3cc(Cl)ccc13)CCCC2,8.06295299324845,1
CHEMBL1083983,O=C(CCc1c[nH]c2ccccc12)NCCCCCCNc1c2c(nc3ccccc13)CCCC2,10.698970004336019,1
CHEMBL224335,O=C(CCc1c[nH]c2ccccc12)NCCCCCNc1c2c(nc3cc(Cl)ccc13)CCCC2,8.397940008672037,1
CHEMBL224158,O=C(CCc1c[nH]c2ccccc12)NCCCCCNc1c2c(nc3ccccc13)CCCC2,7.154901959985743,1
CHEMBL363455,O=C(CCc1cc[n+](Cc2ccccc2)cc1)c1ccc2c(c1)OCO2,6.619788758288394,1
CHEMBL1194487,O=C(CCc1ccc2nc(-c3ccccc3)c3c(c2c1)OCCC3)NCCCCCCCCNc1c2c(nc3cc(Cl)ccc13)CCCC2,7.853871964321762,1
CHEMBL1194486,O=C(CCc1ccc2nc(-c3ccccc3)c3c(c2c1)OCCC3)NCCCCCCCNc1c2c(nc3cc(Cl)ccc13)CCCC2,7.943095148663527,1
CHEMBL1195130,O=C(CCc1ccc2nc(-c3ccccc3)c3c(c2c1)OCCC3)NCCCCCCNc1c2c(nc3cc(Cl)ccc13)CCCC2,7.954677021213342,1
CHEMBL4776843,O=C(CN1CCC2c3ccccc3NC2C1)Oc1ccc(/C=C2\CCn3c2nc2ccccc2c3=O)cc1,6.664863174628375,1
CHEMBL1098308,O=C(CN1CCCCC1)Nc1ccc2nc3c4[nH]c5ccccc5c4ccn3c(=O)c2c1,7.998485264723191,1
CHEMBL4795221,O=C(CN1CCN(C(=O)c2ccc(Br)cc2)CC1)N1CCN(CCCc2c[nH]c3ccc(F)cc23)CC1,4.404503778174426,0
CHEMBL4800589,O=C(CN1CCN(C(=O)c2ccc(Br)cc2)CC1)N1CCN(CCCc2c[nH]c3ccccc23)CC1,4.447331783887806,0
CHEMBL4796328,O=C(CN1CCN(C(=O)c2ccc(Cl)cc2)CC1)N1CCN(CCCc2c[nH]c3ccc(F)cc23)CC1,4.651695136951839,0
CHEMBL4789608,O=C(CN1CCN(C(=O)c2ccc(Cl)cc2)CC1)N1CCN(CCCc2c[nH]c3ccccc23)CC1,4.453457336521869,0
CHEMBL4784248,O=C(CN1CCN(C(=O)c2ccc(F)cc2)CC1)N1CCN(CCCc2c[nH]c3ccccc23)CC1,4.404503778174426,0
CHEMBL4786300,O=C(CN1CCN(C(=O)c2cccc(Br)c2)CC1)N1CCN(CCCc2c[nH]c3ccc(F)cc23)CC1,4.428291168191312,0
CHEMBL4798408,O=C(CN1CCN(C(=O)c2cccc(Br)c2)CC1)N1CCN(CCCc2c[nH]c3ccccc23)CC1,4.638272163982407,0
CHEMBL4781245,O=C(CN1CCN(C(=O)c2cccc(Cl)c2)CC1)N1CCN(CCCc2c[nH]c3ccc(F)cc23)CC1,4.735182176990463,0
CHEMBL4786386,O=C(CN1CCN(C(=O)c2cccc(Cl)c2)CC1)N1CCN(CCCc2c[nH]c3ccccc23)CC1,4.489454989793388,0
CHEMBL4798858,O=C(CN1CCN(C(=O)c2cccc(F)c2)CC1)N1CCN(CCCc2c[nH]c3ccc(F)cc23)CC1,4.301029995663981,0
CHEMBL4780578,O=C(CN1CCN(C(=O)c2cccc(F)c2)CC1)N1CCN(CCCc2c[nH]c3ccccc23)CC1,4.301029995663981,0
CHEMBL4797232,O=C(CN1CCN(C(=O)c2ccccc2)CC1)N1CCN(CCCc2c[nH]c3ccc(F)cc23)CC1,4.301029995663981,0
CHEMBL4793718,O=C(CN1CCN(C(=O)c2ccccc2)CC1)N1CCN(CCCc2c[nH]c3ccccc23)CC1,4.301029995663981,0
CHEMBL4777782,O=C(CN1CCN(C(=O)c2ccccc2Br)CC1)N1CCN(CCCc2c[nH]c3ccc(F)cc23)CC1,4.47755576649368,0
CHEMBL4790454,O=C(CN1CCN(C(=O)c2ccccc2F)CC1)N1CCN(CCCc2c[nH]c3ccccc23)CC1,4.694648630553377,0
CHEMBL5174183,O=C(CN1CCN(Cc2ccccc2)CC1)Nc1n[nH]c2ncccc12,6.521433504406157,1
CHEMBL4210020,O=C(CNCCCc1ccccc1)Nc1ccc2nc3n(c(=O)c2c1)CCC3,8.388276691992658,1
CHEMBL4207101,O=C(CNCc1cc(F)cc(F)c1)Nc1ccc2nc3n(c(=O)c2c1)CCC3,8.118615343229427,1
CHEMBL4214932,O=C(CNCc1ccccc1)Nc1ccc2nc3n(c(=O)c2c1)CCC3,6.636388020107856,1
CHEMBL4218829,O=C(CNCc1ccccc1[N+](=O)[O-])Nc1ccc2nc3n(c(=O)c2c1)CCC3,7.512861624522813,1
CHEMBL4515881,O=C(CNc1ccc(F)cc1)Nc1ccc2oc(=O)ccc2c1,7.2076083105017466,1
CHEMBL4467130,O=C(CNc1ccc2oc(=O)ccc2c1)N1CCN(c2ccccc2)CC1,7.096910013008056,1
CHEMBL4473727,O=C(CNc1ccc2oc(=O)ccc2c1)N1CCOCC1,7.431798275933005,1
CHEMBL4445907,O=C(CNc1ccc2oc(=O)ccc2c1)c1ccccc1,6.8297382846050425,1
CHEMBL260964,O=C(CO/N=[N+](\[O-])N1CCCC1)NCCCCNc1c2c(nc3ccccc13)CCCC2,7.294992040666664,1
CHEMBL273051,O=C(CO/N=[N+](\[O-])N1CCCC1)NCCCNc1c2c(nc3ccccc13)CCCC2,7.449771646944906,1
CHEMBL273078,O=C(CO[N+](=O)[O-])NCCCCNc1c2c(nc3ccccc13)CCCC2,7.645891560852599,1
CHEMBL269865,O=C(CO[N+](=O)[O-])NCCCNc1c2c(nc3ccccc13)CCCC2,7.549750891680639,1
CHEMBL5195980,O=C(COc1cc(F)ccc1[N+](=O)[O-])NCC1CCN(Cc2ccccc2)CC1,6.987162775294828,1
CHEMBL5189408,O=C(COc1cc(F)ccc1[N+](=O)[O-])NCCN1CCN(Cc2ccccc2)CC1,8.55284196865778,1
CHEMBL4284506,O=C(COc1ccc(-c2ccccc2)cc1)N1CCC(N2CCOCC2)CC1,4.031517051446065,0
CHEMBL4277357,O=C(COc1ccc(-c2ccccc2)cc1)NCCCN1CCCCC1,4.2441251443275085,0
CHEMBL5182803,O=C(COc1ccc(CCc2ccccc2)cc1)NCC1CCN(Cc2ccccc2)CC1,6.8696662315049934,1
CHEMBL5169781,O=C(COc1ccc(Cl)cc1)NCCN1CCN(Cc2ccccc2)CC1,6.723538195826756,1
CHEMBL1459580,O=C(COc1ccc(Cl)cc1Cl)Nc1ccc(CN2CCCCC2)cc1,7.522878745280337,1
CHEMBL5207120,O=C(COc1ccc(Cl)cc1[N+](=O)[O-])NCC1CCN(Cc2ccccc2)CC1,6.913640169325252,1
CHEMBL5185868,O=C(COc1ccc(Cl)cc1[N+](=O)[O-])NCCN1CCN(Cc2ccccc2)CC1,9.096910013008056,1
CHEMBL4289086,O=C(COc1ccc(I)cc1)NCCCN1CCCCC1,4.886056647693163,0
CHEMBL5193520,O=C(COc1ccc([N+](=O)[O-])cc1)NCCN1CCN(Cc2ccccc2)CC1,7.376750709602099,1
CHEMBL3931517,O=C(COc1ccccc1)N1CCN(C2CCN(Cc3ccccc3)CC2)CC1,4.366531544420414,0
CHEMBL5209013,O=C(COc1ccccc1C(F)(F)F)NCCN1CCN(Cc2ccccc2)CC1,6.866461091629782,1
CHEMBL2332540,O=C(C[C@H]1C[C@H]2CCCN2[C@]12C(=O)Nc1ccccc12)N1C/C(=C\c2ccc(F)cc2)C(=O)[C@]2(C[C@H]3CCCN3[C@@]23C(=O)Nc2ccccc23)C1,4.625801742070918,0
CHEMBL2332532,O=C(C[C@H]1C[C@H]2CCCN2[C@]12C(=O)Nc1ccccc12)N1C/C(=C\c2cccc([N+](=O)[O-])c2)C(=O)[C@]2(C[C@H]3CCCN3[C@@]23C(=O)Nc2ccccc23)C1,4.575118363368933,0
CHEMBL2332981,O=C(C[C@H]1C[C@H]2CCCN2[C@]12C(=O)Nc1ccccc12)N1C/C(=C\c2cccc3ccccc23)C(=O)[C@]2(C[C@H]3CCCN3[C@@]23C(=O)Nc2ccccc23)C1,4.685500772026848,0
CHEMBL2332544,O=C(C[C@H]1C[C@H]2CCCN2[C@]12C(=O)Nc1ccccc12)N1C/C(=C\c2ccccc2)C(=O)[C@]2(C[C@H]3CCCN3[C@@]23C(=O)Nc2ccccc23)C1,4.706637445288554,0
CHEMBL2332534,O=C(C[C@H]1C[C@H]2CCCN2[C@]12C(=O)Nc1ccccc12)N1C/C(=C\c2ccccc2Cl)C(=O)[C@]2(C[C@H]3CCCN3[C@@]23C(=O)Nc2ccccc23)C1,4.86518562967954,0
CHEMBL2332533,O=C(C[C@H]1C[C@H]2CCCN2[C@]12C(=O)Nc1ccccc12)N1C/C(=C\c2ccccc2F)C(=O)[C@]2(C[C@H]3CCCN3[C@@]23C(=O)Nc2ccccc23)C1,4.609418121449565,0
CHEMBL3597941,O=C(C[n+]1ccc(/C=N/O)cc1)Nc1nc(-c2ccccc2)cs1.[Cl-],3.00436480540245,0
CHEMBL3597939,O=C(C[n+]1ccc(/C=N/O)cc1)Nc1nccs1.[Cl-],2.6270879970298933,0
CHEMBL5426401,O=C(C[n+]1ccc2ccccc2c1)Nc1ccccc1Br.[Cl-],4.886056647693163,0
CHEMBL3313966,O=C(C[n+]1ccccc1)N/N=C/c1ccc(/C=N/NC(=O)C[n+]2ccccc2)cc1.[Cl-].[Cl-],8.638272163982407,1
CHEMBL225326,O=C(Cc1c[nH]c2ccc(Br)cc12)NCCCCCCCNc1c2c(nc3cc(Cl)ccc13)CCCC2,7.894676551514361,1
CHEMBL223443,O=C(Cc1c[nH]c2ccccc12)NCCCCCCCNc1c2c(nc3cc(Cl)ccc13)CCCC2,8.258230239424712,1
CHEMBL4448634,O=C(Cc1c[nH]c2ccccc12)NCc1cn(CC2CCN(Cc3ccccc3)CC2)nn1,5.0,0
CHEMBL3322162,O=C(Cc1cc(=O)oc2cc(O)ccc12)N/N=C1\SCC(=O)N1c1c2c(nc3ccccc13)CCCC2,4.804100347590766,0
CHEMBL3322160,O=C(Cc1cc(=O)oc2cc(O)ccc12)NCCCCNc1c2c(nc3ccccc13)CCCC2,7.8124792791635365,1
CHEMBL4514959,O=C(Cc1cc(=O)oc2cc(O)ccc12)NCCCNCCNCCCNc1c2c(nc3ccccc13)CCCC2,7.42021640338319,1
CHEMBL3322159,O=C(Cc1cc(=O)oc2cc(O)ccc12)NCCCNc1c2c(nc3ccccc13)CCCC2,6.557520230935552,1
CHEMBL4565602,O=C(Cc1ccc(Cl)cc1)n1nc(OCCCN2CCCCC2)c2ccccc21,5.0,0
CHEMBL5194728,O=C(Cn1nc2ncccc2c1NC(=O)Cn1nc2ncccc2c1NC(=O)CN1CCN(Cc2ccccc2)CC1)Nc1[nH]nc2ncccc12,4.743763466794077,0
CHEMBL6141819,O=C(N/N=C/c1ccc([N+](=O)[O-])cc1)c1ccc(Cl)nc1,7.698970004336019,1
CHEMBL4758274,O=C(N/N=C/c1ccccc1O)N1CCN(c2ccccn2)CC1,5.0,0
CHEMBL130628,O=C(N1CCCCC1)n1nc(-c2ccc(Cl)cc2)nc1SCC(F)(F)F,6.522878745280337,1
CHEMBL336398,O=C(N1CCCCC1)n1nc(-c2ccc(Cl)cc2)nc1SCC1CC1,7.0,1
CHEMBL134061,O=C(N1CCOCC1)n1nc(-c2ccc(Cl)cc2)nc1SCC(F)(F)F,4.301029995663981,0
CHEMBL4849828,O=C(NC1CCN(Cc2ccc(F)cc2)CC1)c1cncc(NC(=O)c2ccnc3[nH]ccc23)c1,6.6439741428068775,1
CHEMBL4294609,O=C(NCCC1CCN(Cc2ccccc2)CC1)c1cc(=O)c2cc(O)ccc2[nH]1,6.522878745280337,1
CHEMBL4291296,O=C(NCCC1CCN(Cc2ccccc2)CC1)c1cc(=O)c2cc(O)ccc2o1,7.040958607678906,1
CHEMBL4277548,O=C(NCCC1CCN(Cc2ccccc2)CC1)c1cc(=O)c2cc([N+](=O)[O-])ccc2o1,7.6777807052660805,1
CHEMBL4286799,O=C(NCCC1CCN(Cc2ccccc2)CC1)c1cc(=O)c2ccccc2o1,6.958607314841775,1
CHEMBL4284165,O=C(NCCCC1CCN(Cc2ccccc2)CC1)c1cc(=O)c2cc(O)ccc2o1,7.638272163982407,1
CHEMBL223714,O=C(NCCCCCCCCNc1c2c(nc3cc(Cl)ccc13)CCCC2)c1c[nH]c2ccccc12,7.337242168318426,1
CHEMBL1196204,O=C(NCCCCCCCCNc1c2c(nc3cc(Cl)ccc13)CCCC2)c1ccc2nc(-c3ccc(Cl)cc3)c3c(c2c1)OCCC3,7.933743682986201,1
CHEMBL5593954,O=C(NCCCCCCCCNc1c2c(nc3ccccc13)CCCC2)c1ccccc1O,6.649751981665837,1
CHEMBL388627,O=C(NCCCCCCCNc1c2c(nc3cc(Cl)ccc13)CCCC2)c1c[nH]c2ccccc12,7.443697499232712,1
CHEMBL1190127,O=C(NCCCCCCCNc1c2c(nc3cc(Cl)ccc13)CCCC2)c1ccc2nc(-c3ccc(Cl)cc3)c3c(c2c1)OCCC3,7.73754891026957,1
CHEMBL388615,O=C(NCCCCCCCNc1c2c(nc3cc(Cl)ccc13)CCCC2)c1n[nH]c2ccccc12,7.022276394711152,1
CHEMBL3754291,O=C(NCCCCCCCNc1c2c(nc3ccccc13)CCC2)c1cc2ccccc2o1,7.313363730737707,1
CHEMBL3751866,O=C(NCCCCCCCNc1c2c(nc3ccccc13)CCCC2)c1cc2ccccc2o1,7.114073660198569,1
CHEMBL4163781,O=C(NCCCCCCNCc1ccc2ccccc2c1)c1cc(Cl)nc(Cl)c1,4.001304841688344,0
CHEMBL5563794,O=C(NCCCCCCNc1c2c(nc3cc(Br)ccc13)CCCC2)Oc1ccc(-c2cc3cccnc3[nH]2)cc1,7.259400487188843,1
CHEMBL5594287,O=C(NCCCCCCNc1c2c(nc3cc(Br)ccc13)CCCC2)Oc1ccc2cc[nH]c2c1,6.946498997613585,1
CHEMBL5566825,O=C(NCCCCCCNc1c2c(nc3cc(Cl)ccc13)CCCC2)Oc1ccc(-c2cc3cccnc3[nH]2)cc1,7.189028600177792,1
CHEMBL5563760,O=C(NCCCCCCNc1c2c(nc3cc(Cl)ccc13)CCCC2)Oc1ccc2cc[nH]c2c1,6.816104084614389,1
CHEMBL224998,O=C(NCCCCCCNc1c2c(nc3cc(Cl)ccc13)CCCC2)c1c[nH]c2ccccc12,7.481486060122112,1
CHEMBL5562554,O=C(NCCCCCCNc1c2c(nc3cc(F)ccc13)CCCC2)Oc1ccc(-c2cc3cccnc3[nH]2)cc1,7.517841304588724,1
CHEMBL5575441,O=C(NCCCCCCNc1c2c(nc3cc(F)ccc13)CCCC2)Oc1ccc2cc[nH]c2c1,6.526965808026822,1
CHEMBL5575345,O=C(NCCCCCCNc1c2c(nc3ccccc13)CCCC2)Oc1ccc(-c2cc3cccnc3[nH]2)cc1,7.670805584911549,1
CHEMBL3343927,O=C(NCCCCCCNc1c2c(nc3ccccc13)CCCC2)[C@@H]1Cc2c([nH]c3ccccc23)CN1,7.428430120447704,1
CHEMBL3343924,O=C(NCCCCCCNc1c2c(nc3ccccc13)CCCC2)c1cc2c([nH]c3ccccc32)c(-c2ccc(F)cc2)n1,6.51427857351842,1
CHEMBL3343923,O=C(NCCCCCCNc1c2c(nc3ccccc13)CCCC2)c1cc2c([nH]c3ccccc32)c(-c2ccccc2)n1,6.798602875679548,1
CHEMBL3343922,O=C(NCCCCCCNc1c2c(nc3ccccc13)CCCC2)c1cc2c(cn1)[nH]c1ccccc12,7.037157318798758,1
CHEMBL5592608,O=C(NCCCCCCNc1c2c(nc3ccccc13)CCCC2)c1ccccc1O,7.698970004336019,1
CHEMBL3753706,O=C(NCCCCCCNc1c2c(nc3ccccc13)CCCCC2)c1cc2ccccc2o1,6.511449283499556,1
CHEMBL5594238,O=C(NCCCCCNc1c2c(nc3cc(Br)ccc13)CCCC2)Oc1ccc(-c2cc3cccnc3[nH]2)cc1,7.228118679809901,1
CHEMBL5572008,O=C(NCCCCCNc1c2c(nc3cc(Cl)ccc13)CCCC2)Oc1ccc(-c2cc3cccnc3[nH]2)cc1,7.636200054520891,1
CHEMBL5568634,O=C(NCCCCCNc1c2c(nc3cc(Cl)ccc13)CCCC2)Oc1ccc2cc[nH]c2c1,6.606021397348228,1
CHEMBL388575,O=C(NCCCCCNc1c2c(nc3cc(Cl)ccc13)CCCC2)c1c[nH]c2ccccc12,6.7447274948966935,1
CHEMBL5567396,O=C(NCCCCCNc1c2c(nc3cc(F)ccc13)CCCC2)Oc1ccc(-c2cc3cccnc3[nH]2)cc1,6.81901441921327,1
CHEMBL5583827,O=C(NCCCCCNc1c2c(nc3cc(F)ccc13)CCCC2)Oc1ccc2cc[nH]c2c1,6.563678299860267,1
CHEMBL5564010,O=C(NCCCCCNc1c2c(nc3ccccc13)CCCC2)Oc1ccc(-c2cc3cccnc3[nH]2)cc1,6.816445466381138,1
CHEMBL4451843,O=C(NCCCCCNc1c2c(nc3ccccc13)CCCC2)c1c2ccccc2nc2ccccc12,11.119186407719209,1
CHEMBL3827950,O=C(NCCCCCc1ccccc1)Oc1ccc(-n2cc(COc3ccc4ccc(=O)oc4c3)nn2)cc1,4.319664486585436,0
CHEMBL3828054,O=C(NCCCCCc1ccccc1)Oc1ccc(Cn2cc(COc3ccc4ccc(=O)oc4c3)nn2)cc1,6.5934598195660445,1
CHEMBL5583890,O=C(NCCCCNc1c2c(nc3ccccc13)CCCC2)Oc1ccc(-c2cc3cccnc3[nH]2)cc1,6.688670047696207,1
CHEMBL6190113,O=C(NCCCNc1c2c(nc3ccccc13)CCC2)c1cnc(Cl)c(Cl)c1,7.2839966563652006,1
CHEMBL5573148,O=C(NCCCNc1c2c(nc3ccccc13)CCCC2)Oc1ccc(-c2cc3cccnc3[nH]2)cc1,6.63320361671327,1
CHEMBL4781117,O=C(NCCCNc1c2c(nc3ccccc13)CCCC2)c1sc(-c2ccnc(NC(=O)C3CC3)c2)nc1OCC1CC1,6.506402550999473,1
CHEMBL4754192,O=C(NCCCNc1c2c(nc3ccccc13)CCCC2)c1sc(-c2ccnc(NC(=O)C3CCC3)c2)nc1OCC1CC1,6.5298836468489965,1
CHEMBL440983,O=C(NCCNc1c2c(nc3ccccc13)CCCC2)C(=O)NCCNc1c2c(nc3ccccc13)CCCC2,8.177178354696895,1
CHEMBL5572620,O=C(NCCNc1c2c(nc3ccccc13)CCCC2)Oc1ccc(-c2cc3cccnc3[nH]2)cc1,5.0,0
CHEMBL3628053,O=C(NCCc1c[nH]c2ccccc12)c1ccc[n+](Cc2ccccc2)c1.[Br-],4.515700160653214,0
CHEMBL3628054,O=C(NCCc1c[nH]c2ccccc12)c1ccc[n+](Cc2ccccc2F)c1.[Br-],4.543633966870957,0
CHEMBL523830,O=C(NCc1ccccc1)O[C@H]1CO[C@H]2[C@@H]1OC[C@H]2OC(=O)c1ccccc1,3.6556077263148894,0
CHEMBL2425407,O=C(NNC=C1C(=O)NC(=S)NC1=O)Nc1ccccc1,4.12953756841108,0
CHEMBL1276567,O=C(NP(=O)(NN1CCCCC1)NN1CCCCC1)c1ccccc1,2.709965388637482,0
CHEMBL1276534,O=C(NP(=O)(NN1CCOCC1)NN1CCOCC1)c1ccccc1,1.7300203233546763,0
CHEMBL4559936,O=C(Nc1cc(-c2cn(CCNc3c4c(nc5ccccc35)CCCC4)nn2)ccn1)Nc1cccc2c1C1CCCCN1C2=O,7.943095148663527,1
CHEMBL4443468,O=C(Nc1cc(-c2cn(CCNc3c4c(nc5ccccc35)CCCC4)nn2)ccn1)Nc1cccc2c1[C@@H]1CCCCN1C2=O,7.863279432843593,1
CHEMBL4443989,O=C(Nc1cc(-c2cn(CCNc3c4c(nc5ccccc35)CCCC4)nn2)ccn1)Nc1cccc2c1[C@H]1CCCCN1C2=O,8.022276394711152,1
CHEMBL5402411,O=C(Nc1cc(-c2nc3ccccc3[nH]2)[nH]n1)c1ccc(N2CCOCC2)cc1,5.0,0
CHEMBL5399112,O=C(Nc1cc(-c2nc3ccccc3[nH]2)n[nH]1)c1ccc(N2CCNCC2)cc1,5.0,0
CHEMBL4593316,O=C(Nc1cc(CCc2cn(CCNc3c4c(nc5ccccc35)CCCC4)nn2)ccn1)Nc1cccc2c1C1CCCCN1C2=O,7.627087997029894,1
CHEMBL4516356,O=C(Nc1cc(COCc2cn(CCNc3c4c(nc5ccccc35)CCCC4)nn2)ccn1)Nc1cccc2c1C1CCCCN1C2=O,7.681936665037238,1
CHEMBL4164524,O=C(Nc1cc(Cl)nc(Cl)c1)OCCCCCNCc1ccccc1,6.815308569182402,1
CHEMBL3220513,O=C(Nc1cc2ccccc2oc1=O)c1ccc(Cl)c(Cl)c1,4.823619307756729,0
CHEMBL3220509,O=C(Nc1cc2ccccc2oc1=O)c1ccc(Cl)cc1,4.72792621249999,0
CHEMBL3220510,O=C(Nc1cc2ccccc2oc1=O)c1ccc([N+](=O)[O-])cc1,4.889747082646597,0
CHEMBL4583650,O=C(Nc1ccc(-c2cn(CCNc3c4c(nc5ccccc35)CCCC4)nn2)cn1)Nc1cccc2c1C1CCCCN1C2=O,9.096910013008056,1
CHEMBL4077157,O=C(Nc1ccc(CN2CCOCC2)cc1C(=O)C(=O)N1C(=O)CCC1=O)c1ccccc1,6.640012825558708,1
CHEMBL5178885,O=C(Nc1ccc(OC(F)(F)F)cc1)NC1CCN(C(=O)CCCCNc2c3c(nc4cc(Cl)ccc24)CCCC3)CC1,7.889410289700751,1
CHEMBL5200047,O=C(Nc1ccc(OC(F)(F)F)cc1)NC1CCN(C(=O)CCCNc2c3c(nc4cc(Cl)ccc24)CCCC3)CC1,8.567030709125595,1
CHEMBL5204900,O=C(Nc1ccc(OC(F)(F)F)cc1)NC1CCN(C(=O)CCNc2c3c(nc4cc(Cl)ccc24)CCCC3)CC1,7.838631997765025,1
CHEMBL4563408,O=C(Nc1ccc(OC(F)F)nc1)NC1CCN(c2ncnc3c2nc(-c2ccccc2Cl)n3-c2ccc(Cl)cc2)CC1,5.0,0
CHEMBL93123,O=C(Nc1ccc2c(CCC3CCN(Cc4ccccc4)CC3)noc2c1)c1ccccc1,8.027521189303437,1
CHEMBL138107,O=C(Nc1ccc2c(c1)C(=O)N(CCC1CCN(Cc3ccccc3)CC1)C2=O)c1ccccc1,8.920818753952375,1
CHEMBL4217663,O=C(Nc1ccc2c(c1)CN(C(=O)c1cccc(Cl)c1)C(=O)C2)c1cccc(Cl)c1,10.84924356013969,1
CHEMBL4208866,O=C(Nc1ccc2c(c1)CN(C(=O)c1cccc(Cl)c1)C(=O)C2)c1ccccc1,10.54729377348897,1
CHEMBL4205954,O=C(Nc1ccc2c(c1)CN(C(=O)c1ccccc1)C(=O)C2)c1cccc(Cl)c1,10.878440155812498,1
CHEMBL4213792,O=C(Nc1ccc2c(c1)CN(C(=O)c1ccccc1)C(=O)C2)c1ccccc1,9.292429823902063,1
CHEMBL4537026,O=C(Nc1cccc(-c2cn(CCNc3c4c(nc5ccccc35)CCCC4)nn2)n1)Nc1cccc2c1C1CCCCN1C2=O,6.876148359032914,1
CHEMBL4782422,O=C(Nc1ccccc1)OC1CCCN(C2Cc3ccccc3C2)C1,4.0,0
CHEMBL4792506,O=C(Nc1ccccc1)OC1CCCN(Cc2ccccc2)C1,4.0,0
CHEMBL4799709,O=C(Nc1ccccc1)OC1CCN(C2Cc3ccccc3C2)CC1,4.716698771296451,0
CHEMBL4794030,O=C(Nc1ccccc1)OC1CCN(Cc2ccccc2)CC1,4.0,0
CHEMBL4782697,O=C(Nc1ccccc1)OCC1CCCN(C2Cc3ccccc3C2)C1,4.0,0
CHEMBL4788813,O=C(Nc1ccccc1)OCC1CCCN(Cc2ccccc2)C1,4.1732774798310075,0
CHEMBL4793387,O=C(Nc1ccccc1)OCC1CCN(C2Cc3ccccc3C2)CC1,4.0,0
CHEMBL1173543,O=C(Nc1ccccc1)Oc1cccnc1,4.522878745280337,0
CHEMBL1084256,O=C(Nc1ccccc1)c1ccc2c(c1)C(=O)N(CCC1CCN(Cc3ccccc3)CC1)C2=O,8.657577319177793,1
CHEMBL4855714,O=C(Nc1cncc(OC2CCN(Cc3ccccc3)CC2)c1)c1ccnc(NC(=O)C2CC2)c1,5.0,0
CHEMBL4873612,O=C(Nc1cncc(OCC2CCN(Cc3ccc(F)cc3)CC2)c1)c1ccnc(NC(=O)C2CC2)c1,9.0,1
CHEMBL4863960,O=C(Nc1cncc(OCC2CCN(Cc3ccccc3)CC2)c1)c1ccnc(NC(=O)C2CC2)c1,8.585026652029182,1
CHEMBL4877175,O=C(Nc1cncc(OCC2CCN(Cc3ccccc3)CC2)c1)c1ccnc2[nH]ccc12,8.4089353929735,1
CHEMBL4867249,O=C(Nc1cncc(OCC2CCN(Cc3ccccc3Cl)CC2)c1)c1ccnc(NC(=O)C2CC2)c1,7.088309841246139,1
CHEMBL4865061,O=C(Nc1cncc(OCC2CCN(Cc3ccccc3F)CC2)c1)c1ccnc(NC(=O)C2CC2)c1,8.327902142064282,1
CHEMBL145,O=C(O)/C=C/c1ccc(O)c(O)c1,4.0,0
CHEMBL329012,O=C(O)/C=C\C(=O)O.O=C1Cc2cc3c(CCC4CCN(Cc5ccccc5)CC4)noc3cc2N1,9.481486060122112,1
CHEMBL4160694,O=C(O)C(F)(F)F.O=C1C2=C(C3=NCCc4c[nH]c1c43)C1(C=CN2)C=C(Br)C(O)C(Br)=C1,3.8181564120552274,0
CHEMBL462946,O=C(O)C(F)(F)F.O=C1C=C2S[C@H]3C[C@]2(C=C1Br)C1=C(N3)C(=O)c2[nH]cc3c2C1=NCC3,4.306273051076353,0
CHEMBL4168617,O=C(O)C(F)(F)F.O=C1CC[C@@]2(C=CNC3=C2C2=NCCc4c[nH]c(c42)C3=O)C=C1Br,3.9355420107730814,0
CHEMBL5184601,O=C(O)C1=Nc2ccccc2CN1,3.4624327428473247,0
CHEMBL4456336,O=C(O)CC1(CC(=O)c2cc(O)ccc2O)C=C(CO)CCC1,4.585026652029182,0
CHEMBL33864,O=C(O)CCCCC1CCSS1,5.0,0
CHEMBL5078914,O=C(O)c1c(O)cccc1CCCCCCCCNc1c2c(nc3cc(Cl)ccc13)CCCC2,7.872895201635193,1
CHEMBL5087646,O=C(O)c1c(O)cccc1CCCCCCCCNc1c2c(nc3ccccc13)CCCC2,6.735182176990463,1
CHEMBL418068,O=C(O)c1cc(O)c2c(c1)C(=O)c1cccc(O)c1C2=O,5.0,0
CHEMBL6146623,O=C(O)c1cc2ccc(=O)oc2cc1O,3.8380632947542193,0
CHEMBL3786182,O=C(O)c1ccc(CN2CCC(CN[C@@H]3C[C@H]3c3ccccc3)CC2)cc1,4.0,0
CHEMBL463686,O=C(O)c1cccc2nc3ccccc3nc12,4.301029995663981,0
CHEMBL424,O=C(O)c1ccccc1O,3.4609239012072233,0
CHEMBL328085,O=C(OC1Cc2c(O)cc(O)cc2OC1c1ccc(O)c(O)c1)c1cc(O)c(O)c(O)c1,4.552841968657781,0
CHEMBL449947,O=C(OC[C@H]1O[C@@H](OC(=O)c2cc(O)c(O)c(O)c2)[C@H](OC(=O)c2cc(O)c(O)c(O)c2)[C@@H](OC(=O)c2cc(O)c(O)c(O)c2)[C@@H]1O)c1cc(O)c(O)c(O)c1,4.925915310971757,0
CHEMBL5086177,O=C(O[C@@H]1C=C[C@]23CCN(Cc4cc5c(cc42)OCO5)[C@H]3C1)c1ccccc1[N+](=O)[O-],4.221848749616356,0
CHEMBL5089535,O=C(O[C@H]1CN2Cc3cc4c(cc3[C@]13C=C[C@@H](O)C[C@H]23)OCO4)c1ccccc1Cl,4.886056647693163,0
CHEMBL5218491,O=C(Oc1cc(O)c2c(=O)cc(-c3ccc(O)cc3)oc2c1)N1CCCCC1,4.204119982655925,0
CHEMBL238994,O=C(Oc1ccc(Oc2ccc(C(F)(F)F)cn2)cc1)N1CCC(O)CC1,4.301029995663981,0
CHEMBL238293,O=C(Oc1ccc(Oc2ccc(C(F)(F)F)cn2)cc1)N1CCCC1,4.301029995663981,0
CHEMBL241548,O=C(Oc1ccc(Oc2ccc(C(F)(F)F)cn2)cc1)N1CCCCC1,4.301029995663981,0
CHEMBL393758,O=C(Oc1ccc(Oc2ccc(C(F)(F)F)cn2)cc1)N1CCCc2ccc(C(F)(F)F)cc21,4.301029995663981,0
CHEMBL237189,O=C(Oc1ccc(Oc2ccc(C(F)(F)F)cn2)cc1)N1CCOCC1,4.301029995663981,0
CHEMBL392100,O=C(Oc1ccc(Oc2ccc(C(F)(F)F)cn2)cc1)N1CCc2ccccc21,4.301029995663981,0
CHEMBL239633,O=C(Oc1ccc(Oc2ccc(C(F)(F)F)cn2)cc1)N1CCc2ccccc2C1,4.301029995663981,0
CHEMBL392099,O=C(Oc1ccc(Oc2ccc(C(F)(F)F)cn2)cc1)N1Cc2ccccc2C1,4.301029995663981,0
CHEMBL236173,O=C(Oc1ccc(Oc2ncc(Cl)cc2Cl)cc1)N1CCCC1,4.301029995663981,0
CHEMBL397160,O=C(Oc1ccc(Oc2ncc(Cl)cc2Cl)cc1)N1CCOCC1,4.301029995663981,0
CHEMBL553245,O=C([O-])C(F)(F)F.O=C1C2=C3C4=[N+](CCc5c[nH]c1c54)[C@@H]1C(=O)C=C4S[C@@H](C[C@@]43[C@H]1O)N2,3.8013429130455774,0
CHEMBL140737,O=C(c1ccc(F)cc1)N(CCC1CCN(Cc2ccccc2)CC1)c1ccccc1,7.7447274948966935,1
CHEMBL14638,O=C(c1ccc(OCCCc2c[nH]cn2)cc1)C1CC1,4.064996848546345,0
CHEMBL126354,O=C(c1ccc([N+](=O)[O-])cc1)N(CCC1CCN(Cc2ccccc2)CC1)c1ccccc1,8.267606240177031,1
CHEMBL4468385,O=C(c1ccc2ccccc2c1)n1nc(OCCCN2CCCCC2)c2ccccc21,5.0,0
CHEMBL4435236,O=C(c1ccc2ccccc2c1)n1nc(OCCN2CCCCC2)c2ccccc21,5.0,0
CHEMBL4588777,O=C(c1cccc(Cl)c1Cl)n1nc(OCCCN2CCCCC2)c2ccccc21,4.769551078621726,0
CHEMBL4525824,O=C(c1cccc(Cl)c1Cl)n1nc(OCCN2CCCC2)c2ccccc21,5.0,0
CHEMBL4445553,O=C(c1cccc(Cl)c1Cl)n1nc(OCCN2CCCCC2)c2ccccc21,4.978810700930062,0
CHEMBL4544025,O=C(c1cccc(Cl)c1F)n1nc(OCCCN2CCCCC2)c2ccccc21,5.0,0
CHEMBL4563523,O=C(c1cccc(F)c1F)n1nc(OCCN2CCCC2)c2ccccc21,4.958607314841775,0
CHEMBL4476861,O=C(c1cccc2ccccc12)n1nc(OCCCN2CCCC2)c2ccccc21,5.0,0
CHEMBL4444855,O=C(c1cccc2ccccc12)n1nc(OCCCN2CCCCC2)c2ccccc21,5.0,0
CHEMBL4461027,O=C(c1cccc2ccccc12)n1nc(OCCN2CCCCC2)c2ccccc21,5.0,0
CHEMBL55312,O=C(c1ccccc1)N(CCC1CCN(Cc2ccccc2)CC1)c1ccccc1,7.455931955649724,1
CHEMBL4865381,O=C(c1ccccc1)c1c(C2CCN(Cc3ccccc3)CC2)oc2ccccc12,4.384365531122584,0
CHEMBL140999,O=C(c1ccccc1)c1ccc2c(c1)C(=O)N(CCC1CCN(Cc3ccccc3)CC1)C2=O,8.619788758288394,1
CHEMBL3969241,O=C(c1ccccc1F)N1CCN(C2CCN(Cc3ccccc3)CC2)CC1,3.6989700043360187,0
CHEMBL4584023,O=C(c1ccccc1OCc1ccccc1)n1nc(OCCCN2CCCCC2)c2ccccc21,5.0,0
CHEMBL4531896,O=C(c1ccccc1OCc1ccccc1)n1nc(OCCN2CCCC2)c2ccccc21,5.0,0
CHEMBL340621,O=C(c1ccncc1)N(CCC1CCN(Cc2ccccc2)CC1)c1ccccc1,7.1938200260161125,1
CHEMBL3623552,O=C(c1cnn(C2CCCC2)c1)C(F)(F)F,8.248977723061323,1
CHEMBL3623559,O=C(c1cnn(C2CCCC2)c1)C(F)F,6.647273419349254,1
CHEMBL2332980,O=C1/C(=C/c2ccc(F)cc2)CN(C(=O)C[C@H]2C[C@H]3CCCN3[C@]23C(=O)Nc2ccccc23)C/C1=C\c1ccc(F)cc1,4.70245833218184,0
CHEMBL2380677,O=C1/C(=C/c2ccc(F)cc2)CN(C(=O)[C@H]2C[C@H]3CCCN3[C@]23C(=O)Nc2cc(Cl)ccc23)C/C1=C\c1ccc(F)cc1,4.651305809734459,0
CHEMBL3093180,O=C1/C(=C/c2ccc(F)cc2)COc2cc(OCCCCCCNc3c4c(nc5ccccc35)CCCC4)ccc21,6.9775716288145135,1
CHEMBL3290193,O=C1/C(=C/c2ccc(N3CCCC3)cc2)CC/C1=C\c1ccc(N2CCCC2)cc1,4.17763574755845,0
CHEMBL3290195,O=C1/C(=C/c2ccc(N3CCCC3)cc2)CCc2ccccc21,4.0,0
CHEMBL3290194,O=C1/C(=C/c2ccc(N3CCCC3)cc2)Cc2ccccc21,4.0,0
CHEMBL1383041,O=C1/C(=C/c2ccc(O)cc2)COc2ccccc21,4.000434511774018,0
CHEMBL426110,O=C1/C(=C/c2ccc(O)cc2)Oc2cc(O)ccc21,3.6936393171389486,0
CHEMBL340866,O=C1/C(=C/c2ccc[nH]2)CN(Cc2ccccc2)C/C1=C\c1ccc[nH]1,4.7447274948966935,0
CHEMBL2332548,O=C1/C(=C/c2ccccc2)CN(C(=O)C[C@H]2C[C@H]3CCCN3[C@]23C(=O)Nc2ccccc23)C/C1=C\c1ccccc1,4.757210190521324,0
CHEMBL2380668,O=C1/C(=C/c2ccccc2)CN(C(=O)[C@H]2C[C@H]3CCCN3[C@]23C(=O)Nc2cc(Cl)ccc23)C/C1=C\c1ccccc1,4.8035474582966105,0
CHEMBL2332974,O=C1/C(=C/c2ccccc2Cl)CN(C(=O)C[C@H]2C[C@H]3CCCN3[C@]23C(=O)Nc2ccccc23)C/C1=C\c1ccccc1Cl,4.923723744595782,0
CHEMBL2332975,O=C1/C(=C/c2ccccc2F)CN(C(=O)C[C@H]2C[C@H]3CCCN3[C@]23C(=O)Nc2ccccc23)C/C1=C\c1ccccc1F,4.463820467862774,0
CHEMBL2380672,O=C1/C(=C/c2ccccc2F)CN(C(=O)[C@H]2C[C@H]3CCCN3[C@]23C(=O)Nc2cc(Cl)ccc23)C/C1=C\c1ccccc1F,4.5300307905000405,0
CHEMBL3290187,O=C1/C(=C\c2ccc(N3CCCC3)cc2)CCC/C1=C\c1ccc(N2CCCC2)cc1,4.0,0
CHEMBL3290191,O=C1/C(=C\c2ccc(N3CCCC3)cc2)CN(Cc2ccccc2)C/C1=C\c1ccc(N2CCCC2)cc1,4.0,0
CHEMBL3290188,O=C1/C(=C\c2ccc(N3CCCC3)cc2)COC/C1=C\c1ccc(N2CCCC2)cc1,4.0,0
CHEMBL4085450,O=C1C(=O)N(C(=O)c2ccccc2)c2ccc(CN3CCCCC3)cc21,7.100015437450609,1
CHEMBL4100935,O=C1C(=O)N(Cc2ccc(Br)cc2)c2ccc(Br)cc21,7.0499760934766735,1
CHEMBL4082959,O=C1C(=O)N(Cc2ccccc2[N+](=O)[O-])c2ccc(Br)cc21,6.580044251510242,1
CHEMBL5430188,O=C1C(=O)N2CCc3cc4c(c5c3c2c1c1ccccc15)OCO4,4.289882634888183,0
CHEMBL3356952,O=C1C(Cl)=C(NCCCNc2c3c(nc4cc(Cl)ccc24)CCCC3)C(=O)c2ccccc21,8.048662481204083,1
CHEMBL3356954,O=C1C(Cl)=C(NCCCNc2c3c(nc4ccccc24)CCCC3)C(=O)c2ccccc21,7.42021640338319,1
CHEMBL3356951,O=C1C(Cl)=C(NCCNc2c3c(nc4cc(Cl)ccc24)CCCC3)C(=O)c2ccccc21,8.493494967595128,1
CHEMBL3356953,O=C1C(Cl)=C(NCCNc2c3c(nc4ccccc24)CCCC3)C(=O)c2ccccc21,7.017276612331455,1
CHEMBL3356537,O=C1C(NCCCNc2c3c(nc4cc(Cl)ccc24)CCCC3)=CC(=O)c2c(O)cccc21,8.034328028779893,1
CHEMBL3356535,O=C1C(NCCCNc2c3c(nc4ccccc24)CCCC3)=CC(=O)c2c(O)cccc21,6.987162775294828,1
CHEMBL3356536,O=C1C(NCCNc2c3c(nc4cc(Cl)ccc24)CCCC3)=CC(=O)c2c(O)cccc21,9.142667503568731,1
CHEMBL3356534,O=C1C(NCCNc2c3c(nc4ccccc24)CCCC3)=CC(=O)c2c(O)cccc21,7.607303046740334,1
CHEMBL503392,O=C1C2=C(CCCC2)S(=O)(=O)N1c1c(F)c(F)c(F)c(F)c1F,4.0,0
CHEMBL461945,O=C1C2=C(CCCC2)S(=O)(=O)N1c1c(F)c(F)nc(F)c1F,4.0,0
CHEMBL459683,O=C1C2=C(CCCC2)S(=O)(=O)N1c1cccc(Br)n1,4.0,0
CHEMBL513281,O=C1C2=C(CCCC2)S(=O)(=O)N1c1cccc(Cl)n1,4.0,0
CHEMBL512569,O=C1C2=C(CCCC2)S(=O)(=O)N1c1ccncc1.[O-][Cl+3]([O-])([O-])O,4.0,0
CHEMBL459684,O=C1C2=C(CCCC2)S(=O)(=O)N1c1ncc(F)cc1F,4.0,0
CHEMBL5266191,O=C1C2Cc3c([nH]c4ccccc34)[C@@H](c3ccc4c(c3)OCO4)N2C(=O)CN1CCC1CCN(Cc2ccccc2)CC1,7.443697499232712,1
CHEMBL1770551,O=C1C=C(NCCCCCCNCc2cc3ccccc3o2)C(=O)C=C1NCCCCCCNCc1cc2ccccc2o1,5.0,0
CHEMBL1770555,O=C1C=C(NCCCCCCNCc2ccc(-c3nc4ccccc4s3)cc2)C(=O)C=C1NCCCCCCNCc1ccc(-c2nc3ccccc3s2)cc1,6.515700160653214,1
CHEMBL1770553,O=C1C=C(NCCCCCCNCc2nc3ccccc3s2)C(=O)C=C1NCCCCCCNCc1nc2ccccc2s1,4.657577319177793,0
CHEMBL1770550,O=C1C=C(NCCCNCc2cc3ccccc3o2)C(=O)C=C1NCCCNCc1cc2ccccc2o1,4.661543506395395,0
CHEMBL1770554,O=C1C=C(NCCCNCc2ccc(-c3nc4ccccc4s3)cc2)C(=O)C=C1NCCCNCc1ccc(-c2nc3ccccc3s2)cc1,4.503070351926785,0
CHEMBL1770552,O=C1C=C(NCCCNCc2nc3ccccc3s2)C(=O)C=C1NCCCNCc1nc2ccccc2s1,5.0,0
CHEMBL3356533,O=C1C=C(NCCCNc2c3c(nc4cc(Cl)ccc24)CCCC3)C(=O)c2ccccc21,8.267606240177031,1
CHEMBL3356531,O=C1C=C(NCCCNc2c3c(nc4ccccc24)CCCC3)C(=O)c2ccccc21,7.270025714300444,1
CHEMBL3356532,O=C1C=C(NCCNc2c3c(nc4cc(Cl)ccc24)CCCC3)C(=O)c2ccccc21,8.714442690992227,1
CHEMBL3356530,O=C1C=C(NCCNc2c3c(nc4ccccc24)CCCC3)C(=O)c2ccccc21,7.844663962534938,1
CHEMBL4795152,O=C1CC(c2ccc(OCCCCN3CCN(Cc4ccccc4)CC3)cc2)Oc2cc(OCCCCN3CCN(Cc4ccccc4)CC3)cc(O)c21,4.728158393463501,0
CHEMBL4794189,O=C1CC(c2ccc(OCCCCN3CCc4ccccc4C3)cc2)Oc2cc(OCCCCN3CCc4ccccc4C3)cc(O)c21,4.87942606879415,0
CHEMBL5283494,O=C1CC2CCc3ccsc3C2=NN1CCN1CCN(Cc2ccccc2)CC1,6.769551078621726,1
CHEMBL5270598,O=C1CC2CCc3ccsc3C2=NN1CN1CCN(Cc2ccccc2)CC1,4.866461091629782,0
CHEMBL4173961,O=C1CCCC2=C1C(c1ccc(OCc3cccc(F)c3)c(Br)c1)C1=C(CCCC1=O)N2,4.0,0
CHEMBL141515,O=C1CCCCN1CCC1CCN(Cc2ccccc2)CC1,6.568636235841013,1
CHEMBL340854,O=C1CCN(Cc2ccccc2)C/C1=C\c1c[nH]c2ccc(OCc3ccccc3)cc12,4.6020599913279625,0
CHEMBL340409,O=C1CCN(Cc2ccccc2)C/C1=C\c1ccc[nH]1,4.958607314841775,0
CHEMBL128894,O=C1CCN(Cc2ccccc2)C/C1=C\c1cccn1C(=O)c1ccccc1,4.522878745280337,0
CHEMBL335329,O=C1CCN(Cc2ccccc2)C/C1=C\c1ccn(C(=O)c2ccccc2)c1,4.522878745280337,0
CHEMBL340599,O=C1CCN(Cc2ccccc2)C/C1=C\c1cn(C(=O)c2ccc(Cl)cc2)c2ccccc12,4.301029995663981,0
CHEMBL131286,O=C1CCN(Cc2ccccc2)C/C1=C\c1cn(C(=O)c2ccc(F)cc2)c2ccccc12,4.221848749616356,0
CHEMBL128292,O=C1CCN(Cc2ccccc2)C/C1=C\c1cn(C(=O)c2ccc([N+](=O)[O-])cc2)c2ccccc12,4.301029995663981,0
CHEMBL130831,O=C1CCN(Cc2ccccc2)C/C1=C\c1cn(C(=O)c2ccccc2)c2ccccc12,4.154901959985743,0
CHEMBL445124,O=C1CCN(Cc2ccccc2)C/C1=C\c1cn(Cc2ccccc2)c2ccccc12,4.0,0
CHEMBL5220742,O=C1CCOc2cc(OCCCCCSC(=S)N3CCCCC3)ccc21,7.0,1
CHEMBL329231,O=C1CCc2cc3c(CCC4CCN(Cc5ccccc5)CC4)noc3cc2N1,9.243101393857055,1
CHEMBL4636043,O=C1CN(/N=C/c2ccc(-c3ccc([N+](=O)[O-])cc3)o2)C(=O)N1CCC1CCN(Cc2ccccc2)CC1,7.333482019445119,1
CHEMBL4640750,O=C1CN(/N=C/c2ccc(-c3ccc([N+](=O)[O-])cc3)o2)C(=O)N1CCN1CCN(Cc2ccccc2)CC1,6.696803942579511,1
CHEMBL4632477,O=C1CN(/N=C/c2ccc(-c3cccc([N+](=O)[O-])c3)o2)C(=O)N1CCC1CCN(Cc2ccccc2)CC1,6.5376020021010435,1
CHEMBL4643381,O=C1CN(/N=C/c2ccc(-c3ccccc3[N+](=O)[O-])o2)C(=O)N1CCC1CCN(Cc2ccccc2)CC1,7.465973893943865,1
CHEMBL191930,O=C1CN(CCN2CCCC2)C(=O)CN1CCCn1ccnc1,4.698970004336019,0
CHEMBL190152,O=C1CN(CCN2CCOCC2)C(=O)CN1CCC(c1ccccc1)c1ccccc1,4.698970004336019,0
CHEMBL1083069,O=C1CNc2cc3onc(CCC4CCN(Cc5ccccc5)CC4)c3cc2C1,9.318758762624412,1
CHEMBL4754173,O=C1COCCN1c1ccc(NCc2cc(Cl)cc(/C=N/O)c2O)cc1,2.379135524734879,0
CHEMBL4444516,O=C1CSC(c2ccc(F)cc2)N1c1ccc2oc(=O)ccc2c1,6.991399828238082,1
CHEMBL8996,O=C1C[C@@H](c2ccc(O)c(O)c2)Oc2cc(O)cc(O)c21,2.778898880038495,0
CHEMBL9352,O=C1C[C@@H](c2ccc(O)cc2)Oc2cc(O)cc(O)c21,2.6893066876566394,0
CHEMBL95020,O=C1Cc2c(ccc3c(CCC4CCN(Cc5ccccc5)CC4)noc23)N1,8.442766562196311,1
CHEMBL5279409,O=C1Cc2cc(N3C(=O)c4ccccc4C3=O)ccc2CN1C(=O)c1ccccc1,7.1830961606243395,1
CHEMBL5432462,O=C1Cc2cc(OCc3ccc(F)cc3)ccc2C=C1C(=O)NCCc1c[nH]c2ccccc12,6.795880017344075,1
CHEMBL359570,O=C1Cc2cc3c(CCC4CCN(Cc5ccccc5)CC4)noc3cc2N1,9.481004313164052,1
CHEMBL328468,O=C1Cc2cc3onc(CCC4CCN(Cc5ccccc5)CC4)c3cc2N1,9.021706453137428,1
CHEMBL141042,O=C1Cc2ccccc2C(=O)N1CCC1CCN(Cc2ccccc2)CC1,7.638272163982407,1
CHEMBL140990,O=C1Cc2ccccc2CN1CCC1CCN(Cc2ccccc2)CC1,7.769551078621726,1
CHEMBL4519129,O=C1N/C(=N\c2ccc3oc(=O)ccc3c2)S/C1=C/c1ccc(Br)cc1,6.558461961297839,1
CHEMBL4465315,O=C1N/C(=N\c2ccc3oc(=O)ccc3c2)S/C1=C/c1ccc(Cl)cc1,6.760700520873107,1
CHEMBL4542575,O=C1N/C(=N\c2ccc3oc(=O)ccc3c2)S/C1=C/c1ccc(F)cc1,6.665546248849069,1
CHEMBL4451686,O=C1N/C(=N\c2ccc3oc(=O)ccc3c2)S/C1=C/c1ccccc1,7.026410376572743,1
CHEMBL2425413,O=C1NC(=O)C(=CNNC(=S)Nc2cccc(C(F)(F)F)c2)C(=O)N1,4.389552778557879,0
CHEMBL2425412,O=C1NC(=S)NC(=O)C1=CNNC(=S)Nc1ccc(Br)cc1,4.101219986710174,0
CHEMBL2425414,O=C1NC(=S)NC(=O)C1=CNNC(=S)Nc1ccc(C(F)(F)F)cc1,4.002569926202529,0
CHEMBL2425410,O=C1NC(=S)NC(=O)C1=CNNC(=S)Nc1ccc(Cl)cc1,3.916819995870023,0
CHEMBL2425409,O=C1NC(=S)NC(=O)C1=CNNC(=S)Nc1ccc(F)cc1,4.1056285461437625,0
CHEMBL2425408,O=C1NC(=S)NC(=O)C1=CNNC(=S)Nc1ccccc1,3.9388869460820213,0
CHEMBL3919289,O=C1NCCCc2c1c1ccccc1n2CCc1ccc(F)cc1,5.0,0
CHEMBL3971112,O=C1NCCCc2c1c1ccccc1n2CCc1ccccc1,4.899629454882437,0
CHEMBL3393675,O=C1N[C@H](COCc2ccccc2)[C@@H](OCc2ccccc2)[C@H](OCc2ccccc2)[C@H]1OCc1ccccc1,4.337242168318426,0
CHEMBL5415532,O=C1Nc2ccc([N+](=O)[O-])cc2C12NNC(Nc1ccc(Cl)cc1)=C2[N+](=O)[O-],4.430041181903406,0
CHEMBL141276,O=C1Nc2ccccc2CN1CCC1CCN(Cc2ccccc2)CC1,7.886056647693163,1
CHEMBL5271210,O=C1[C@@H]2Cc3c([nH]c4ccccc34)[C@@H](c3ccc4c(c3)OCO4)N2C(=O)CN1CCC1CCN(Cc2ccccc2)CC1,6.935180387518824,1
CHEMBL6133000,O=C1[C@H](O)C[C@]23CCCN1[C@@H]2c1c([nH]c2ccccc12)CC3,4.414539270491499,0
CHEMBL4435044,O=C1[C@H]2Cc3c([nH]c4ccccc34)[C@@H](c3ccc4c(c3)OCO4)N2C(=O)CN1CCC1CCN(Cc2ccccc2)CC1,7.173393743112328,1
CHEMBL5397379,O=C1c2c(ccc(O)c2O)CCn2cccc21,4.296794629304514,0
CHEMBL6146704,O=C1c2c(sc3c2CCCCC3)OC(c2ccc(Cl)cc2)N1c1ccc(Cl)cc1,4.899629454882437,0
CHEMBL419184,O=C1c2ccc([N+](=O)[O-])cc2C(=O)N1C1CCN(Cc2ccccc2)CC1,4.568636235841013,0
CHEMBL123909,O=C1c2ccc([N+](=O)[O-])cc2C(=O)N1CCC1CCN(Cc2ccc(Cl)cc2)CC1,6.619788758288394,1
CHEMBL105874,O=C1c2ccc([N+](=O)[O-])cc2C(=O)N1CCC1CCN(Cc2ccccc2)CC1,7.903089986991944,1
CHEMBL141001,O=C1c2cccc([N+](=O)[O-])c2C(=O)N1CCC1CCN(Cc2ccccc2)CC1,8.045757490560675,1
CHEMBL4762214,O=C1c2ccccc2C(=O)C12N1CSC[C@@H]1[C@@H](c1ccc(Br)cc1)[C@@]21CSc2ccccc2C1=O,4.461426266193144,0
CHEMBL4743869,O=C1c2ccccc2C(=O)C12N1CSC[C@@H]1[C@@H](c1ccc(Cl)cc1)[C@@]21CSc2ccccc2C1=O,4.672028376376989,0
CHEMBL4797884,O=C1c2ccccc2C(=O)C12N1CSC[C@@H]1[C@@H](c1ccc(Cl)cc1Cl)[C@@]21CSc2ccccc2C1=O,4.710411047457403,0
CHEMBL4788300,O=C1c2ccccc2C(=O)C12N1CSC[C@@H]1[C@@H](c1ccc(F)cc1)[C@@]21CSc2ccccc2C1=O,4.703334809738469,0
CHEMBL4797575,O=C1c2ccccc2C(=O)C12N1CSC[C@@H]1[C@@H](c1cccc(Br)c1)[C@@]21CSc2ccccc2C1=O,4.416347891457956,0
CHEMBL4761620,O=C1c2ccccc2C(=O)C12N1CSC[C@@H]1[C@@H](c1cccc(F)c1)[C@@]21CSc2ccccc2C1=O,4.912218582190458,0
CHEMBL4757955,O=C1c2ccccc2C(=O)C12N1CSC[C@@H]1[C@@H](c1cccc3ccccc13)[C@@]21CSc2ccccc2C1=O,4.783042792638903,0
CHEMBL4754171,O=C1c2ccccc2C(=O)C12N1CSC[C@@H]1[C@@H](c1ccccc1)[C@@]21CSc2ccccc2C1=O,4.890759031411797,0
CHEMBL4748587,O=C1c2ccccc2C(=O)C12N1CSC[C@@H]1[C@@H](c1ccccc1Cl)[C@@]21CSc2ccccc2C1=O,4.479385478121764,0
CHEMBL4789991,O=C1c2ccccc2C(=O)C12N1CSC[C@@H]1[C@@H](c1cccs1)[C@@]21CSc2ccccc2C1=O,4.718512112059919,0
CHEMBL106891,O=C1c2ccccc2C(=O)N1CCC1CCN(Cc2ccccc2)CC1,7.096910013008056,1
CHEMBL3415560,O=C1c2ccccc2C(=O)N1CCCCCCCNCc1ccccc1,6.518557371497695,1
CHEMBL3415568,O=C1c2ccccc2C(=O)N1CCCCCNCc1ccc(F)cc1,6.5718652059712115,1
CHEMBL3415573,O=C1c2ccccc2C(=O)N1CCCCCNCc1ccc(F)cc1F,6.58838029403677,1
CHEMBL3415578,O=C1c2ccccc2C(=O)N1CCCCCNCc1cccc(Cl)c1,6.795880017344075,1
CHEMBL3415558,O=C1c2ccccc2C(=O)N1CCCCCNCc1ccccc1,6.694648630553377,1
CHEMBL3415563,O=C1c2ccccc2C(=O)N1CCCCCNCc1ccccc1F,6.774690718274137,1
CHEMBL294264,O=C1c2ccccc2C(=O)c2c(O)c(O)cc(O)c21,6.522878745280337,1
CHEMBL1085276,O=C1c2ccccc2CC1CC1CCN(c2ccccc2)CC1,6.823908740944319,1
CHEMBL1083678,O=C1c2ccccc2CCCC1CC1CCN(c2ccccc2)CC1,4.823908740944319,0
CHEMBL333909,O=C1c2ccccc2CN1CCC1CCN(Cc2ccccc2)CC1,7.008773924307505,1
CHEMBL3922423,O=C1c2ccccc2S(=O)(=O)N1CCCCCNCc1ccccc1,7.481486060122112,1
CHEMBL518500,O=C1c2ccccc2S(=O)(=O)N1c1c(F)c(F)nc(F)c1F,4.0,0
CHEMBL140106,O=C1c2cccnc2C(=O)N1CCC1CCN(Cc2ccccc2)CC1,7.886056647693163,1
CHEMBL4164010,O=CC1CCN(Cc2cc(Cl)c3ccccc3n2)CC1,5.0,0
CHEMBL5435795,O=Cc1ccc2n1CCc1cc(O)c(O)cc1C2,4.23381030668984,0
CHEMBL6192909,O=P(NCCCCCCCCCCCCNc1c2c(nc3ccccc13)CCCC2)(Oc1ccccc1)Oc1ccccc1,1.6140000000131804,0
CHEMBL6189139,O=P(NCCCCCCNc1c2c(nc3ccccc13)CCCC2)(Oc1ccccc1)Oc1ccccc1,0.7860000000073785,0
CHEMBL1276594,O=P(NN1CCOCC1)(NN1CCOCC1)Oc1ccccc1,2.0199966284162536,0
CHEMBL1275924,O=P(O)(NN1CCCCC1)Oc1ccccc1,2.260427655549908,0
CHEMBL3361270,O=S(=O)(CCCN1CCN(Cc2ccccc2)CC1)NCCNc1cccc2ccccc12,6.795880017344075,1
CHEMBL1485276,O=S(=O)(NCCSc1nnc(-c2ccco2)n1-c1ccccc1)c1ccccc1,3.0,0
CHEMBL92955,O=S(=O)(Nc1ccc2c(CCC3CCN(Cc4ccccc4)CC3)noc2c1)c1ccccc1,7.853871964321762,1
CHEMBL4796213,O=S(=O)(Nc1nccs1)c1ccc(NCc2cc(Cl)cc(/C=N/O)c2O)cc1,2.3690638809358084,0
CHEMBL3883432,O=S(=O)(c1ccccc1)n1ccc2c(N3CCN(CCCCCCCCNc4c5c(nc6ccccc46)CCCC5)CC3)cccc21,8.886056647693163,1
CHEMBL3884690,O=S(=O)(c1ccccc1)n1ccc2c(N3CCN(CCCCCCCNc4c5c(nc6ccccc46)CCCC5)CC3)cccc21,8.207608310501746,1
CHEMBL3885186,O=S(=O)(c1ccccc1)n1ccc2c(N3CCN(CCCCCCNc4c5c(nc6ccccc46)CCCC5)CC3)cccc21,7.889410289700751,1
CHEMBL3884858,O=S(=O)(c1ccccc1)n1ccc2c(N3CCN(CCCCCNc4c5c(nc6ccccc46)CCCC5)CC3)cccc21,7.739928612014925,1
CHEMBL3884618,O=S(=O)(c1ccccc1)n1ccc2c(N3CCN(CCCNc4c5c(nc6ccccc46)CCCC5)CC3)cccc21,8.013228265733755,1
CHEMBL3884988,O=S(=O)(c1ccccc1)n1ccc2c(N3CCN(CCNc4c5c(nc6ccccc46)CCCC5)CC3)cccc21,7.360513510731414,1
CHEMBL1766148,O=S1(=O)CCN(c2nccc(NCc3ccccc3)n2)CC1,4.616184634019569,0
CHEMBL4648224,O=[N+]([O-])C1C(Cc2c[nH]cn2)NC2(c3ccccc3-c3nc4ccccc4nc32)C1c1ccc(Br)cc1,4.789146634685107,0
CHEMBL4646153,O=[N+]([O-])C1C(Cc2c[nH]cn2)NC2(c3ccccc3-c3nc4ccccc4nc32)C1c1ccc(Cl)cc1,4.738975166007602,0
CHEMBL4632770,O=[N+]([O-])C1C(Cc2c[nH]cn2)NC2(c3ccccc3-c3nc4ccccc4nc32)C1c1ccccc1,4.928117992693875,0
CHEMBL4636399,O=[N+]([O-])C1C(Cc2c[nH]cn2)NC2(c3ccccc3-c3nc4ccccc4nc32)C1c1ccccn1,4.768530409569319,0
CHEMBL4632994,O=[N+]([O-])C1C(Cc2c[nH]cn2)NC2(c3ccccc3-c3nc4ccccc4nc32)C1c1ccco1,4.846490010699163,0
CHEMBL260308,O=[N+]([O-])OCCCCCCNCCCCNc1c2c(nc3ccccc13)CCCC2,7.7423214251308154,1
CHEMBL261384,O=[N+]([O-])OCCCCCCNCCCNc1c2c(nc3ccccc13)CCCC2,8.200659450546418,1
CHEMBL407320,O=[N+]([O-])OCCCNCCCCNc1c2c(nc3ccccc13)CCCC2,8.2518119729938,1
CHEMBL270491,O=[N+]([O-])OCCCNCCCNc1c2c(nc3ccccc13)CCCC2,8.193820026016112,1
CHEMBL277984,O=[N+]([O-])OCCNCCCCNc1c2c(nc3ccccc13)CCCC2,7.954677021213342,1
CHEMBL272229,O=[N+]([O-])OCCNCCCNc1c2c(nc3ccccc13)CCCC2,8.0,1
CHEMBL4754304,O=[N+]([O-])c1ccc(-c2nnc(N3CCN(c4ccccn4)CC3)o2)cc1,6.6595558851598815,1
CHEMBL5427748,O=[N+]([O-])c1ccc(N2CCN(Cc3cc(Br)cc(/C=N/O)c3O)CC2)cc1,3.7349462114959855,0
CHEMBL5428301,O=[N+]([O-])c1ccc(N2CCN(Cc3cc(Cl)cc(/C=N/O)c3O)CC2)c(Cl)c1,3.6428277422769666,0
CHEMBL5429288,O=[N+]([O-])c1ccc(N2CCN(Cc3cc(Cl)cc(/C=N/O)c3O)CC2)cc1,3.676129393459491,0
CHEMBL3116288,O=[N+]([O-])c1ccc2c(c1)c(OCC1CCCCC1)nn2Cc1ccccc1,5.0,0
CHEMBL3116294,O=[N+]([O-])c1ccc2c(c1)c(OCc1ccc3ccccc3c1)nn2CCN1CCCCC1,5.0,0
CHEMBL3116295,O=[N+]([O-])c1ccc2c(c1)c(OCc1ccc3ccccc3c1)nn2CCN1CCOCC1,5.0,0
CHEMBL3116297,O=[N+]([O-])c1ccc2c(c1)c(OCc1ccc3ccccc3c1)nn2Cc1ccc2ccccc2c1,5.0,0
CHEMBL3116291,O=[N+]([O-])c1ccc2c(c1)c(OCc1cccc3ccccc13)nn2CCN1CCCC1,4.6020599913279625,0
CHEMBL3900968,O=[N+]([O-])c1ccc2nc(NCCc3cc[n+](Cc4ccc(F)cc4)cc3)sc2c1,7.017728766960431,1
CHEMBL5174252,O=[N+]([O-])c1ccc2nc3c(c(Nc4[nH]nc5ncccc45)c2c1)CCCC3,6.52432881167557,1
CHEMBL6175104,O=c1[nH]c(CCCCC2CCN(Cc3ccccc3)CC2)nc2c1cnn2C1CCCC1,7.3979400086720375,1
CHEMBL4210192,O=c1[nH]c(CCCO)nc2ccccc12,3.809388202186395,0
CHEMBL6144744,O=c1[nH]c(CNCCC2CCN(Cc3ccccc3)CC2)nc2c1cnn2C1CCCC1,6.5376020021010435,1
CHEMBL5647316,O=c1[nH]c(COCCC2CCN(Cc3ccccc3)CC2)nc2c1cnn2C1CCCC1,6.644983650467124,1
CHEMBL138552,O=c1[nH]c2cc(Cl)ccc2c(=O)n1CCC1CCN(Cc2ccccc2)CC1,8.346787486224656,1
CHEMBL4778694,O=c1[nH]c2cc(Cl)ccc2n1C1CCN(Cc2cc(Cl)cc(/C=N/O)c2O)CC1,2.3821612522829967,0
CHEMBL5219594,O=c1[nH]c2ccc(OCc3ccc(F)cc3)cc2c(=O)o1,4.1180450286604,0
CHEMBL342413,O=c1[nH]c2ccccc2c(=O)n1CCC1CCN(Cc2ccccc2)CC1,8.3767507096021,1
CHEMBL4796736,O=c1c(-c2ccc(OCCCCN3CCN(Cc4ccccc4)CC3)cc2)coc2cc(OCCCCN3CCN(Cc4ccccc4)CC3)cc(O)c12,4.600326278518962,0
CHEMBL5273380,O=c1c(/C=N/Nc2ccc(C(F)(F)F)cc2)coc2c1ccc1oc(-c3cccc(F)c3)cc12,4.982966660701219,0
CHEMBL5268805,O=c1c(/C=N/Nc2ccc(C(F)(F)F)cc2)coc2cc3oc(-c4cccc(Cl)c4)cc3cc12,4.73754891026957,0
CHEMBL5219098,O=c1c(NCCCCCCCc2c3c(nc4ccccc24)CCCC3)c(NCCCCCCCc2c3c(nc4ccccc24)CCCC3)c1=O,7.886056647693163,1
CHEMBL5220250,O=c1c(NCCCCc2c3c(nc4cc(Cl)ccc24)CCCC3)c(NCCCCc2c3c(nc4ccc(Cl)cc24)CCCC3)c1=O,8.698970004336019,1
CHEMBL164,O=c1c(O)c(-c2cc(O)c(O)c(O)c2)oc2cc(O)cc(O)c12,7.920818753952375,1
CHEMBL5274465,O=c1c(O)c(-c2ccc(Cl)cc2)oc2cc(F)c(I)cc12,8.462180904926726,1
CHEMBL5282833,O=c1c(O)c(-c2ccc(F)cc2)oc2cc(F)c(I)cc12,8.490797477668897,1
CHEMBL50,O=c1c(O)c(-c2ccc(O)c(O)c2)oc2cc(O)cc(O)c12,4.49363776891997,0
CHEMBL31574,O=c1c(O)c(-c2ccc(O)c(O)c2)oc2cc(O)ccc12,7.920818753952375,1
CHEMBL5278858,O=c1c(O)c(-c2ccccc2)oc2cc(Br)c(I)cc12,5.0,0
CHEMBL309490,O=c1c(O)c(-c2ccccc2)oc2cc(O)cc(O)c12,7.920818753952375,1
CHEMBL2297279,O=c1c(OC2O[C@H](CO)[C@H](O)[C@H](O)[C@H]2O)c(-c2ccc(O)cc2)oc2cc(O)cc(O)c12,7.920818753952375,1
CHEMBL4250950,O=c1c2c(oc3ccc(Br)cc13)CCN(Cc1ccccc1)C2,4.698970004336019,0
CHEMBL4244773,O=c1c2c(oc3ccccc13)CCN(Cc1ccccc1)C2,4.698970004336019,0
CHEMBL4783624,O=c1c2cc(Cl)ccc2oc2ccc(OCCCCCN3CCCCCC3)cc12,6.920818753952375,1
CHEMBL3323059,O=c1c2cc(OCCCN3CCCCC3)ccc2nc2n1CCCC2,6.647904358161432,1
CHEMBL3323042,O=c1c2cc(OCCCN3CCCCC3)ccc2nc2n1CCc1ccccc1-2,6.664773535620469,1
CHEMBL3323036,O=c1c2cc(OCCCN3CCCCC3)ccc2nc2n1Cc1ccccc1-2,6.846354909692845,1
CHEMBL3323051,O=c1c2cc(OCCCn3ccnc3)ccc2nc2n1CCCc1ccccc1-2,4.2479757664087785,0
CHEMBL165292,O=c1c2ccc(Cl)cc2nc2n1CCCCC2,4.0,0
CHEMBL1819174,O=c1c2ccc(OCCCCCCCNc3c4c(nc5ccccc35)CCCC4)cc2oc2ncccc12,6.548213564475709,1
CHEMBL3115028,O=c1c2ccccc2[se]n1-c1ccc(CCN2CCCC2)cc1,4.823908740944319,0
CHEMBL3115027,O=c1c2ccccc2[se]n1-c1ccc(CN2CCCCC2)cc1,4.964570261815451,0
CHEMBL3115029,O=c1c2ccccc2[se]n1-c1ccc(OCCN2CCCCC2)cc1,4.961379838050298,0
CHEMBL3093787,O=c1c2ccccc2[se]n1CCCCCCNc1c2c(nc3ccccc13)CCCC2,7.709520186669327,1
CHEMBL5191163,O=c1c2ccccc2nc2n1C(C1CN=Cc3[nH]c4ccccc4c31)CC2O,4.3929741215652145,0
CHEMBL5175476,O=c1c2ccccc2nc2n1C(c1cncc3[nH]c4ccccc4c13)CC2O,4.151810883008602,0
CHEMBL456881,O=c1c2ccccc2nc2n1CCC2,4.298892075325632,0
CHEMBL1864065,O=c1c2ccccc2nc2n1CCC2O,4.115771230367396,0
CHEMBL3318018,O=c1cc(-c2ccc(CN3CCCCC3)cc2)oc2ccccc12,7.259637310505756,1
CHEMBL28,O=c1cc(-c2ccc(O)cc2)oc2cc(O)cc(O)c12,6.69339632394812,1
CHEMBL5200462,O=c1cc(/N=N/N=P(CCP(=N/N=N/c2cc(=O)oc3ccccc23)(c2ccccc2)c2ccccc2)(c2ccccc2)c2ccccc2)c2ccccc2o1,7.456428576037634,1
CHEMBL4516296,O=c1ccc2cc(/N=C/c3ccc(Br)cc3)ccc2o1,7.244887733604929,1
CHEMBL4449161,O=c1ccc2cc(/N=C/c3ccc(Cl)cc3)ccc2o1,7.102922996790579,1
CHEMBL4571434,O=c1ccc2cc(/N=C/c3ccc(F)cc3)ccc2o1,6.645891560852599,1
CHEMBL4537886,O=c1ccc2cc(/N=C/c3ccccc3)ccc2o1,6.941573975542995,1
CHEMBL51628,O=c1ccc2ccc(O)cc2o1,3.1202336052365656,0
CHEMBL4781384,O=c1ccoc2ccc(OCCCCCN3CCOCC3)cc12,4.016824927962187,0
CHEMBL4754186,O=c1ccoc2ccc(OCCCN3CCCCCC3)cc12,4.97469413473523,0
CHEMBL3334506,O=c1oc2cc(OCCCCN3CCC(Cc4ccccc4)CC3)ccc2c2ccccc12,4.847711655616943,0
CHEMBL3335058,O=c1oc2cc(OCCN3CCC(Cc4ccccc4)CC3)ccc2c2ccccc12,4.698970004336019,0
CHEMBL6162129,O=c1oc2ccccc2cc1-c1ccc(Br)cc1,4.716472635138306,0
CHEMBL4796026,OC1CCCN(C2Cc3ccccc3C2)C1,4.0,0
CHEMBL1504199,OC1CCCN(Cc2ccccc2)C1,4.0,0
CHEMBL4779393,OC1CCN(C2Cc3ccccc3C2)CC1,4.0,0
CHEMBL4796237,OC1CCN(Cc2ccccc2)CC1,4.0,0
CHEMBL1186527,OC1CCN2Cc3ccccc3N=C12,4.863913902615902,0
CHEMBL4788729,OCC1CCCN(C2Cc3ccccc3C2)C1,4.0,0
CHEMBL4571402,OCC1CCCN(Cc2ccccc2)C1,4.0,0
CHEMBL4797900,OCC1CCN(C2Cc3ccccc3C2)CC1,4.0,0
CHEMBL4163705,OCC1CCN(Cc2cc(Cl)c3ccccc3n2)CC1,5.0,0
CHEMBL4529341,OCC1CCN(Cc2ccccc2)CC1,4.0,0
CHEMBL5192958,OCCCCCCCCc1ccc(CN2CCCC2)c(O)c1,4.3223930472795065,0
CHEMBL5183866,OCCCCCCCCc1ccc(CN2CCCCC2)c(O)c1,4.522878745280337,0
CHEMBL5190179,OCCCCCCCCc1ccc(CN2CCCCCC2)c(O)c1,3.1051303432547472,0
CHEMBL1834078,OCCN1CCN(c2nccc(NC(c3ccccc3)c3ccccc3)n2)CC1,4.665546248849069,0
CHEMBL1766140,OCCN1CCN(c2nccc(NCc3ccccc3)n2)CC1,4.578396073130169,0
CHEMBL5088176,OC[C@H]1O[C@@H](OCCCCc2cn(CCCCc3ccc(O)c(/C=N/O)n3)nn2)[C@H](O)[C@@H](O)[C@@H]1O,3.2365720064370627,0
CHEMBL5069796,OC[C@H]1O[C@@H](OCCCCc2cn(CCCc3ccc(O)c(/C=N/O)n3)nn2)[C@H](O)[C@@H](O)[C@@H]1O,2.795880017344075,0
CHEMBL5084128,OC[C@H]1O[C@@H](OCCCc2ccc(O)c(/C=N/O)n2)[C@H](O)[C@@H](O)[C@@H]1O,3.853871964321762,0
CHEMBL1083676,OCc1cc(-c2ccccc2)nnc1NCCN1CCOCC1,3.3565473235138126,0
CHEMBL4076614,OCc1cc(O)cc(O)c1,4.552841968657781,0
CHEMBL3407587,OCc1cc2cc(OCCCC3CCN(Cc4ccccc4)CC3)ccc2[nH]1,4.866461091629782,0
CHEMBL400092,O[C@H]1[C@H]2c3cc4c(cc3CN3CCC(=C[C@@H]1O)[C@H]23)OCO4,3.7543191530828635,0
CHEMBL471187,Oc1cc(O)cc(Oc2c(O)cc(O)c3c2Oc2c(O)cc(O)cc2O3)c1,4.67226126255081,0
CHEMBL508791,Oc1cc(O)cc(Oc2c(O)cc(O)c3c2Oc2c(O)cc(Oc4c(O)cc(Oc5c(O)cc(O)c6c5Oc5c(O)cc(O)cc5O6)cc4O)cc2O3)c1,4.6307841425898575,0
CHEMBL510508,Oc1cc(O)cc(Oc2c(O)cc(O)c3c2Oc2c(O)cc4oc5c(Oc6cc(O)cc(O)c6)c(O)cc(O)c5c4c2O3)c1,4.026410376572743,0
CHEMBL5745896,Oc1cc(O)cc(Oc2c(O)cc(O)c3c2Oc2c(OCc4ccccc4)cc(O)cc2O3)c1,4.396855627379818,0
CHEMBL5991662,Oc1cc(O)cc(Oc2c(O)cc(O)c3c2Oc2c(OCc4ccccc4)cc(Oc4c(O)cc(Oc5c(O)cc(O)c6c5Oc5c(O)cc(O)cc5O6)cc4O)cc2O3)c1,4.377785977033705,0
CHEMBL5872661,Oc1cc(O)cc(Oc2c(O)cc(O)c3c2Oc2c(OCc4ccccc4)cc4oc5c(Oc6cc(O)cc(O)c6)c(O)cc(O)c5c4c2O3)c1,4.634512015109101,0
CHEMBL2413738,Oc1ccc(-c2nc3cc(Cl)ccc3[nH]2)cc1,4.0,0
CHEMBL377740,Oc1ccc(-c2nc3ccccc3[nH]2)cc1,4.0,0
CHEMBL4531167,Oc1ccc(CCOCCCCCNc2c3c(nc4ccccc24)CCCC3)cc1,6.847711655616943,1
CHEMBL4873119,Oc1ccc(CN2CCC(c3cc4ccccc4o3)CC2)cc1,4.457299030551889,0
CHEMBL4572757,Oc1ccc(CNCCCCCCNc2c3c(nc4ccccc24)CCCC3)cc1O,7.5376020021010435,1
CHEMBL4535585,Oc1ccc(CNc2c3c(nc4ccccc24)CCCC3)cc1O,7.0,1
CHEMBL376011,Oc1ccc2[nH]c3cnccc3c2c1,5.0,0
CHEMBL92463,Oc1ccc2c(CCC3CCN(Cc4ccccc4)CC3)noc2c1,7.586034696957087,1
CHEMBL2071427,Oc1ccc2nc3ccccc3nc2c1,4.301029995663981,0
CHEMBL498539,Oc1cccc(C2=Nc3ccccc3SC(c3ccc(Cl)cc3)C2)c1,4.72584215073632,0
CHEMBL508510,Oc1cccc(C2=Nc3ccccc3SC(c3cccc(O)c3)C2)c1,4.148130399270234,0
CHEMBL456156,Oc1cccc(C2=Nc3ccccc3SC(c3ccccc3)C2)c1,4.3979400086720375,0
CHEMBL526476,Oc1cccc(C2=Nc3ccccc3SC(c3ccccc3F)C2)c1,4.151195298948196,0
CHEMBL5072428,Oc1cccc(CCCCCCCCNc2c3c(nc4cc(Cl)ccc24)CCCC3)c1,8.377785977033705,1
CHEMBL5073819,Oc1cccc(CCCCCCCCNc2c3c(nc4ccccc24)CCCC3)c1,7.716698771296451,1
CHEMBL310555,Oc1cccc2cccnc12,7.0,1
CHEMBL4796199,Oc1ccccc1/C=N\C1CCN(Cc2ccccc2)C1,5.0,0
CHEMBL4467284,S=C(CCCCCCCNc1c2c(nc3ccccc13)CCCC2)NCCc1c[nH]c2ccccc12,14.301029995663981,1
CHEMBL4469239,S=C(CCCCCNc1c2c(nc3ccccc13)CCCC2)NCCc1c[nH]c2ccccc12,14.301029995663981,1
CHEMBL6188487,S=C(NCCCCNc1c2c(nc3ccccc13)CCCC2)NCCc1c[nH]c2ccccc12,7.6020599913279625,1
CHEMBL5433139,S=C(NCCCCNc1c2c(nc3ccccc13)CCCC2)Nc1c[nH]c2ccccc12,7.6020599913279625,1
CHEMBL4071394,S=C(NCCN1CCCCC1)Nc1cccc(Cl)c1,3.721246399047171,0
CHEMBL1416246,S=C(NCCN1CCOCC1)Nc1cccc(Cl)c1,3.6989700043360187,0
CHEMBL4458648,S=C(NCc1ccccc1)NNc1c2c(nc3ccccc13)CCCC2,6.661543506395395,1
CHEMBL350496,S=c1c2ccc(Cl)cc2nc2n1CCCCC2,4.0,0
CHEMBL6167437,[2H]C([2H])([2H])Oc1cc(N)c(Cl)cc1C(=O)CCC1CCN(CC2CCCCC2)CC1,7.645891560852599,1
CHEMBL187404,[Br-].[Br-].c1cc(C[n+]2ccc(N3CCCCC3)cc2)cc(-c2cccc(C[n+]3ccc(N4CCCCC4)cc3)c2)c1,7.221848749616356,1
CHEMBL188821,[Br-].[Br-].c1cc(C[n+]2ccc(N3CCCCC3)cc2)ccc1C[n+]1ccc(N2CCCCC2)cc1,7.1249387366083,1
CHEMBL1762001,[Br-].[Br-].c1cc(C[n+]2cccc3ccccc32)cc(C[n+]2cccc3ccccc32)c1,4.3979400086720375,0
CHEMBL3093804,[Br-].[Br-].c1cc[n+](CCCCCCCCCCCC[n+]2cccc3ccccc32)cc1,8.327902142064282,1
CHEMBL3093798,[Br-].[Br-].c1cc[n+](CCCCCCCCCCC[n+]2ccc3ccccc3c2)cc1,7.522878745280337,1
CHEMBL3093803,[Br-].[Br-].c1cc[n+](CCCCCCCCCCC[n+]2cccc3ccccc32)cc1,7.769551078621726,1
CHEMBL3093797,[Br-].[Br-].c1cc[n+](CCCCCCCCCC[n+]2ccc3ccccc3c2)cc1,7.698970004336019,1
CHEMBL3093802,[Br-].[Br-].c1cc[n+](CCCCCCCCCC[n+]2cccc3ccccc32)cc1,8.301029995663981,1
CHEMBL3093796,[Br-].[Br-].c1cc[n+](CCCCCCCCC[n+]2ccc3ccccc3c2)cc1,7.3979400086720375,1
CHEMBL3093801,[Br-].[Br-].c1cc[n+](CCCCCCCCC[n+]2cccc3ccccc32)cc1,6.920818753952375,1
CHEMBL3093795,[Br-].[Br-].c1cc[n+](CCCCCCCC[n+]2ccc3ccccc3c2)cc1,6.853871964321762,1
CHEMBL3093800,[Br-].[Br-].c1cc[n+](CCCCCCCC[n+]2cccc3ccccc32)cc1,6.568636235841013,1
CHEMBL225688,[Br-].[Br-].c1cc[n+](CCCCCCCC[n+]2ccccc2)cc1,4.508638306165727,0
CHEMBL1088155,[Br-].[Br-].c1cc[n+](CCCCCCC[n+]2ccccc2)cc1,3.6179829574251317,0
CHEMBL389283,[Br-].[Br-].c1cc[n+](CCCCCC[n+]2ccccc2)cc1,4.200659450546418,0
CHEMBL1088019,[Br-].[Br-].c1cc[n+](CCCCC[n+]2ccccc2)cc1,2.896196279044043,0
CHEMBL1088018,[Br-].[Br-].c1cc[n+](CCCC[n+]2ccccc2)cc1,3.2967086218813386,0
CHEMBL1081449,[Br-].[Br-].c1cc[n+](CCOCC[n+]2ccccc2)cc1,2.696803942579511,0
CHEMBL1081126,[Br-].[Br-].c1cc[n+](Cc2ccc(C[n+]3ccccc3)cc2)cc1,2.812479279163537,0
CHEMBL1081810,[Br-].[Br-].c1cc[n+](Cc2ccc3ccc(C[n+]4ccccc4)cc3c2)cc1,6.698970004336019,1
CHEMBL1081125,[Br-].[Br-].c1cc[n+](Cc2cccc(C[n+]3ccccc3)c2)cc1,2.6270879970298933,0
CHEMBL1081124,[Br-].[Br-].c1cc[n+](Cc2ccccc2C[n+]2ccccc2)cc1,3.196542884351586,0
CHEMBL1669491,[Br-].[Br-].c1ccc(C[n+]2ccc3ccccc3c2)c(C[n+]2ccc3ccccc3c2)c1,3.6020599913279625,0
CHEMBL1762000,[Br-].[Br-].c1ccc(C[n+]2cccc3ccccc32)c(C[n+]2cccc3ccccc32)c1,4.455931955649724,0
CHEMBL104387,[Br-].[Br-].c1ccc2c(c1)ccc[n+]2CCCCCCCCCCCC[n+]1cccc2ccccc21,7.698970004336019,1
CHEMBL105257,[Br-].[Br-].c1ccc2c(c1)ccc[n+]2CCCCCCCCCCC[n+]1cccc2ccccc21,8.0,1
CHEMBL225577,[Br-].[Br-].c1ccc2c(c1)ccc[n+]2CCCCCCCCCC[n+]1cccc2ccccc21,9.0,1
CHEMBL105017,[Br-].[Br-].c1ccc2c(c1)ccc[n+]2CCCCCCCCC[n+]1cccc2ccccc21,7.096910013008056,1
CHEMBL1761995,[Br-].[Br-].c1ccc2c(c1)ccc[n+]2CCCCCCCC[n+]1cccc2ccccc21,7.096910013008056,1
CHEMBL1761994,[Br-].[Br-].c1ccc2c(c1)ccc[n+]2CCCCCCC[n+]1cccc2ccccc21,7.045757490560675,1
CHEMBL601410,[Br-].[Br-].c1ccc2c(c1)ccc[n+]2CCCCCC[n+]1cccc2ccccc21,4.6020599913279625,0
CHEMBL1761992,[Br-].[Br-].c1ccc2c(c1)ccc[n+]2CCCC[n+]1cccc2ccccc21,4.42021640338319,0
CHEMBL1761997,[Br-].[Br-].c1ccc2c(c1)ccc[n+]2CCOCC[n+]1cccc2ccccc21,4.455931955649724,0
CHEMBL105537,[Br-].[Br-].c1ccc2c[n+](CCCCCCCCCCCC[n+]3ccc4ccccc4c3)ccc2c1,3.8632794328435933,0
CHEMBL104613,[Br-].[Br-].c1ccc2c[n+](CCCCCCCCCCC[n+]3ccc4ccccc4c3)ccc2c1,7.0,1
CHEMBL1643944,[Br-].[Br-].c1ccc2c[n+](CCCCCCCCCC[n+]3ccc4ccccc4c3)ccc2c1,7.301029995663981,1
CHEMBL104553,[Br-].[Br-].c1ccc2c[n+](CCCCCCCCC[n+]3ccc4ccccc4c3)ccc2c1,7.3979400086720375,1
CHEMBL1669486,[Br-].[Br-].c1ccc2c[n+](CCCCCCCC[n+]3ccc4ccccc4c3)ccc2c1,8.301029995663981,1
CHEMBL1669484,[Br-].[Br-].c1ccc2c[n+](CCCCCC[n+]3ccc4ccccc4c3)ccc2c1,6.522878745280337,1
CHEMBL1669483,[Br-].[Br-].c1ccc2c[n+](CCCCC[n+]3ccc4ccccc4c3)ccc2c1,4.886056647693163,0
CHEMBL1669482,[Br-].[Br-].c1ccc2c[n+](CCCC[n+]3ccc4ccccc4c3)ccc2c1,4.443697499232712,0
CHEMBL1669481,[Br-].[Br-].c1ccc2c[n+](CCC[n+]3ccc4ccccc4c3)ccc2c1,3.350665141287858,0
CHEMBL1669488,[Br-].[Br-].c1ccc2c[n+](CCOCC[n+]3ccc4ccccc4c3)ccc2c1,2.8827287043442356,0
CHEMBL1669480,[Br-].[Br-].c1ccc2c[n+](C[n+]3ccc4ccccc4c3)ccc2c1,3.184422251675733,0
CHEMBL1669493,[Br-].[Br-].c1ccc2c[n+](Cc3ccc(C[n+]4ccc5ccccc5c4)cc3)ccc2c1,4.920818753952375,0
CHEMBL1669494,[Br-].[Br-].c1ccc2c[n+](Cc3ccc4ccc(C[n+]5ccc6ccccc6c5)cc4c3)ccc2c1,6.522878745280337,1
CHEMBL1081448,[Cl-].[Cl-].c1cc[n+](COC[n+]2ccccc2)cc1,2.752026733638193,0
CHEMBL1761996,[Cl-].[Cl-].c1ccc2c(c1)ccc[n+]2COC[n+]1cccc2ccccc21,3.378823718224965,0
CHEMBL4176598,[N-]=[N+]=Nc1cc(CN2CCC(C=O)CC2)nc2ccccc12,5.0,0
CHEMBL5591458,[O-]/[N+](=C\c1ccc2cccc(O)c2n1)Cc1ccccc1,7.53024037369069,1
CHEMBL1766147,[O-][S+]1CCN(c2nccc(NCc3ccccc3)n2)CC1,4.899629454882437,0
CHEMBL3323035,c1cc2c(cc1OCCCN1CCCCC1)CN1CCCC1=N2,7.091682250348338,1
CHEMBL5208725,c1cc2c(cc1OCCCN1CCCCC1)CN1CCCCC1=N2,6.647817481888637,1
CHEMBL4173389,c1cc2cc3c(cc2c([C@@H]2Oc4ccc5c(c4O2)OCO5)n1)OCO3,4.0,0
CHEMBL4165471,c1cc2cc3c(cc2c([C@H]2Oc4ccc5c(c4O2)OCO5)n1)OCO3,4.1073489661227,0
CHEMBL356224,c1ccc(-c2cc(-c3ccccc3)c(NCCN3CCOCC3)nn2)cc1,3.585026652029182,0
CHEMBL1083054,c1ccc(-c2ccc(NCCCCCN3Cc4ccccc4CN3)nn2)cc1,5.0,0
CHEMBL25264,c1ccc(-c2ccc(NCCCCN3CCc4ccccc4C3)nn2)cc1,4.823908740944319,0
CHEMBL1085937,c1ccc(-c2ccc(NCCCN3CCOCC3)nn2)cc1,3.3872161432802645,0
CHEMBL1084255,c1ccc(-c2ccc(NCCCN3CCc4ccccc4C3)nn2)cc1,4.455931955649724,0
CHEMBL281588,c1ccc(-c2ccc(NCCN3CCCCC3)nn2)cc1,4.886056647693163,0
CHEMBL151417,c1ccc(-c2ccc(NCCN3CCOCC3)nn2)cc1,3.0,0
CHEMBL1085275,c1ccc(-c2ccc(NCCN3CCc4ccccc4C3)nn2)cc1,4.080921907623926,0
CHEMBL1084542,c1ccc(-c2ccc(NCN3CCCCC3)nc2)cc1,4.886056647693163,0
CHEMBL1084543,c1ccc(-c2cnc(NCN3CCCCC3)nc2)cc1,4.0,0
CHEMBL1084788,c1ccc(-c2cnc(NCN3CCCCC3)nn2)cc1,4.221848749616356,0
CHEMBL1084786,c1ccc(-c2ncc(NCN3CCCCC3)nn2)cc1,4.2441251443275085,0
CHEMBL5594981,c1ccc(-c2nn(-c3ccccc3)cc2-c2nc(-c3ccccc3)c(-c3ccccc3)n2-c2ccccc2)cc1,4.3851027839668655,0
CHEMBL1084787,c1ccc(-c2nnc(NCN3CCCCC3)s2)cc1,4.267606240177032,0
CHEMBL1834074,c1ccc(C(Nc2ccnc(N3CCN(C4CCCCC4)CC3)n2)c2ccccc2)cc1,5.0,0
CHEMBL1834077,c1ccc(C(Nc2ccnc(N3CCNCC3)n2)c2ccccc2)cc1,4.504455662453552,0
CHEMBL1084789,c1ccc(C2=NNC(NCN3CCCCC3)=NC2)cc1,4.327902142064283,0
CHEMBL3234593,c1ccc(CCCCCNc2c3c(nc4ccccc24)CCCC3)nc1,6.823908740944319,1
CHEMBL3234594,c1ccc(CCCCCSc2c3c(nc4ccccc24)CCCC3)nc1,3.886056647693163,0
CHEMBL2396907,c1ccc(CCCNc2nc3ccccc3[nH]2)cc1,4.0,0
CHEMBL1085505,c1ccc(CCNc2ccnc(N3CCOCC3)n2)cc1,4.705533773838407,0
CHEMBL1082979,c1ccc(CCNc2ccnc(N3CCSCC3)n2)cc1,4.578396073130169,0
CHEMBL93241,c1ccc(CN2CCC(CCCc3noc4ccccc34)CC2)cc1,6.546818232205526,1
CHEMBL25412,c1ccc(CN2CCC(CCNc3ccc(-c4ccccc4)nn3)CC2)cc1,6.920818753952375,1
CHEMBL92958,c1ccc(CN2CCC(CCc3n[nH]c4ccccc34)CC2)cc1,6.920656102123243,1
CHEMBL92142,c1ccc(CN2CCC(CCc3nccc4ccccc34)CC2)cc1,6.6581432821038735,1
CHEMBL1651247,c1ccc(CN2CCC(CCc3noc4cc(C5CCCCC5)ccc34)CC2)cc1,9.100015437450608,1
CHEMBL93936,c1ccc(CN2CCC(CCc3noc4cc(N5CCOCC5)ccc34)CC2)cc1,9.096937159806666,1
CHEMBL92460,c1ccc(CN2CCC(CCc3noc4ccccc34)CC2)cc1,7.162792873877389,1
CHEMBL328102,c1ccc(CN2CCC(CCc3nsc4ccccc34)CC2)cc1,7.004686538125876,1
CHEMBL1083367,c1ccc(CN2CCC(CNc3ccc(-c4ccccc4)nn3)CC2)cc1,4.251811972993799,0
CHEMBL1085285,c1ccc(CN2CCC(CNc3n[nH]c4ccccc34)CC2)cc1,6.920818753952375,1
CHEMBL1084703,c1ccc(CN2CCC(CNc3nsc4ccccc34)CC2)cc1,7.00436480540245,1
CHEMBL4437391,c1ccc(CN2CCC(Cn3cc(Cc4cccc5ccccc45)nn3)CC2)cc1,5.0,0
CHEMBL1083058,c1ccc(CN2CCC(Nc3ccc(-c4ccccc4)nn3)CC2)cc1,4.187086643357144,0
CHEMBL2047375,c1ccc(CN2CCC(Nc3nccc(NCc4ccc5c(c4)OCO5)n3)CC2)cc1,4.899629454882437,0
CHEMBL1430084,c1ccc(CN2CCN(c3nc(-c4ccccc4)nc4ccccc34)CC2)cc1,6.718966632752273,1
CHEMBL1712867,c1ccc(CN2CCc3[nH]c4ccccc4c3C2)cc1,4.690369832574101,0
CHEMBL1766018,c1ccc(CNc2ccnc(N3CCN(C4CCCCC4)CC3)n2)cc1,4.640164517660112,0
CHEMBL1766149,c1ccc(CNc2ccnc(N3CCNCC3)n2)cc1,4.809668301829708,0
CHEMBL1085781,c1ccc(CNc2ccnc(N3CCOCC3)n2)cc1,4.853871964321762,0
CHEMBL1086014,c1ccc(CNc2ccnc(N3CCSCC3)n2)cc1,4.634512015109101,0
CHEMBL1766146,c1ccc(CNc2ccnc(NC3CCN(Cc4ccccc4)CC3)n2)cc1,4.906578314837765,0
CHEMBL3393673,c1ccc(COC[C@H]2NC[C@H](OCc3ccccc3)[C@@H](OCc3ccccc3)[C@@H]2OCc2ccccc2)cc1,4.221848749616356,0
CHEMBL3960962,c1ccc(COc2ccc(CN3CCc4ccccc4C3)cc2)cc1,3.6989700043360187,0
CHEMBL1084774,c1ccc(NCCCCCCCCCCCCNc2c3c(nc4ccccc24)CCCC3)cc1,6.583359492661719,1
CHEMBL1429841,c1ccc(Nc2nc3ccccc3[nH]2)nc1,4.0,0
CHEMBL4301645,c1ccc([C@@H]2C[C@H]2NC2CCNCC2)cc1,4.0,0
CHEMBL2413561,c1ccc2[nH]c(-c3ccc(OCCN4CCOCC4)cc3)nc2c1,4.0,0
CHEMBL2396912,c1ccc2[nH]c(N3CCCCC3)nc2c1,4.22767829327708,0
CHEMBL2396911,c1ccc2[nH]c(NC34CC5CC(CC(C5)C3)C4)nc2c1,4.0,0
CHEMBL1834066,c1ccc2c(CNc3ccnc(N4CCNCC4)n3)cccc2c1,4.756961951313706,0
CHEMBL1084211,c1ccc2c(CNc3ccnc(N4CCOCC4)n3)cccc2c1,4.8326826652518236,0
CHEMBL1084212,c1ccc2c(CNc3ccnc(N4CCSCC4)n3)cccc2c1,4.892790030352131,0
CHEMBL3116283,c1ccc2c(COc3nn(CCN4CCCC4)c4ccccc34)cccc2c1,5.0,0
CHEMBL3116284,c1ccc2c(COc3nn(CCN4CCCCC4)c4ccccc34)cccc2c1,5.0,0
CHEMBL3116285,c1ccc2c(COc3nn(Cc4cccc5ccccc45)c4ccccc34)cccc2c1,5.0,0
CHEMBL1819173,c1ccc2c(NCCCCCCCCCCN3CCOCC3)c3c(nc2c1)CCCC3,7.546681659952962,1
CHEMBL1084531,c1ccc2c(NCCCCCCCCCCNc3ccncc3)c3c(nc2c1)CCCC3,6.7544873321858505,1
CHEMBL1819172,c1ccc2c(NCCCCCCCCCN3CCOCC3)c3c(nc2c1)CCCC3,7.468521082957745,1
CHEMBL1082739,c1ccc2c(NCCCCCCCCCNc3c4c(nc5ccccc35)CCCC4)ccnc2c1,7.42021640338319,1
CHEMBL1084530,c1ccc2c(NCCCCCCCCCNc3ccncc3)c3c(nc2c1)CCCC3,7.080921907623926,1
CHEMBL1819171,c1ccc2c(NCCCCCCCCN3CCOCC3)c3c(nc2c1)CCCC3,7.782516055786093,1
CHEMBL74827,c1ccc2c(NCCCCCCCCNc3c4c(nc5ccccc35)CCC4)c3c(nc2c1)CCC3,7.657577319177793,1
CHEMBL75274,c1ccc2c(NCCCCCCCCNc3c4c(nc5ccccc35)CCCC4)c3c(nc2c1)CCCC3,8.795880017344075,1
CHEMBL1082738,c1ccc2c(NCCCCCCCCNc3c4c(nc5ccccc35)CCCC4)ccnc2c1,8.05551732784983,1
CHEMBL306492,c1ccc2c(NCCCCCCCCNc3c4c(nc5ccccc35)CCCCC4)c3c(nc2c1)CCCCC3,8.795880017344075,1
CHEMBL1084096,c1ccc2c(NCCCCCCCCNc3ccncc3)c3c(nc2c1)CCCC3,7.866461091629782,1
CHEMBL1819170,c1ccc2c(NCCCCCCCN3CCOCC3)c3c(nc2c1)CCCC3,7.351639989019068,1
CHEMBL76014,c1ccc2c(NCCCCCCCNc3c4c(nc5ccccc35)CCC4)c3c(nc2c1)CCC3,7.1249387366083,1
CHEMBL32823,c1ccc2c(NCCCCCCCNc3c4c(nc5ccccc35)CCCC4)c3c(nc2c1)CCCC3,9.136257241815418,1
CHEMBL1084775,c1ccc2c(NCCCCCCCNc3c4c(nc5ccccc35)CCCC4)ccnc2c1,7.995678626217358,1
CHEMBL307908,c1ccc2c(NCCCCCCCNc3c4c(nc5ccccc35)CCCCC4)c3c(nc2c1)CCCCC3,8.568636235841012,1
CHEMBL1084369,c1ccc2c(NCCCCCCCNc3ccncc3)c3c(nc2c1)CCCC3,7.892790030352131,1
CHEMBL1819169,c1ccc2c(NCCCCCCN3CCOCC3)c3c(nc2c1)CCCC3,7.161780778092374,1
CHEMBL421501,c1ccc2c(NCCCCCCNc3c4c(nc5ccccc35)CCC4)c3c(nc2c1)CCC3,6.939302159646388,1
CHEMBL73800,c1ccc2c(NCCCCCCNc3c4c(nc5ccccc35)CCCC4)c3c(nc2c1)CCCC3,8.853871964321762,1
CHEMBL1083488,c1ccc2c(NCCCCCCNc3c4c(nc5ncccc35)CCCCC4)c3c(nc2c1)CCCCC3,8.602059991327963,1
CHEMBL4208641,c1ccc2c(NCCCCCSSCCCCCNc3c4c(nc5ccccc35)CCCC4)c3c(nc2c1)CCCC3,8.790484985457368,1
CHEMBL4213042,c1ccc2c(NCCCCC[Se]CCCCCNc3c4c(nc5ccccc35)CCCC4)c3c(nc2c1)CCCC3,8.647817481888637,1
CHEMBL4204315,c1ccc2c(NCCCCC[Se][Se]CCCCCNc3c4c(nc5ccccc35)CCCC4)c3c(nc2c1)CCCC3,8.578396073130168,1
CHEMBL5169560,c1ccc2c(NCCN3CCOCC3)c3c(nc2c1)CCCC3,7.031517051446065,1
CHEMBL235014,c1ccc2c(NCCOCCOCCNc3c4c(nc5ccccc35)CCCC4)c3c(nc2c1)CCCC3,7.705533773838407,1
CHEMBL3235503,c1ccc2c(NCCSSCCNc3c4c(nc5ccccc35)CCCC4)c3c(nc2c1)CCCC3,8.297569463554474,1
CHEMBL15056,c1ccc2c(NCCc3ccc(OCCCN4CCCCC4)cc3)c3c(nc2c1)CCCC3,8.585026652029182,1
CHEMBL4456928,c1ccc2c(NCc3ccc(-c4ccc(CNc5c6c(nc7ccccc57)CCCC6)cc4)cc3)c3c(nc2c1)CCCC3,8.442492798094342,1
CHEMBL5594195,c1ccc2c(c1)-c1ccccc1C2NC1CCCCC1,4.854492828590337,0
CHEMBL2396914,c1ccc2c(c1)CCCN2c1nc2ccccc2[nH]1,4.0,0
CHEMBL5181664,c1ccc2c(c1)CCN1Cc3cc(OCCCN4CCCCC4)ccc3N=C21,6.665546248849069,1
CHEMBL166359,c1ccc2c(c1)CN1CCCCCCCC1=N2,4.869344650977969,0
CHEMBL5208529,c1ccc2c(c1)CN1Cc3cc(OCCCN4CCCCC4)ccc3N=C21,6.847711655616943,1
CHEMBL4167058,c1ccc2c(c1)CN[C@@H](CN(CCCN1CCNCC1)[C@H]1CCCc3cccnc31)C2,4.522878745280337,0
CHEMBL4174290,c1ccc2c(c1)CN[C@@H](CN(CC[C@H]1CCCNC1)[C@H]1CCCc3cccnc31)C2,4.97061622231479,0
CHEMBL1819175,c1ccc2c(c1)Cc1c-2nc2ccccc2c1NCCCCCCCNc1c2c(nc3ccccc13)CCCC2,7.856985199745905,1
CHEMBL1198993,c1ccc2c(c1)[nH]c1c[n+](CCCCCCCCCCCC[n+]3ccc4c(c3)[nH]c3ccccc34)ccc12,4.0655015487564325,0
CHEMBL12540,c1ccc2c(c1)[nH]c1ccncc12,4.669586226650809,0
CHEMBL275224,c1ccc2c(c1)[nH]c1cnccc12,4.3979400086720375,0
CHEMBL3605356,c1ccc2c(c1)c1cnccc1n2CCCCCCCCCn1c2ccccc2c2cnccc21,7.096910013008056,1
CHEMBL31184,c1ccc2c(c1)cc1ccc3cccc4ccc2c1c34,4.552841968657781,0
CHEMBL3116286,c1ccc2cc(COc3nn(CCN4CCCCC4)c4ccccc34)ccc2c1,5.0,0
CHEMBL4863598,c1ccc2oc(C3CCNCC3)cc2c1,4.21339052735134,0
CHEMBL3752384,c1ccc2oc(CN(CCCCCCCNc3c4c(nc5ccccc35)CCC4)Cc3cc4ccccc4o3)cc2c1,6.653647025549361,1
CHEMBL3753360,c1ccc2oc(CN(CCCCCCCNc3c4c(nc5ccccc35)CCCC4)Cc3cc4ccccc4o3)cc2c1,6.931814138253839,1
CHEMBL3754672,c1ccc2oc(CN(CCCCCCCNc3c4c(nc5ccccc35)CCCCC4)Cc3cc4ccccc4o3)cc2c1,6.698970004336019,1
CHEMBL6170750,c1ccc2oc(CNCCCCCCCNc3c4c(cc5ccccc35)CCCC4)cc2c1,9.065501548756432,1
CHEMBL3752543,c1ccc2oc(CNCCCCCCCNc3c4c(nc5ccccc35)CCC4)cc2c1,7.966576244513051,1
CHEMBL3752467,c1ccc2oc(CNCCCCCCCNc3c4c(nc5ccccc35)CCCC4)cc2c1,9.065501548756432,1
CHEMBL3751941,c1ccc2oc(CNCCCCCCNc3c4c(nc5ccccc35)CCC4)cc2c1,7.327902142064283,1
CHEMBL4760940,c1cnc(Nc2nnc(-c3cccc4ccccc34)o2)nc1,6.519993057042849,1
CHEMBL75985,c1cnc2nc3c(c(NCCCCCCCCNc4c5c(nc6ncccc46)CCCC5)c2c1)CCCC3,8.721246399047171,1
CHEMBL76173,c1cnc2nc3c(c(NCCCCCCCNc4c5c(nc6ncccc46)CCCC5)c2c1)CCCC3,8.886056647693163,1
CHEMBL75305,c1cnc2nc3c(c(NCCCCCCNc4c5c(nc6ncccc46)CCCC5)c2c1)CCCC3,8.318758762624412,1
CHEMBL3582232,c1ncc(-c2cc3c(cn2)[nH]c2ncc(-c4ccc(CN5CCCCC5)cc4)cc23)cn1,6.575118363368933,1
